# Alias OBJ Model File
# Exported from SketchUp, (c) 2000-2012 Trimble Navigation Limited
# File units = meters

mtllib skp_to_bj.mtl

g Mesh1 Model

usemtl M_0128_White
v 0.0951598 1.29858 -118.175
vt -3.74645 51.1254
vn 0 0 -1
v 0.234415 1.29858 -118.175
vt -9.22895 51.1254
v 0.234415 1.16138 -118.175
vt -9.22895 45.7235
v 0.0951598 1.16138 -118.175
vt -3.74645 45.7235
f 1/1/1 2/2/1 3/3/1 4/4/1 

v 0.0951598 1.43374 -118.175
vt -3.74645 56.4466
v 0.234415 1.43374 -118.175
vt -9.22895 56.4466
f 5/5/1 6/6/1 2/2/1 1/1/1 

v 0.369575 1.29858 -118.175
vt -14.5502 51.1254
f 6/6/1 7/7/1 2/2/1

v 0.369575 1.16138 -118.175
vt -14.5502 45.7235
f 7/7/1 8/8/1 3/3/1 2/2/1 

v 0 1.29858 -118.175
vt 0 51.1254
f 9/9/1 5/5/1 1/1/1

v 0 1.16138 -118.175
vt 0 45.7235
f 10/10/1 9/9/1 1/1/1 4/4/1 

g Mesh2 Model

v 0.0951598 1.34137 -118.606
vt -3.74645 52.8097
v 0.234415 1.34137 -118.606
vt -9.22895 52.8097
v 0.234415 1.20416 -118.606
vt -9.22895 47.4078
v 0.0951598 1.20416 -118.606
vt -3.74645 47.4078
f 11/11/1 12/12/1 13/13/1 14/14/1 

v 0.0951598 1.47653 -118.606
vt -3.74645 58.1309
v 0.234415 1.47653 -118.606
vt -9.22895 58.1309
f 15/15/1 16/16/1 12/12/1 11/11/1 

v 0.369575 1.34137 -118.606
vt -14.5502 52.8097
f 16/16/1 17/17/1 12/12/1

v 0.369575 1.20416 -118.606
vt -14.5502 47.4078
f 17/17/1 18/18/1 13/13/1 12/12/1 

v 0 1.34137 -118.606
vt 0 52.8097
f 19/19/1 15/15/1 11/11/1

v 0 1.20416 -118.606
vt 0 47.4078
f 20/20/1 19/19/1 11/11/1 14/14/1 

g Mesh3 Model

usemtl FrontColor
v -1.5038e-13 0 -119.634
vt -4710 0
vn -1 0 -0
v -1.5038e-13 0 -100.693
vt -3964.29 0
v -1.5038e-13 18.45 -100.693
vt -3964.29 726.378
v -1.5038e-13 18.45 -119.634
vt -4710 726.378
f 21/21/2 22/22/2 23/23/2 24/24/2 

vt 5.92047e-12 4710
vn 0 -1 -0
v 12.5037 0 -119.634
vt -492.271 4710
v 21.76 0 -119.634
vt -856.693 4710
v 21.76 0 -100.693
vt -856.693 3964.29
vt 5.92047e-12 3964.29
f 21/25/3 25/26/3 26/27/3 27/28/3 22/29/3 

v 12.5037 0 -125.714
vt -492.271 4949.37
v -1.5038e-13 0 -125.714
vt 5.92047e-12 4949.37
f 28/30/3 25/26/3 21/25/3 29/31/3 

g Mesh4 Model

usemtl M_0128_White
v 10.5556 1.97954 -126.424
vt -4977.31 77.9345
vn -1 0 2.57935e-13
v 10.5556 1.84233 -126.424
vt -4977.31 72.5326
v 10.5556 1.84233 -126.329
vt -4973.56 72.5326
v 10.5556 1.97954 -126.329
vt -4973.56 77.9345
f 30/32/4 31/33/4 32/34/4 33/35/4 

v 10.5556 1.97954 -126.189
vt -4968.08 77.9345
vn -1 0 1.03682e-14
v 10.5556 1.84233 -126.189
vt -4968.08 72.5326
f 34/36/5 33/35/5 32/34/5 35/37/5 

v 10.5556 2.1147 -126.189
vt -4968.08 83.2557
v 10.5556 2.1147 -126.329
vt -4973.56 83.2557
f 36/38/5 37/39/5 33/35/5 34/36/5 

vn -1 2.43902e-29 2.57935e-13
f 37/39/6 30/32/6 33/35/6

v 10.5556 1.97954 -126.054
vt -4962.76 77.9345
f 38/40/2 36/38/2 34/36/2

v 10.5556 1.84233 -126.054
vt -4962.76 72.5326
f 39/41/2 38/40/2 34/36/2 35/37/2 

g Mesh5 Model

v 10.5556 2.26722 -128.298
vt -5051.08 89.2607
vn -1 0 3.28027e-13
v 10.5556 2.05637 -128.438
vt -5056.63 80.9595
v 10.5556 2.05637 -128.298
vt -5051.08 80.9595
f 40/42/7 41/43/7 42/44/7

usemtl FrontColor
v 10.5556 1.84233 -128.438
vt -5056.63 72.5326
vn -1 8.09454e-14 2.05017e-13
v 10.5556 1.84233 -128.298
vt -5051.08 72.5326
f 43/45/8 44/46/8 42/44/8 41/43/8 

v 10.5556 2.05637 -128.249
vt -5049.17 80.9595
vn -1 1.45358e-13 1.31275e-13
v 10.5556 1.84233 -128.01
vt -5039.77 72.5326
v 10.5556 2.05637 -128.01
vt -5039.77 80.9595
f 45/47/9 42/44/9 44/46/9 46/48/9 47/49/9 

usemtl M_0128_White
v 10.5556 2.26722 -128.157
vt -5045.55 89.2607
vn -1 -4.6605e-14 1.26395e-13
v 10.5556 2.26722 -128.273
vt -5050.13 89.2607
v 10.5556 2.26722 -128.293
vt -5050.91 89.2607
v 10.5556 2.26722 -128.01
vt -5039.77 89.2607
v 10.5556 2.26722 -128.153
vt -5045.38 89.2607
f 48/50/10 49/51/10 50/52/10 40/42/10 42/44/10 45/47/10 47/49/10 51/53/10 52/54/10 

v 10.5556 2.05637 -127.879
vt -5034.62 80.9595
vn -1 5.81545e-14 -5.11426e-13
v 10.5556 2.05637 -127.925
vt -5036.42 80.9595
f 53/55/11 51/53/11 47/49/11 54/56/11 

usemtl FrontColor
vn -1 3.24726e-15 -3.24756e-13
v 10.5556 1.84233 -127.879
vt -5034.62 72.5326
f 54/56/12 47/49/12 46/48/12 55/57/12 53/55/12 

g Mesh6 Model

usemtl M_0128_White
v 10.5423 2.31407 -131.58
vt -5165.85 89.9596
vn -0.999565 -0.00201895 0.0294314
v 10.5423 2.08958 -131.595
vt -5166.46 81.1213
v 10.5488 2.07442 -131.374
vt -5157.75 80.5243
v 10.5488 2.29891 -131.359
vt -5157.14 89.3626
f 56/58/13 57/59/13 58/60/13 59/61/13 

v 10.5488 1.76363 -131.396
vt -5158.59 68.2885
f 57/59/13 60/62/13 58/60/13

v 10.5556 1.748 -131.168
vt -5149.62 67.6734
v 10.5556 2.05879 -131.146
vt -5148.78 79.9092
f 61/63/13 62/64/13 58/60/13 60/62/13 

v 10.5556 1.74944 -131.167
vt -5149.59 67.73
v 10.5566 1.84233 -131.127
vt -5148 71.387
v 10.5588 2.05121 -131.036
vt -5144.43 79.6107
f 63/65/13 64/66/13 65/67/13 62/64/13 61/63/13 

usemtl FrontColor
v 10.5588 2.27576 -131.021
vt -5143.85 88.4513
v 10.5569 2.28017 -131.086
vt -5146.38 88.6248
v 10.5556 2.28329 -131.131
vt -5148.17 88.7475
f 65/67/13 66/68/13 67/69/13 68/70/13 62/64/13 

v 10.5556 2.50844 -131.116
vt -5147.57 97.612
f 66/68/13 69/71/13 68/70/13 67/69/13 

v 10.5488 2.52005 -131.344
vt -5156.55 98.069
f 70/72/13 59/61/13 68/70/13 69/71/13 

usemtl M_0128_White
f 70/72/13 56/58/13 59/61/13

usemtl FrontColor
f 62/64/13 68/70/13 59/61/13 58/60/13 

g Mesh7 Model

v 25.0871 0.402184 -129.883
vt -3543.08 1922.26
vn -0.698848 0.5 0.51148
v 25.1765 0.594994 -129.95
vt -3543.11 1931.03
v 25.1388 0.594994 -130.001
vt -3545.62 1931.03
v 25.1122 0.594994 -130.038
vt -3547.39 1931.03
v 25.0224 0.402184 -129.972
vt -3547.39 1922.26
f 71/73/14 72/74/14 73/75/14 74/76/14 75/77/14 

vt 2295.7 979.176
vn 0.256934 0.206146 0.944187
v 25.8062 0.104112 -130.014
vt 2324.36 967.184
vt 2299.78 986.934
f 71/78/15 76/79/15 72/80/15

vt 1914.28 4.09888
vn 0.178687 2.04053e-16 0.983906
vt 1885.51 15.834
v 25.8062 -0.107666 -130.014
vt 1914.28 -4.23882
f 76/81/16 71/82/16 77/83/16

usemtl M_0128_White
v 24.898 0.135256 -129.881
vt 1608.62 -383.309
vn 0.123994 -0.0784802 0.989175
vt 1644.75 -392.903
vt 1616.02 -372.768
v 24.9569 0.218295 -129.882
vt 1610.92 -380.03
v 24.8989 0.136522 -129.881
vt 1608.66 -383.259
f 78/84/17 77/85/17 71/86/17 79/87/17 80/88/17 

usemtl FrontColor
v 25.8062 -0.107666 -130.567
vt -5140.43 -982.578
vn -0.25841 -0.966035 1.70767e-14
v 25.8062 -0.107666 -130.522
vt -5138.65 -982.578
v 25.8062 -0.107666 -130.462
vt -5136.32 -982.578
v 25.8062 -0.107666 -130.438
vt -5135.34 -982.578
v 25.8062 -0.107666 -130.153
vt -5124.15 -982.578
v 25.8062 -0.107666 -130.049
vt -5120.03 -982.578
v 25.8062 -0.107666 -130.018
vt -5118.83 -982.578
vt -5118.66 -982.578
vt -5113.42 -945.567
f 81/89/18 82/90/18 83/91/18 84/92/18 85/93/18 86/94/18 87/95/18 77/96/18 78/97/18 

usemtl M_0128_White
vt -5140.43 -4.23882
vt -5138.65 -4.23882
vt -5136.32 -4.23882
vt -5135.34 -4.23882
v 25.8062 0.104112 -130.438
vt -5135.34 4.09888
v 25.8062 0.104112 -130.522
vt -5138.65 4.09888
v 25.8062 0.104112 -130.567
vt -5140.43 4.09888
f 81/98/2 82/99/2 83/100/2 84/101/2 88/102/2 89/103/2 90/104/2 

vt -1015.99 5118.66
vn -1.42928e-16 -1 5.02285e-17
vt -1015.99 5118.83
vt -1015.99 5120.03
vt -1015.99 5124.15
vt -1015.99 5135.34
vt -1015.99 5136.32
vt -1015.99 5138.65
vt -1015.99 5140.43
v 27.0202 -0.107666 -130.464
vt -1063.79 5136.37
v 27.0202 -0.107666 -130.33
vt -1063.79 5131.1
v 27.0202 -0.107666 -130.192
vt -1063.79 5125.68
v 27.0202 -0.107666 -130.098
vt -1063.79 5121.97
f 77/105/19 87/106/19 86/107/19 85/108/19 84/109/19 83/110/19 82/111/19 81/112/19 91/113/19 92/114/19 93/115/19 94/116/19 

vt -5124.15 -4.23882
vn -1 -4.01084e-14 3.24404e-13
vt -5120.03 -4.23882
vt -5118.83 -4.23882
vt -5118.66 -4.23882
vt -5118.66 4.09888
v 25.8062 0.104112 -130.153
vt -5124.15 4.09888
f 85/117/20 86/118/20 87/119/20 77/120/20 76/121/20 95/122/20 

vt -1367.51 -4.23882
vn -0.0691497 0 -0.997606
vt -1367.51 4.09888
v 27.0202 0.0280888 -130.098
vt -1415.42 1.10586
vt -1415.42 -4.23882
f 77/123/21 76/124/21 96/125/21 94/126/21 

vt -1575.21 2755.22
vn -0.0920293 -0.553116 -0.828006
v 25.8062 0.312728 -130.153
vt -1575.81 2765.08
vt -1623.08 2751.63
f 76/127/22 97/128/22 96/129/22

usemtl FrontColor
vt 3545.72 1904.21
vn 0.459803 0.493271 0.73842
vt 3568.1 1881.99
vt 3571 1891.43
f 72/130/23 76/131/23 97/132/23

usemtl M_0128_White
vn -1 0 2.65108e-13
vt -5124.15 12.3121
f 76/121/24 97/133/24 95/122/24

vn -1 3.46772e-14 -7.20819e-15
v 25.8062 0.312728 -130.158
vt -5124.32 12.3121
v 25.8062 0.312728 -130.177
vt -5125.09 12.3121
v 25.8062 0.312728 -130.438
vt -5135.34 12.3121
f 95/122/25 97/133/25 98/134/25 99/135/25 100/136/25 88/102/25 

vt 5124.15 -1006.71
vn 0.123354 0.992363 4.62967e-16
v 27.0202 0.161817 -130.192
vt 5125.68 -1054.88
v 27.0202 0.161817 -130.33
vt 5131.1 -1054.88
vt 5135.34 -1006.71
vt 5125.09 -1006.71
vt 5124.32 -1006.71
f 97/137/26 101/138/26 102/139/26 100/140/26 99/141/26 98/142/26 

vt -1664.94 2848.83
vn -0.0973264 -0.572952 -0.81379
vt -1664.5 2842.41
vt -1617.3 2856.08
f 101/143/27 96/144/27 97/145/27

vt -5121.97 1.10586
vn -1 -2.6941e-29 4.18555e-13
vt -5125.68 6.37077
v 27.0202 0.0280888 -130.192
vt -5125.68 1.10586
f 96/146/28 101/147/28 103/148/28

vn -1 0 -1.43009e-13
vt -5131.1 6.37077
v 27.0202 0.0280888 -130.33
vt -5131.1 1.10586
f 101/147/29 102/149/29 104/150/29 103/148/29 

vn -1 0 1.47343e-13
v 27.0202 0.0280888 -130.464
vt -5136.37 1.10586
f 102/149/30 105/151/30 104/150/30

vt 27.6192 -3659.53
vn 0.148814 0.699233 -0.699233
vt 28.7151 -3666.89
vt 75.2502 -3651.22
f 102/152/31 105/153/31 100/154/31

vt -376.376 -2737.2
vn 0.104671 0.5244 -0.845014
vt -377.003 -2727.56
vt -424.311 -2740.72
f 90/155/32 100/156/32 105/157/32

f 88/102/2 100/136/2 90/104/2 89/103/2 

vt -39.6462 -2724.15
vn 0.15921 0.520571 -0.838843
v 25.0672 0.784926 -130.285
vt -13.1375 -2692.76
vt -40.5966 -2714.53
f 90/158/33 106/159/33 100/160/33

vt -580.341 -2288.96
vn 0.0703975 0.44627 -0.892125
vt -608.468 -2318.91
v 24.8492 0.594994 -130.397
vt -571.437 -2297.32
f 106/161/34 90/162/34 107/163/34

usemtl FrontColor
vt -2384.27 921.003
vn -0.26839 -0.196525 -0.943051
v 24.7594 0.402184 -130.331
vt -2342.09 932.971
vt -2346.2 940.713
f 90/164/35 108/165/35 107/166/35

vt -2078.53 15.834
vn -0.219751 0 -0.975556
vt -2120.77 4.09888
vt -2120.77 -4.23882
f 108/167/36 90/168/36 81/169/36

usemtl M_0128_White
vt 624.9 -4.23882
vn -0.0847027 0 0.996406
vt 624.9 1.10586
vt 576.931 4.09888
vt 576.931 -4.23882
f 91/170/37 105/171/37 90/172/37 81/173/37 

vt -5136.37 -4.23882
vt -5131.1 -4.23882
f 105/151/30 91/174/30 92/175/30 104/150/30 

vt -5125.68 -4.23882
f 103/148/29 104/150/29 92/175/29 93/176/29 

vt 5121.97 -1061.64
vn 0.0624966 0.998045 -2.35472e-15
vt 5125.68 -1061.64
vt 5131.1 -1061.64
vt 5136.37 -1061.64
vt 5140.43 -1013.75
vt 5138.65 -1013.75
vt 5135.34 -1013.75
vt 5124.15 -1013.75
vt 5118.66 -1013.75
f 96/177/38 103/178/38 104/179/38 105/180/38 90/181/38 89/182/38 88/183/38 95/184/38 76/185/38 

vt -5121.97 -4.23882
vn -1 0 4.18555e-13
f 94/186/39 96/146/39 103/148/39 93/176/39 

vn -1 0 -3.4666e-14
f 85/117/40 95/122/40 88/102/40 84/101/40 

vt -3830.64 2273.1
vn -0.45101 -0.6367 -0.625462
v 24.7646 0.135256 -130.063
vt -3785.78 2285.5
vt -3791.78 2299.13
f 81/187/41 109/188/41 108/189/41

usemtl FrontColor
vt -3548.08 -3771.77
vn -0.168453 -0.977969 0.123289
vt -3547.39 -3725.95
vt -3556.29 -3725.95
f 81/190/42 78/191/42 109/192/42

vt 4964.34 1398.29
vn 0.40217 0.889376 0.217418
vt 5005.11 1377.37
v 24.9516 0.125567 -129.94
vt 4967.4 1397.45
v 24.9224 0.130852 -129.908
vt 4965.73 1397.91
f 78/193/43 81/194/43 110/195/43 111/196/43 

usemtl M_0128_White
vt -3547.39 1910.13
v 24.8889 0.402184 -130.154
vt -3556.29 1922.26
vt -3556.29 1910.13
f 78/197/14 75/77/14 112/198/14 109/199/14 

vt -3547.37 1910.18
vt -3546.05 1913.9
f 80/200/14 79/201/14 71/73/14 75/77/14 78/197/14 

usemtl FrontColor
v 25.3313 0.0521472 -129.827
vt 445.605 442.035
vn -0.106434 0.0847993 0.990697
vt 435.81 455.865
vt 430.717 448.6
vt 428.453 445.369
vt 428.418 445.319
f 113/202/44 71/203/44 79/204/44 80/205/44 78/206/44 

v 25.3313 0.448655 -129.936
vt 1808.91 1295.1
vn 0.155597 0.261471 0.952587
vt 1799.09 1293.2
vt 1808.22 1278.92
f 114/207/45 71/208/45 113/209/45

vt 1804.8 1265.06
vn 0.156956 0.255819 0.953898
vt 1814.62 1266.95
vt 1808.7 1272.91
f 71/210/46 114/211/46 72/212/46

v 25.3313 0.918254 -129.936
vt 540.266 36.1517
vn -0.0885744 -1.60193e-18 0.99607
vt 534.146 23.425
vt 540.266 17.6636
f 115/213/47 72/214/47 114/215/47

v 25.2023 0.788374 -130.104
vt 4357.04 1154.67
vn 0.85034 -0.392363 -0.350677
vt 4349.01 1160.23
vt 4351.83 1146.39
f 116/216/48 115/217/48 72/218/48

vt 946.42 -3260.11
vn 0.281075 0.6415 -0.713775
vt 953.563 -3266.78
v 24.4302 1.03675 -130.184
vt 983.011 -3254.03
f 115/219/49 116/220/49 117/221/49

vt 3402.09 -3588.02
vn 0.320216 0.912077 -0.256081
vt 3380.62 -3611.87
vt 3389.51 -3612.2
f 117/222/50 116/223/50 106/224/50

usemtl M_0128_White
vt 3437.2 -2864.63
vn 0.540907 0.730347 -0.417149
vt 3459.06 -2837.41
vt 3450.16 -2837.21
f 97/225/51 106/226/51 116/227/51

vt 5124.15 -849.481
vn 0.538483 0.842637 -7.2767e-15
vt 5124.32 -849.481
vt 5125.09 -849.481
vt 5135.34 -849.481
vt 5129.32 -814.957
f 97/228/52 98/229/52 99/230/52 100/231/52 106/232/52 

usemtl FrontColor
vt -3556.29 1939.66
v 24.9788 0.594994 -130.22
vt -3556.29 1931.03
vt -3547.39 1939.82
f 106/233/14 118/234/14 74/76/14 116/235/14 

usemtl M_0128_White
vt -3564.92 1931.03
f 106/233/14 107/236/14 118/234/14

usemtl FrontColor
vt -708.91 -2404.28
vn 0.0461368 0.468339 -0.882343
vt -692.873 -2384.59
vt -717.712 -2395.82
f 107/237/53 117/238/53 106/239/53

vt -3176.63 40.817
vn -0.452432 0 -0.891799
vt -3195.13 23.425
v 24.4302 0.473283 -130.184
vt -3176.63 18.6332
f 117/240/54 107/241/54 119/242/54

vt 3058.13 477.953
vn 0.42444 0.108766 0.8989
vt 3072.32 475.138
vt 3076.62 482.774
f 119/243/55 108/244/55 107/245/55

vt 3557.74 2242.71
vn 0.432642 0.583151 0.687573
vt 3543.7 2246.15
v 24.4302 0.0521472 -129.827
vt 3536.21 2225.74
v 24.4659 0.0900713 -129.882
vt 3538.54 2227.58
f 108/246/56 119/247/56 120/248/56 121/249/56 

v 23.8534 0.142325 -129.783
vt 1967.44 3075.35
vn 0.157864 0.638709 0.75308
vt 1990.02 3070.73
vt 1992.91 3092.28
f 122/250/57 120/251/57 119/252/57

v 23.8534 0.142325 -129.32
vt 5091.32 -926.974
vn 0.15447 0.987997 -3.58435e-15
v 24.4302 0.0521472 -129.275
vt 5089.57 -949.958
vt 5111.31 -949.958
vt 5109.56 -926.974
f 123/253/58 124/254/58 120/255/58 122/256/58 

vt 545.353 5.60334
vn -0.0767945 -2.04734e-18 0.997047
vt 568.128 2.05304
v 24.4302 0.473283 -129.275
vt 568.128 18.6332
v 24.4302 1.03675 -129.275
vt 568.128 40.817
v 24.4302 1.51693 -129.275
vt 568.128 59.7217
v 23.8534 1.46181 -129.32
vt 545.353 57.5515
v 23.8534 1.24943 -129.32
vt 545.353 49.1901
v 23.8534 0.799591 -129.32
vt 545.353 31.48
v 23.8534 0.50064 -129.32
vt 545.353 19.7102
f 123/257/59 124/258/59 125/259/59 126/260/59 127/261/59 128/262/59 129/263/59 130/264/59 131/265/59 

vt 102.844 -3306.06
vn 0.157864 0.638709 -0.75308
vt 125.427 -3301.45
v 24.4302 0.473283 -128.918
vt 99.9586 -3284.51
f 124/266/60 123/267/60 132/268/60

v 23.8534 0.50064 -129.027
vt 213.848 -3198.05
vn 0.173993 0.62259 -0.76296
vt 190.752 -3199.42
vt 216.407 -3216.07
f 133/269/61 132/270/61 123/271/61

vt -5075.51 -959.857
vn -0.0473779 -0.998877 6.89605e-16
vt -5079.81 -937.123
vt -5091.32 -937.123
v 23.8534 0.50064 -129.783
vt -5109.56 -937.123
v 23.8534 0.50064 -130.075
vt -5121.07 -937.123
vt -5125.37 -959.857
v 24.4302 0.473283 -129.879
vt -5113.33 -959.857
v 24.4302 0.473283 -129.827
vt -5111.31 -959.857
v 24.4302 0.473283 -129.823
vt -5111.14 -959.857
v 24.4302 0.473283 -129.279
vt -5089.74 -959.857
vt -5089.57 -959.857
f 132/272/62 133/273/62 131/274/62 134/275/62 135/276/62 119/277/62 136/278/62 137/279/62 138/280/62 139/281/62 125/282/62 

v 23.8534 0.799591 -128.948
vt 84.1915 -1266.31
vn 0.191564 0.25121 -0.948787
vt 61.6986 -1279.58
vt 84.8082 -1278.47
f 140/283/63 132/284/63 133/285/63

vt -5075.51 -827.961
vn -0.492404 -0.870367 8.05813e-15
vt -5076.69 -801.871
v 23.8534 0.799591 -129.027
vt -5079.81 -801.871
vt -5091.32 -801.871
v 23.8534 0.799591 -129.783
vt -5109.56 -801.871
v 23.8534 0.799591 -130.154
vt -5124.19 -801.871
vt -5125.37 -827.961
vt -5113.33 -827.961
vt -5111.31 -827.961
vt -5111.14 -827.961
vt -5089.74 -827.961
vt -5089.57 -827.961
f 132/286/64 140/287/64 141/288/64 130/289/64 142/290/64 143/291/64 119/292/64 136/293/64 137/294/64 138/295/64 139/296/64 125/297/64 

vt -696.378 18.6332
vn 0.0520417 1.92938e-18 -0.998645
vt -673.639 31.48
v 24.4302 1.03675 -128.918
vt -696.378 40.817
f 132/298/65 140/299/65 144/300/65

vt -302.237 985.824
vn 0.126208 -0.183382 -0.974906
vt -279.566 976.326
v 23.8534 1.24943 -129.033
vt -279.138 994.342
f 144/301/66 140/302/66 145/303/66

vt -5076.69 880.525
vn -0.380291 0.924867 9.50579e-16
vt -5075.51 905.078
v 24.4302 1.03675 -128.922
vt -5075.68 905.078
v 24.4302 1.03675 -129.271
vt -5089.4 905.078
vt -5089.57 905.078
v 24.4302 1.03675 -129.827
vt -5111.31 905.078
v 24.4302 1.03675 -129.831
vt -5111.48 905.078
v 24.4302 1.03675 -130.18
vt -5125.2 905.078
vt -5125.37 905.078
vt -5124.19 880.525
vt -5109.56 880.525
vt -5091.32 880.525
vt -5079.81 880.525
f 140/304/67 144/305/67 146/306/67 147/307/67 126/308/67 148/309/67 149/310/67 150/311/67 117/312/67 143/313/67 142/314/67 130/315/67 141/316/67 

vt -5075.51 40.817
vn -1 2.92658e-16 7.86879e-16
vt -5089.57 59.7217
vt -5089.57 40.817
vt -5089.4 40.817
vt -5075.68 40.817
f 144/317/68 127/318/68 126/319/68 147/320/68 146/321/68 

vt -1341.02 3004.8
vn -0.0604381 -0.595744 -0.800897
vt -1318.72 3015.22
vt -1342.08 3028.33
f 144/322/69 145/323/69 127/324/69

vt 2356.49 3668.05
vn 0.175334 0.791322 0.58572
vt 2376.95 3654.35
vt 2359.73 3681.72
f 145/325/70 144/326/70 128/327/70

vt -5075.51 -888.305
vn -0.345962 -0.938249 1.63044e-16
vt -5080.02 -864.103
v 23.8534 1.24943 -129.173
vt -5085.56 -864.103
vt -5091.32 -864.103
v 23.8534 1.24943 -129.783
vt -5109.56 -864.103
v 23.8534 1.24943 -129.929
vt -5115.31 -864.103
v 23.8534 1.24943 -130.07
vt -5120.85 -864.103
vt -5125.37 -888.305
vt -5125.2 -888.305
vt -5111.48 -888.305
vt -5111.31 -888.305
vt -5089.57 -888.305
vt -5089.4 -888.305
vt -5075.68 -888.305
f 144/328/71 145/329/71 151/330/71 129/331/71 152/332/71 153/333/71 154/334/71 117/335/71 150/336/71 149/337/71 148/338/71 126/339/71 147/340/71 146/341/71 

vt -5080.02 -928.544
vn -0.106423 -0.994321 2.63692e-15
v 22.6351 1.37983 -129.32
vt -5091.32 -880.302
v 22.6351 1.37983 -129.783
vt -5109.56 -880.302
vt -5120.85 -928.544
vt -5115.31 -928.544
vt -5109.56 -928.544
vt -5091.32 -928.544
vt -5085.56 -928.544
f 145/342/72 155/343/72 156/344/72 154/345/72 153/346/72 152/347/72 129/348/72 151/349/72 

vt -163.652 3408.91
vn 0.107027 -0.651883 -0.750729
vt -212.734 3402.14
v 22.6351 0.928958 -128.928
vt -165.828 3385.5
f 155/350/73 145/351/73 157/352/73

vt 426.579 4166.67
vn -0.0540014 0.8026 0.594068
vt 475.373 4158.06
vt 474.35 4172.08
f 155/353/74 145/354/74 128/355/74

vt -460.513 4095.91
vn -0.158329 0.793634 0.587432
vt -415.27 4116.65
vt -418.21 4130.4
v 23.7478 1.41562 -129.286
vt -421.877 4127.41
f 157/356/75 145/357/75 128/358/75 158/359/75 

vt 1074.99 967.077
vn 0.0357101 0.184742 0.982138
vt 1122.96 961.895
vt 1123.08 979.915
f 157/360/76 140/361/76 145/362/76

vt 1199.26 1606.98
vn 0.048884 0.314061 0.948144
vt 1151.32 1612.34
v 22.6351 0.715055 -128.857
vt 1151.17 1603.47
f 140/363/77 157/364/77 159/365/77

vt -5076.69 -930.538
vn -0.105586 -0.99441 1.09836e-15
vt -5075.91 -882.301
v 22.6351 0.928958 -128.973
vt -5077.69 -882.301
v 22.6351 0.928958 -129.32
vt -5091.32 -882.301
v 22.6351 0.928958 -129.783
vt -5109.56 -882.301
v 22.6351 0.928958 -130.129
vt -5123.19 -882.301
v 22.6351 0.928958 -130.174
vt -5124.97 -882.301
vt -5124.19 -930.538
vt -5109.56 -930.538
vt -5091.32 -930.538
vt -5079.81 -930.538
f 140/366/78 157/367/78 160/368/78 161/369/78 162/370/78 163/371/78 164/372/78 143/373/78 142/374/78 130/375/78 141/376/78 

vt 5091.32 -751.945
vn 0.502752 0.864431 5.78807e-16
vt 5109.56 -751.945
vt 5123.19 -751.945
v 22.138 1.21808 -129.794
vt 5110.01 -729.304
v 22.0908 1.24552 -129.758
vt 5108.59 -727.156
v 22.0908 1.24552 -129.344
vt 5092.29 -727.156
v 22.138 1.21808 -129.308
vt 5090.87 -729.304
vt 5075.91 -751.945
vt 5077.69 -751.945
f 161/377/79 162/378/79 163/379/79 165/380/79 166/381/79 167/382/79 168/383/79 157/384/79 160/385/79 

v 22.6351 0.715171 -129.32
vt -5091.32 28.1563
vn -1 -1.13484e-30 8.63457e-14
vt -5091.32 36.5731
vt -5109.56 36.5731
v 22.6351 0.715171 -129.783
vt -5109.56 28.1563
f 169/386/80 161/387/80 162/388/80 170/389/80 

vt -5073.12 28.1518
vn -1 -1.26633e-29 -4.94343e-14
f 159/390/81 161/387/81 169/386/81

vn -1 -1.59591e-13 -1.22533e-13
vt -5075.91 36.5731
vt -5077.69 36.5731
f 161/387/82 159/390/82 157/391/82 160/392/82 

vt 3392.6 1092.55
vn 0.498602 0.272564 0.822864
v 22.5511 0.441841 -128.716
vt 3385.44 1072.62
vt 3391.15 1083.8
f 157/393/83 171/394/83 159/395/83

vt 1477.86 1916.76
vn 0.107963 0.381388 0.918089
v 22.3017 0.441841 -128.686
vt 1463.72 1896.01
vt 1473.61 1896.01
f 157/396/84 172/397/84 171/398/84

vt -281.347 2772.51
vn -0.189291 0.537149 0.821973
vt -270.692 2795.25
v 22.0908 0.729787 -128.923
vt -291.532 2785.95
f 172/399/85 157/400/85 173/401/85

usemtl M_0128_White
vt 667.102 3282.54
vn 0.227148 -0.638511 -0.735328
v 22.6056 1.34462 -129.298
vt 652.092 3313.99
v 22.6154 1.35636 -129.305
vt 651.806 3314.59
vt 651.233 3315.79
vt 646.683 3292.73
f 173/402/86 174/403/86 175/404/86 155/405/86 157/406/86 

vt 353.987 3243.21
vn 0.187556 -0.621024 -0.76102
vt 370.135 3212.33
vt 374.1 3238.23
vt 353.062 3244.98
vt 353.679 3243.8
f 174/407/87 173/408/87 167/409/87 155/410/87 175/411/87 

vt 581.941 3205.17
vn 0.219053 -0.616889 -0.755953
vt 579.762 3203.8
vt 556.8 3189.33
vt 577.33 3179.37
f 167/412/88 168/413/88 157/414/88 173/415/88 

vt -436.562 3349.61
vn -0.192181 0.643428 0.740991
vt -434.407 3348.2
vt -411.707 3333.33
vt -415.577 3356.52
f 167/416/89 168/417/89 157/418/89 155/419/89 

usemtl FrontColor
vt 640.563 3408.56
vn -0.0440713 0.655012 0.754332
vt 592.677 3404.29
vt 593.576 3380.8
vt 636.491 3406.16
f 128/420/90 155/421/90 157/422/90 158/423/90 

vt -5091.32 892.781
vn -0.0671313 0.997744 3.24017e-15
vt -5091.32 940.857
v 23.8534 1.46181 -129.369
vt -5093.25 940.857
v 23.8534 1.46181 -129.373
vt -5093.42 940.857
v 23.8534 1.46181 -129.729
vt -5107.46 940.857
v 23.8534 1.46181 -129.734
vt -5107.63 940.857
v 23.8534 1.46181 -129.783
vt -5109.56 940.857
vt -5109.56 892.781
f 155/424/91 128/425/91 176/426/91 177/427/91 178/428/91 179/429/91 180/430/91 156/431/91 

v 22.6351 0.127484 -129.32
vt 891.144 5.01904
vn -5.62798e-14 1.62545e-30 1
vt 939.112 5.60334
vt 939.112 19.7102
vt 939.112 31.48
vt 939.112 49.1901
vt 939.112 57.5515
vt 891.144 54.3241
vt 891.144 36.5731
vt 891.144 28.1563
f 181/432/92 123/433/92 131/434/92 130/435/92 129/436/92 128/437/92 155/438/92 161/439/92 169/440/92 

v 22.6454 0.362423 -129.079
vt -954.98 -3620.61
vn -0.00872228 0.716047 -0.697998
vt -1002.66 -3633.03
vt -954.692 -3633.86
f 182/441/93 123/442/93 181/443/93

vt -1195.84 -3177.89
vn -0.0392723 0.631746 -0.77418
vt -1147.86 -3166.71
vt -1195.26 -3159.69
f 123/444/94 182/445/94 133/446/94

vt -1269.38 -3570.8
vn -0.052244 0.716028 -0.696114
vt -1316.65 -3563
vt -1269.68 -3584.05
f 182/447/95 133/448/95 181/449/95

vt -1086.61 -2665.96
vn -0.0246666 0.531187 -0.846896
vt -1039.12 -2672.38
vt -1038.46 -2656
f 133/450/96 182/451/96 159/452/96

usemtl M_0128_White
v 22.6634 0.392858 -128.945
vt 4863.91 -206.278
vn 0.97833 0.129913 -0.161226
vt 4869.23 -207.486
vt 4860.7 -193.484
f 183/453/97 182/454/97 159/455/97

usemtl FrontColor
vt -1478.96 -4819.09
vn -0.0256525 0.97558 -0.218142
v 22.5013 0.362423 -129.062
vt -1473.25 -4819.09
v 22.5195 0.392858 -128.928
vt -1473.34 -4813.64
v 22.6423 0.392858 -128.942
vt -1478.21 -4813.64
vt -1479.05 -4813.64
f 182/456/98 184/457/98 185/458/98 186/459/98 183/460/98 

vt -1478.96 -120.211
vn -0.116747 0.0272054 -0.992789
v 22.5545 0.117788 -129.075
vt -1475.39 -129.846
vt -1473.25 -120.211
f 182/461/99 187/462/99 184/463/99

vt -5115.26 -208.837
vn -0.900542 0.329915 -0.283162
vt -5124.18 -218.636
vt -5114.04 -219.04
f 182/464/100 181/465/100 187/466/100

vt -5048.48 5.01904
vn -0.999082 -4.23881e-19 0.0428336
vt -5038.98 14.2686
vt -5048.48 28.1563
f 181/467/101 182/468/101 169/469/101

vt -1479.66 -3538.67
vn -0.0816219 0.715245 -0.694091
v 22.0793 0.362423 -129.012
vt -1456.52 -3525.44
v 22.2519 0.362423 -129.032
vt -1463.36 -3525.44
vt -1473.25 -3525.44
vt -1478.96 -3525.44
f 181/470/102 188/471/102 189/472/102 184/473/102 182/474/102 

usemtl M_0128_White
vt 5056.49 926.875
vn 0.468997 0.862864 0.188436
vt 5037.1 945.175
vt 5046.36 926.12
f 181/475/103 188/476/103 187/477/103

v 22.0908 0.0932597 -129.344
vt -1034.1 -3926.76
vn -0.020406 0.776273 -0.630067
vt -1033.22 -3909.95
vt -1055.48 -3924.63
f 190/478/104 188/479/104 181/480/104

usemtl FrontColor
vt -1569 -3643.57
vn -0.307762 -0.744256 0.592761
v 21.8526 0.142964 -129.405
vt -1584.05 -3656.5
vt -1574.62 -3659.43
f 188/481/105 191/482/105 190/483/105

v 21.8526 0.515927 -129.257
vt -3576.48 -838.019
vn -0.781819 -0.230528 0.579324
vt -3581.17 -853.109
vt -3563.42 -844.23
f 192/484/106 191/485/106 188/486/106

vt -5094.7 5.6285
vt -5088.85 20.3121
v 21.8526 0.515927 -129.405
vt -5094.7 20.3121
f 191/487/2 192/488/2 193/489/2

v 21.8526 0.721131 -129.405
vt -5094.7 28.391
f 193/489/2 192/488/2 194/490/2

usemtl M_0128_White
vt 4202.1 935.572
vn 0.856796 -0.302191 -0.417829
vt 4180.93 935.93
vt 4196.85 927.097
f 194/491/107 173/492/107 192/493/107

vt 4182.88 1037.53
vn 0.846702 -0.336396 -0.412229
vt 4204.05 1037.16
vt 4197.77 1059.09
f 173/494/108 194/495/108 167/496/108

usemtl FrontColor
vt 5094.7 381.613
vn 0.910498 -0.413514 3.75864e-14
v 21.8526 0.721131 -129.697
vt 5106.18 381.613
vt 5108.59 404.287
vt 5092.29 404.287
f 194/497/109 195/498/109 166/499/109 167/500/109 

vn -1 -5.32604e-29 -1.07655e-13
vt -5106.18 28.391
v 21.8526 0.515927 -129.697
vt -5106.18 20.3121
v 21.8526 0.515927 -129.641
vt -5103.99 20.3121
v 21.8526 0.515927 -129.461
vt -5096.89 20.3121
f 193/489/110 194/490/110 195/501/110 196/502/110 197/503/110 198/504/110 

usemtl M_0128_White
vt 4470.06 28.391
vn 0.936577 1.73455e-18 -0.350462
v 21.8628 0.553404 -129.378
vt 4468.91 21.7876
vt 4470.06 5.6285
vt 4470.06 20.3121
f 194/505/111 199/506/111 191/507/111 193/508/111 

vt 1671.3 574.406
vn 0.47361 -0.113084 -0.873445
vt 1672.17 581.052
vt 1662.77 601.83
f 199/509/112 194/510/112 167/511/112

vt -99.9049 21.7876
vn 0.147521 -2.47662e-18 -0.989059
vt -108.979 49.0362
v 22.0908 0.729787 -129.344
vt -108.979 28.7318
v 22.0908 0.282325 -129.344
vt -108.979 11.1152
f 199/512/113 167/513/113 200/514/113 201/515/113 

vt -660.951 5.01904
vn 0.0450354 0 -0.998985
vt -639.5 3.67164
vt -639.5 11.1152
vt -639.5 28.7318
vt -639.5 49.0362
vt -660.951 54.3241
vt -660.951 36.5731
vt -660.951 28.1563
f 181/516/114 190/517/114 201/518/114 200/519/114 167/520/114 155/521/114 161/522/114 169/523/114 

usemtl FrontColor
vt -5091.32 889.703
vn -0.0627536 0.998029 3.64636e-15
v 22.6351 0.127484 -129.783
vt -5109.56 889.703
v 22.0908 0.0932597 -129.758
vt -5108.59 868.232
v 22.0908 0.0932597 -129.697
vt -5106.18 868.232
v 22.0908 0.0932597 -129.405
vt -5094.7 868.232
vt -5092.29 868.232
f 181/524/115 202/525/115 203/526/115 204/527/115 205/528/115 190/529/115 

vt -5091.32 891.139
vn -0.0121803 0.999926 1.42531e-15
vt -5091.32 939.11
vt -5109.56 939.11
vt -5109.56 891.139
f 181/530/116 123/531/116 122/532/116 202/533/116 

vt -989.671 -3208.4
vn -0.0077011 0.632214 -0.774755
vt -941.706 -3209.16
vt -989.556 -3190.2
f 123/534/117 181/535/117 133/536/117

usemtl M_0128_White
vt -5079.81 19.7102
vn -1 5.63615e-30 -8.79423e-14
vt -5091.32 19.7102
vt -5091.32 5.60334
f 133/537/118 131/538/118 123/539/118

vn -1 3.27781e-15 -8.27765e-14
vt -5076.69 31.48
vt -5079.81 31.48
vt -5091.32 31.48
f 131/538/119 133/537/119 140/540/119 141/541/119 130/542/119 

usemtl FrontColor
vt 1356.65 -1239.47
vn 0.0894562 -0.254924 0.962814
vt 1405.03 -1248.2
vt 1404.74 -1236.03
f 159/543/120 133/544/120 140/545/120

vt -5085.56 49.1901
vn -1 -1.2162e-14 -8.34876e-14
vt -5091.32 49.1901
vt -5080.02 49.1901
f 151/546/121 129/547/121 130/542/121 141/541/121 140/540/121 145/548/121 

vt -5091.32 57.5515
vn -1 1.94156e-14 -9.01744e-14
f 128/549/122 129/547/122 151/546/122 145/548/122 

vt -5109.56 57.5515
vn -1 -4.0358e-14 2.00418e-14
vt -5109.56 49.1901
vt -5093.25 57.5515
vt -5093.42 57.5515
vt -5107.46 57.5515
vt -5107.63 57.5515
f 180/550/123 152/551/123 129/547/123 128/549/123 176/552/123 177/553/123 178/554/123 179/555/123 

vn -3.75199e-14 -8.12726e-31 1
f 202/432/124 122/433/124 134/434/124 142/435/124 152/436/124 180/437/124 156/438/124 162/439/124 170/440/124 

vt 875.194 3670.71
vn -0.00872228 0.716047 0.697998
v 22.6454 0.362423 -130.024
vt 827.518 3683.12
vt 827.23 3669.87
f 122/556/125 206/557/125 202/558/125

vt 631.063 3269.37
vn -0.0392723 0.631746 0.77418
vt 679.043 3258.2
vt 678.46 3276.39
f 206/559/126 122/560/126 135/561/126

vt -888.279 3240.42
vn 0.0077011 -0.632214 -0.774755
vt -840.314 3239.67
vt -888.164 3258.63
f 122/562/127 202/563/127 135/564/127

vt 553.215 3720.63
vn -0.052244 0.716028 0.696114
vt 505.939 3712.84
vt 506.244 3699.59
f 135/565/128 206/566/128 202/567/128

vt 742.139 2743.89
vn -0.0246666 0.531187 0.846896
vt 789.621 2750.31
v 22.6351 0.715055 -130.245
vt 741.479 2760.28
f 206/568/129 135/569/129 207/570/129

vt -461.32 1341.09
vn 0.0894562 -0.254924 -0.962814
vt -412.94 1349.82
vt -461.032 1353.26
f 135/571/130 207/572/130 143/573/130

vt -626.081 -1587.11
vn 0.048884 0.314061 -0.948144
vt -674.026 -1592.47
vt -625.938 -1595.98
f 164/574/131 143/575/131 207/576/131

vt -752.302 -921.395
vn 0.0357101 0.184742 -0.982138
vt -704.337 -916.213
vt -752.423 -903.375
f 143/577/132 164/578/132 154/579/132

vt -1603.37 -3174.31
vn -0.107027 0.651883 -0.750729
vt -1652.45 -3181.08
vt -1605.55 -3197.72
f 156/580/133 154/581/133 164/582/133

vt -1398.84 -3995.55
vn -0.0540014 0.8026 -0.594068
vt -1350.04 -3986.94
vt -1397.81 -3981.53
f 154/583/134 156/584/134 180/585/134

vt -1951.35 -3806.48
vn -0.121726 0.797796 -0.590512
v 24.4302 1.51693 -129.827
vt -1973.95 -3802.88
vt -1953.63 -3820.35
f 180/586/135 208/587/135 154/588/135

vt 1700.31 -2864.98
vn 0.118008 -0.592665 0.796758
vt 1677.59 -2867.68
vt 1702.37 -2888.45
f 208/589/136 180/590/136 117/591/136

vt -5111.31 963.139
vn -0.0951349 0.995464 2.27584e-15
vt -5109.56 940.328
vt -5107.63 940.328
vt -5107.46 940.328
vt -5093.42 940.328
vt -5093.25 940.328
vt -5091.32 940.328
vt -5089.57 963.139
f 208/592/137 180/593/137 179/594/137 178/595/137 177/596/137 176/597/137 128/598/137 127/599/137 

vt -1351.5 2.05304
vn -0.0767945 -1.07055e-18 -0.997047
vt -1328.72 5.60334
vt -1328.72 19.7102
vt -1328.72 31.48
vt -1328.72 49.1901
vt -1328.72 57.5515
vt -1351.5 59.7217
v 24.4302 1.4769 -129.827
vt -1351.5 58.1457
v 24.4302 1.38785 -129.827
vt -1351.5 54.6399
vt -1351.5 40.817
vt -1351.5 18.6332
f 120/600/138 122/601/138 134/602/138 142/603/138 152/604/138 180/605/138 208/606/138 209/607/138 210/608/138 148/609/138 137/610/138 

vn -1 0 3.70053e-14
vt -5109.56 19.7102
vt -5109.56 5.60334
f 123/539/139 131/538/139 134/611/139 122/612/139 

vt -5109.56 31.48
vn -1 -2.10686e-30 3.70053e-14
f 142/613/140 134/611/140 131/538/140 130/542/140 

usemtl M_0128_White
vt -5121.07 19.7102
vn -1 -2.53349e-14 9.73909e-14
vt -5124.19 31.48
f 135/614/141 134/611/141 142/613/141 143/615/141 

vn -1 -5.63615e-30 6.83996e-14
f 134/611/142 135/614/142 122/612/142

usemtl FrontColor
vt 2077.33 2992.57
vn 0.173993 0.62259 0.76296
vt 2054.23 2993.94
vt 2051.67 2975.92
f 119/616/143 135/617/143 122/618/143

vt 1957.16 1232.29
vn 0.191564 0.25121 0.948787
vt 1934.66 1245.56
vt 1934.05 1233.4
f 119/619/144 143/620/144 135/621/144

vt 1204.51 31.48
vn 0.0520417 1.28625e-18 0.998645
vt 1227.25 18.6332
vt 1227.25 40.817
f 143/622/145 119/623/145 117/624/145

usemtl M_0128_White
vt -5111.31 40.817
vn -1 6.62454e-16 -3.61361e-14
vt -5111.48 40.817
vt -5125.2 40.817
vt -5125.37 40.817
vt -5125.37 18.6332
vt -5113.33 18.6332
vt -5111.31 18.6332
f 148/625/146 149/626/146 150/627/146 117/628/146 119/629/146 136/630/146 137/631/146 

usemtl FrontColor
vn -1 -2.55938e-14 -3.35295e-14
vt -5111.31 54.6399
vt -5111.31 58.1457
vt -5111.31 59.7217
f 149/626/147 148/625/147 210/632/147 209/633/147 208/634/147 117/628/147 150/627/147 

vt 5075.51 -948.288
vn 0.130382 0.991464 6.23376e-16
v 25.3313 0.918254 -129.17
vt 5085.43 -984.07
v 25.3313 0.918254 -129.275
vt 5089.57 -984.07
v 25.3313 0.918254 -129.827
vt 5111.31 -984.07
vt 5115.59 -984.07
vt 5125.37 -948.288
vt 5125.2 -948.288
vt 5111.48 -948.288
vt 5111.31 -948.288
vt 5089.57 -948.288
vt 5089.4 -948.288
vt 5075.68 -948.288
f 144/635/148 211/636/148 212/637/148 213/638/148 115/639/148 117/640/148 150/641/148 149/642/148 148/643/148 126/644/148 147/645/148 146/646/148 

v 25.2023 0.788374 -128.95
vt -2968.59 3211.86
vn -0.267077 -0.753374 -0.600914
vt -2940.31 3226.73
vt -2976.75 3219.63
f 214/647/149 144/648/149 211/649/149

vt -4560.15 2248.48
vn -0.306002 -0.919798 -0.245631
vt -4580.15 2223.56
v 25.0672 0.784926 -128.769
vt -4571.26 2223.21
f 144/650/150 214/651/150 215/652/150

usemtl M_0128_White
vt 4617.17 1711.48
vn 0.540907 0.730347 0.417149
v 25.8062 0.312728 -128.9
vt 4639.03 1684.27
vt 4626.07 1711.68
f 215/653/151 216/654/151 214/655/151

vt 5074.8 -849.481
vn 0.538483 0.842637 -6.15849e-14
vt 5069.63 -814.957
v 25.8062 0.312728 -128.616
vt 5063.61 -849.481
v 25.8062 0.312728 -128.757
vt 5069.16 -849.481
v 25.8062 0.312728 -128.761
vt 5069.33 -849.481
v 25.8062 0.312728 -128.876
vt 5073.85 -849.481
v 25.8062 0.312728 -128.896
vt 5074.63 -849.481
f 216/656/152 215/657/152 217/658/152 218/659/152 219/660/152 220/661/152 221/662/152 

vt 1914.91 2523.4
vn 0.15921 0.520571 0.838843
v 25.8062 0.104112 -128.486
vt 1941.42 2492.01
vt 1942.37 2501.63
f 215/663/153 222/664/153 217/665/153

vt 1410.77 2218.47
vn 0.0703975 0.44627 0.892125
vt 1382.64 2248.42
v 24.8492 0.594994 -128.656
vt 1373.74 2240.06
f 222/666/154 215/667/154 223/668/154

vt -4665.22 -1080.75
vn -0.698848 0.5 -0.51148
vt -4673.86 -1072.12
v 24.9788 0.594994 -128.833
vt -4673.86 -1080.75
f 223/669/155 215/670/155 224/671/155

usemtl FrontColor
vt 983.473 2608.2
vn -0.000581717 0.509162 0.860671
vt 958.389 2619.71
vt 974.892 2599.51
f 215/672/156 144/673/156 223/674/156

vt -1872.27 18.6332
vn -0.529626 0 0.848232
vt -1852.83 23.425
vt -1872.27 40.817
f 132/675/157 223/676/157 144/677/157

vt -1793.96 -215.751
vn -0.518605 -0.0494427 0.853583
vt -1813.41 -220.548
v 24.7594 0.402184 -128.722
vt -1798.33 -223.351
f 223/678/158 132/679/158 225/680/158

vt -2461.8 -2801.51
vn -0.495754 -0.620084 0.60805
v 24.7646 0.135256 -128.99
vt -2453.39 -2818.47
vt -2446.88 -2805.08
f 132/681/159 226/682/159 225/683/159

vt -1939.45 -2788.63
vn -0.439608 -0.580967 0.684998
vt -1922.31 -2784.61
vt -1931.85 -2768.26
f 124/684/160 226/685/160 132/686/160

v 24.898 0.135256 -129.172
vt -4682.75 -2172.78
vn -0.150382 0.982482 -0.110063
vt -4675.14 -2190.34
vt -4673.86 -2172.78
f 227/687/161 124/688/161 226/689/161

vt -961.82 -3955.33
vn -1.59565e-14 0.777398 -0.629009
vt -980.237 -3950.13
v 25.3313 0.0521472 -129.275
vt -997.296 -3955.33
f 124/690/162 227/691/162 228/692/162

v 25.0871 0.402184 -129.17
vt -1998.42 -707.009
vn -0.200456 0.151201 -0.967965
vt -2008.68 -720.951
vt -1991.15 -717.641
v 24.928 0.177532 -129.172
vt -1992.3 -715.957
v 24.9569 0.218295 -129.172
vt -1993.41 -714.333
v 25.0777 0.388812 -129.17
vt -1998.06 -707.542
f 229/693/163 228/694/163 227/695/163 230/696/163 231/697/163 232/698/163 

vt -1252.8 -1287.62
vn -0.0487661 0.256241 -0.965382
vt -1242.99 -1273.36
v 25.3313 0.448655 -129.17
vt -1252.59 -1271.47
f 228/699/164 229/700/164 233/701/164

vt -1359.37 -1746.63
vn -0.0670992 0.352573 -0.933376
vt -1349.78 -1748.58
v 25.1765 0.594994 -129.103
vt -1353.11 -1740.47
f 233/702/165 229/703/165 234/704/165

vt -4687.04 -1080.75
vt -4687.07 -1089.52
v 25.0224 0.402184 -129.081
vt -4682.75 -1089.52
v 25.1122 0.594994 -129.016
vt -4682.75 -1080.75
v 25.1388 0.594994 -129.052
vt -4684.53 -1080.75
f 234/705/155 229/706/155 235/707/155 236/708/155 237/709/155 

v 25.8062 0.104112 -129.039
vt 353.606 -1061.52
vn 0.256934 0.206146 -0.944187
vt 382.27 -1049.52
vt 378.19 -1041.77
f 238/710/166 229/711/166 234/712/166

v 25.8062 -0.107666 -129.039
vt -91.8551 -4.23882
vn 0.178687 4.08106e-16 -0.983906
vt -63.0845 15.834
vt -91.8551 4.09888
f 239/713/167 229/714/167 238/715/167

vt -376.226 401.298
vn 0.123994 -0.0784802 -0.989175
vt -340.098 410.891
vt -341.27 412.561
vt -342.4 414.17
vt -347.128 420.904
vt -347.498 421.432
f 239/716/168 227/717/168 230/718/168 231/719/168 232/720/168 229/721/168 

vt -4699.64 2087.77
vn -0.231431 -0.957992 -0.169382
vt -4673.86 2121.11
vt -4682.75 2121.11
f 239/722/169 226/723/169 227/724/169

v 25.8062 -0.107666 -128.486
vt -5058.51 -990.4
vn -0.227127 -0.973865 1.12011e-14
vt -5078.35 -948.292
vt -5080.29 -990.4
v 25.8062 -0.107666 -129.004
vt -5078.92 -990.4
v 25.8062 -0.107666 -128.956
vt -5077.03 -990.4
v 25.8062 -0.107666 -128.9
vt -5074.82 -990.4
v 25.8062 -0.107666 -128.9
vt -5074.8 -990.4
v 25.8062 -0.107666 -128.897
vt -5074.69 -990.4
v 25.8062 -0.107666 -128.896
vt -5074.65 -990.4
v 25.8062 -0.107666 -128.866
vt -5073.45 -990.4
v 25.8062 -0.107666 -128.852
vt -5072.91 -990.4
v 25.8062 -0.107666 -128.616
vt -5063.61 -990.4
v 25.8062 -0.107666 -128.591
vt -5062.63 -990.4
v 25.8062 -0.107666 -128.531
vt -5060.29 -990.4
f 240/725/170 226/726/170 239/727/170 241/728/170 242/729/170 243/730/170 244/731/170 245/732/170 246/733/170 247/734/170 248/735/170 249/736/170 250/737/170 251/738/170 

usemtl M_0128_White
vt -2179.41 -2981.63
vn -0.45101 -0.6367 0.625462
vt -2134.55 -2994.03
vt -2173.41 -2968
f 226/739/171 240/740/171 225/741/171

usemtl FrontColor
vt -120.457 4.09888
vn -0.219751 -3.8184e-16 0.975556
vt -162.7 15.834
vt -120.457 -4.23882
f 222/742/172 225/743/172 240/744/172

vt -449.651 -994.821
vn -0.26839 -0.196525 0.943051
vt -407.473 -1006.79
vt -445.541 -987.079
f 225/745/173 222/746/173 223/747/173

usemtl M_0128_White
vt -4665.22 -1089.52
v 24.8889 0.402184 -128.899
vt -4673.86 -1089.52
f 225/748/155 223/669/155 224/671/155 252/749/155 

usemtl FrontColor
f 236/708/155 235/707/155 252/749/155 224/671/155 

usemtl M_0128_White
vt -4682.75 -1101.65
vt -4673.86 -1101.65
f 235/707/155 227/750/155 226/751/155 252/749/155 

vt -4683.44 -1099.73
vt -4686.85 -1090.13
vt -4684.09 -1097.88
f 230/752/155 227/750/155 235/707/155 229/706/155 232/753/155 231/754/155 

f 226/751/155 225/748/155 252/749/155

usemtl FrontColor
vt -4682.75 -1071.96
f 224/671/155 215/670/155 214/755/155 236/708/155 

usemtl Color_M00
vt 4617.4 1904.14
vn 0.451249 0.820036 0.352015
vt 4613.15 1936.86
vt 4604.25 1936.63
f 217/756/174 214/757/174 215/758/174

usemtl FrontColor
vt 5069.16 -790.508
vn 0.618779 0.785565 -7.10796e-14
vt 5069.33 -790.508
vt 5073.85 -790.508
vt 5074.63 -790.508
vt 5074.8 -790.508
vt 5076.76 -760.245
vt 5063.61 -790.508
f 218/759/175 219/760/175 220/761/175 221/762/175 216/763/175 214/764/175 217/765/175 

usemtl M_0128_White
vt -5069.33 12.3121
vn -1 -1.63684e-14 9.4802e-14
vt -5073.85 12.3121
vt -5074.63 12.3121
vt -5074.8 12.3121
v 25.8062 0.104112 -128.9
vt -5074.8 4.09888
v 25.8062 0.104112 -128.852
vt -5072.91 4.09888
v 25.8062 0.104112 -128.616
vt -5063.61 4.09888
vt -5063.61 12.3121
vt -5069.16 12.3121
f 219/766/176 220/767/176 221/768/176 216/769/176 253/770/176 254/771/176 255/772/176 217/773/176 218/774/176 

usemtl FrontColor
vt 5063.61 -986.357
vn 0.228264 0.973599 -1.67866e-14
v 27.0202 0.0280888 -128.589
vt 5062.58 -1035.45
v 27.0202 0.0280888 -128.723
vt 5067.84 -1035.45
v 27.0202 0.0280888 -128.861
vt 5073.27 -1035.45
v 27.0202 0.0280888 -128.955
vt 5076.97 -1035.45
vt 5074.8 -986.357
vt 5074.63 -986.357
vt 5073.85 -986.357
vt 5069.33 -986.357
vt 5069.16 -986.357
f 217/775/177 256/776/177 257/777/177 258/778/177 259/779/177 216/780/177 221/781/177 220/782/177 219/783/177 218/784/177 

usemtl M_0128_White
vt 1630.75 2580.21
vn 0.104671 0.5244 0.845014
vt 1630.12 2570.56
vt 1678.06 2567.05
f 217/785/178 222/786/178 256/787/178

vt -5058.51 4.09888
vn -1 -2.60323e-14 -2.49069e-13
v 25.8062 0.104112 -128.531
vt -5060.29 4.09888
f 222/788/179 217/773/179 255/772/179 260/789/179 

vt -5058.51 -4.23882
vn -1 -8.36969e-16 -2.50496e-13
vt -5063.61 -4.23882
vt -5062.63 -4.23882
vt -5060.29 -4.23882
f 240/790/180 222/788/180 260/789/180 255/772/180 249/791/180 250/792/180 251/793/180 

vt -1440.81 -4.23882
vn -0.0847027 -1.71239e-17 -0.996406
vt -1440.81 4.09888
vt -1488.78 1.10586
v 27.0202 -0.107666 -128.589
vt -1488.78 -4.23882
f 240/794/181 222/795/181 256/796/181 261/797/181 

vt 5062.58 -1061.64
vn 0.0624966 0.998045 -1.49048e-15
vt 5067.84 -1061.64
vt 5073.27 -1061.64
vt 5076.97 -1061.64
vt 5080.29 -1013.75
vt 5074.8 -1013.75
vt 5072.91 -1013.75
vt 5063.61 -1013.75
vt 5060.29 -1013.75
vt 5058.51 -1013.75
f 256/798/182 257/799/182 258/800/182 259/801/182 238/802/182 253/803/182 254/804/182 255/805/182 260/806/182 222/807/182 

vt -5062.58 -4.23882
vt -5062.58 1.10586
vt -5067.84 1.10586
v 27.0202 -0.107666 -128.723
vt -5067.84 -4.23882
f 261/808/2 256/809/2 257/810/2 262/811/2 

v 27.0202 0.161817 -128.723
vt -5067.84 6.37077
f 256/809/2 263/812/2 257/810/2

vt 2094.32 3308.33
vn 0.148814 0.699233 0.699233
vt 2095.42 3315.69
vt 2047.79 3324.01
f 256/813/183 263/814/183 217/815/183

vt 5063.61 -1006.71
vn 0.123354 0.992363 -1.09937e-14
vt 5067.84 -1054.88
v 27.0202 0.161817 -128.861
vt 5073.27 -1054.88
vt 5074.8 -1006.71
vt 5074.63 -1006.71
vt 5073.85 -1006.71
vt 5069.33 -1006.71
vt 5069.16 -1006.71
f 217/816/184 263/817/184 264/818/184 216/819/184 221/820/184 220/821/184 219/822/184 218/823/184 

vt -5073.27 6.37077
vt -5073.27 1.10586
f 263/812/2 264/824/2 258/825/2 257/810/2 

vn -1 -2.6941e-29 2.09278e-13
vt -5076.97 1.10586
f 264/824/185 259/826/185 258/825/185

vt 453.368 -2959.75
vn -0.0973264 -0.572952 0.81379
vt 453.809 -2953.33
vt 406.167 -2946.08
f 259/827/186 264/828/186 216/829/186

vt 449.182 -2841.59
vn -0.0920293 -0.553116 0.828006
vt 448.576 -2851.45
vt 496.447 -2855.04
f 216/830/187 238/831/187 259/832/187

vt -5080.29 4.09888
f 216/769/2 238/833/2 253/770/2

usemtl FrontColor
vt 1822.91 -2388.6
vn 0.459803 0.493271 -0.73842
vt 1845.29 -2366.38
vt 1820.01 -2379.16
f 238/834/188 234/835/188 216/836/188

vt 1884.29 -2461.13
vn 0.463457 0.512769 -0.722686
vt 1909.48 -2448.19
vt 1905.36 -2439.32
f 216/837/189 234/838/189 214/839/189

f 214/755/155 234/705/155 237/709/155 236/708/155 

vt -5132.45 -224.315
vn -0.881914 0.359866 -0.304507
vt -5127.98 -237.956
vt -5122.59 -229.796
f 211/840/190 234/841/190 214/842/190

vt -2914.46 23.425
vn -0.394173 0 -0.919036
vt -2921.09 36.1517
vt -2921.09 17.6636
f 234/843/191 211/844/191 233/845/191

vt -5085.43 17.6636
vt -5085.43 36.1517
vt -5089.57 36.1517
v 25.3313 0.448655 -129.275
vt -5089.57 17.6636
f 233/846/2 211/847/2 212/848/2 265/849/2 

vt -814.403 17.6636
vn -0.344265 7.90008e-18 0.938872
v 25.4105 0.761712 -129.141
vt -811.084 29.9887
v 25.4105 0.823986 -129.141
vt -811.084 32.4404
vt -814.403 36.1517
f 233/850/192 266/851/192 267/852/192 211/853/192 

vt -1262.05 150.05
vn -0.426101 0.023891 0.90436
vt -1265.35 137.721
v 25.4105 0.527352 -129.135
vt -1261.94 140.82
f 266/854/193 233/855/193 268/856/193

vt -5085.43 261.587
vn -0.969492 0.245125 1.22336e-16
vt -5084.28 274.3
v 25.4105 0.761712 -129.164
vt -5085.2 274.3
v 25.4105 0.761712 -129.348
vt -5092.44 274.3
v 25.4105 0.761712 -129.551
vt -5100.44 274.3
v 25.4105 0.761712 -129.754
vt -5108.44 274.3
v 25.4105 0.761712 -129.938
vt -5115.67 274.3
v 25.4105 0.761712 -129.961
vt -5116.59 274.3
vt -5115.59 261.587
v 25.3313 0.448655 -129.827
vt -5111.31 261.587
vt -5089.57 261.587
f 233/857/194 266/858/194 269/859/194 270/860/194 271/861/194 272/862/194 273/863/194 274/864/194 114/865/194 275/866/194 265/867/194 

vt 1000.41 5084.28
vn 0 1 -0
v 25.8524 0.761712 -128.976
vt 1017.81 5077.79
v 25.8524 0.761712 -129.199
vt 1017.81 5086.59
v 25.8524 0.761712 -129.551
vt 1017.81 5100.44
vt 1000.41 5100.44
vt 1000.41 5092.44
vt 1000.41 5085.2
f 266/868/195 276/869/195 277/870/195 278/871/195 271/872/195 270/873/195 269/874/195 

vt -840.935 147.255
vn -0.349647 0.0247415 0.936555
vt -822.45 156.484
vt -841.021 156.484
f 268/875/196 276/876/196 266/877/196

vt -114.683 -1225.59
vn -0.211695 -0.242332 0.946816
vt -133.026 -1235.1
v 25.8524 0.527352 -129.036
vt -115.199 -1235.1
f 276/878/197 268/879/197 279/880/197

vt 1000.41 5084.04
vt 1017.81 5080.15
v 25.8524 0.527352 -129.199
v 25.8524 0.527352 -129.551
v 25.4105 0.527352 -129.551
v 25.4105 0.527352 -129.348
v 25.4105 0.527352 -129.164
f 268/881/195 279/882/195 280/870/195 281/871/195 282/872/195 283/873/195 284/874/195 

vt -133.026 20.7619
vn -0.218199 2.57406e-16 0.975904
v 25.8524 0.474854 -129.036
vt -115.199 18.695
vt -115.199 20.7619
f 268/883/198 285/884/198 279/885/198

vt -439.617 -2438.59
vn -0.245374 -0.475558 0.84477
vt -457.41 -2436.24
v 25.4105 0.474854 -129.164
vt -457.734 -2438.59
f 285/886/199 268/887/199 286/888/199

vt -5085.2 20.7619
vt -5085.2 18.695
vt -5084.04 20.7619
f 284/889/2 286/890/2 268/891/2

vt -5092.44 20.7619
v 25.4105 0.474854 -129.348
vt -5092.44 18.695
f 286/890/2 284/889/2 283/892/2 287/893/2 

vt 631.94 17.6636
vn -0.071344 0 0.997452
vt 635.064 18.695
vt 635.064 20.7619
vt 635.064 29.9887
v 25.4105 0.823986 -129.164
vt 635.064 32.4404
v 25.4105 0.92712 -129.164
vt 635.064 36.5008
vt 631.94 36.1517
f 233/894/200 286/895/200 284/896/200 269/897/200 288/898/200 289/899/200 211/900/200 

vt 5085.2 955.614
vn 0.314227 -0.949348 -5.639e-17
vt 5085.43 952.331
vt 5089.57 952.331
vt 5111.31 952.331
vt 5115.59 952.331
v 25.4105 0.474854 -129.938
vt 5115.67 955.614
v 25.4105 0.474854 -129.754
vt 5108.44 955.614
v 25.4105 0.474854 -129.551
vt 5100.44 955.614
vt 5092.44 955.614
f 286/901/201 233/902/201 265/903/201 275/904/201 114/905/201 290/906/201 291/907/201 292/908/201 287/909/201 

vt 1570.8 -2395.16
vn 0.0995443 -0.488119 0.867082
vt 1573.88 -2393.97
vt 1573.74 -2391.61
f 233/910/202 286/911/202 268/912/202

vt 1098.72 -1332.33
vn 0.0192609 -0.266435 0.96366
v 25.4105 0.380699 -129.19
vt 1101.85 -1335.11
vt 1101.83 -1331.26
f 233/913/203 293/914/203 286/915/203

vt -5086.23 -749.285
vn -0.651399 -0.758736 1.18945e-16
vt -5085.43 -745.178
vt -5089.57 -745.178
vt -5111.31 -745.178
vt -5115.59 -745.178
v 25.4105 0.380699 -129.912
vt -5114.65 -749.285
v 25.4105 0.380699 -129.754
vt -5108.44 -749.285
v 25.4105 0.380699 -129.551
vt -5100.44 -749.285
v 25.4105 0.380699 -129.348
vt -5092.44 -749.285
f 293/916/204 233/917/204 265/918/204 275/919/204 114/920/204 294/921/204 295/922/204 296/923/204 297/924/204 

vt -1149.84 -1281.71
vn -0.0284781 0.256442 -0.96614
vt -1146.82 -1295.1
vt -1146.7 -1278.95
f 293/925/205 228/926/205 233/927/205

vt -5089.57 235.576
vn -0.972185 0.234213 -1.18409e-14
vt -5086.23 248.881
vt -5092.44 248.881
vt -5100.44 248.881
vt -5108.44 248.881
vt -5114.65 248.881
vt -5111.31 235.576
v 25.3313 0.0521472 -129.392
vt -5094.17 235.576
f 228/928/206 293/929/206 297/930/206 296/931/206 295/932/206 294/933/206 113/934/206 298/935/206 

vt -4481.33 -863.804
vn -0.708637 0.331606 -0.622793
vt -4480.88 -850.093
v 25.4105 0.161404 -129.307
vt -4484.33 -859.244
f 228/936/207 293/937/207 299/938/207

vt 231.952 -2375.92
vn 0.210055 0.459496 -0.862984
vt 230.865 -2366.2
v 25.8524 0.161404 -129.199
vt 214.046 -2375.92
f 299/939/208 293/940/208 300/941/208

vt -5090.83 6.3545
vt -5086.23 14.9882
vt -5092.44 14.9882
v 25.4105 0.161404 -129.348
vt -5092.44 6.3545
f 299/942/2 293/943/2 297/944/2 301/945/2 

v 25.8524 0.380699 -129.094
vt -1017.81 5082.42
vt -1000.41 5086.23
vt -1000.41 5092.44
vt -1000.41 5100.44
v 25.8524 0.380699 -129.551
vt -1017.81 5100.44
v 25.8524 0.380699 -129.199
vt -1017.81 5086.59
f 302/946/3 293/947/3 297/948/3 296/949/3 303/950/3 304/951/3 

vt 92.8075 -2206.8
vn 0.193297 0.426589 -0.883549
vt 109.726 -2197.25
vt 91.9166 -2197.25
f 300/952/209 293/953/209 302/954/209

vt 109.726 -1336.88
vn 0.206326 0.260751 -0.943101
vt 109.507 -1333.04
vt 91.9166 -1336.88
f 293/955/210 286/956/210 302/957/210

f 293/943/2 286/890/2 287/893/2 297/944/2 

vt -1017.81 5080.15
vt -1000.41 5085.2
v 25.8524 0.474854 -129.551
v 25.8524 0.474854 -129.199
f 285/958/3 286/959/3 287/948/3 292/949/3 305/950/3 306/951/3 

vt 440.251 -2606.93
vn 0.240382 0.50727 -0.827583
vt 457.734 -2602.63
vt 439.617 -2602.63
f 302/960/211 286/961/211 285/962/211

vt 5086.59 18.695
vn 1 0 -0
vt 5080.15 18.695
vt 5082.42 14.9882
vt 5086.59 14.9882
f 306/963/212 285/964/212 302/965/212 304/966/212 

vt 5086.59 20.7619
vt 5080.15 20.7619
f 280/967/212 279/968/212 285/964/212 306/963/212 

vt 5086.59 29.9887
vt 5077.79 29.9887
f 277/969/212 276/970/212 279/968/212 280/967/212 

v 26.2424 0.761712 -129.551
vt 1033.16 5100.44
v 26.2424 0.761712 -128.895
vt 1033.16 5074.62
v 26.2424 0.761712 -129.139
vt 1033.16 5084.23
f 307/971/195 278/871/195 277/870/195 276/869/195 308/972/195 309/973/195 

v 26.2424 0.823986 -129.551
vt -1033.16 32.4404
vt -1033.16 29.9887
vt -1017.81 29.9887
v 25.8524 0.823986 -129.551
vt -1017.81 32.4404
f 310/974/1 307/975/1 278/976/1 311/977/1 

v 26.5185 0.823986 -129.551
vt -1044.03 32.4404
v 26.5185 0.761712 -129.551
vt -1044.03 29.9887
f 307/975/1 310/974/1 312/978/1 313/979/1 

vt 5084.23 29.9887
vt 5100.44 29.9887
vt 5100.44 32.4404
v 26.2424 0.823986 -129.139
vt 5084.23 32.4404
f 309/980/212 307/981/212 310/982/212 314/983/212 

v 26.5185 0.761712 -128.921
vt 1044.03 5075.64
vt 1044.03 5100.44
f 308/972/195 315/984/195 313/985/195 307/971/195 309/973/195 

vt -1511.55 -1575.53
vn -0.0879974 0.323594 -0.942095
v 26.2424 0.527352 -128.976
vt -1500.93 -1585.29
vt -1500.63 -1575.53
f 315/986/213 316/987/213 308/988/213

vt -922.886 -1017.33
vn 0.0212166 0.203503 -0.978844
vt -933.8 -1007.91
v 26.5185 0.527352 -128.97
vt -933.759 -1017.33
f 316/989/214 315/990/214 317/991/214

vt 5075.64 29.9887
vt 5077.55 20.7619
v 26.5185 0.527352 -129.551
vt 5100.44 20.7619
f 315/992/212 317/993/212 318/994/212 313/981/212 

vt 1033.16 5077.79
vt 1044.03 5077.55
v 26.2424 0.527352 -129.551
v 26.2424 0.527352 -129.491
vt 1033.16 5098.08
v 26.2424 0.527352 -129.139
f 316/995/195 317/996/195 318/985/195 319/971/195 320/997/195 321/973/195 

v 26.2424 0.474854 -128.976
vt 922.886 18.695
vn -0.0216701 0 0.999765
v 26.5185 0.474854 -128.97
vt 933.759 18.695
vt 933.759 20.7619
vt 922.886 20.7619
f 322/998/215 323/999/215 317/1000/215 316/1001/215 

v 26.2424 0.380699 -129.034
vt 922.837 -2652.65
vn -0.0184767 -0.522505 0.852436
vt 933.759 -2648.3
vt 922.886 -2648.3
f 324/1002/216 323/1003/216 322/1004/216

vt 1254.92 -3123.16
vn 0.0325998 -0.623862 0.780854
vt 1244.17 -3127.9
v 26.5185 0.380699 -129.045
vt 1255.05 -3127.9
f 323/1005/217 324/1006/217 325/1007/217

vt -1044.03 5080.52
vt -1033.16 5080.06
v 26.2424 0.380699 -129.139
vt -1033.16 5084.23
v 26.2424 0.380699 -129.551
vt -1033.16 5100.44
v 26.5185 0.380699 -129.551
vt -1044.03 5100.44
f 325/1008/3 324/1009/3 326/1010/3 327/1011/3 328/1012/3 

v 26.2424 0.161404 -129.139
vt 1244.34 -2182.64
vn 0.0375697 -0.434482 0.899897
vt 1255.05 -2173.05
vt 1244.17 -2173.05
f 329/1013/218 325/1014/218 324/1015/218

vt 2670.8 -2815.21
vn 0.25614 -0.635779 0.728133
vt 2661.78 -2826.4
v 26.5185 0.161404 -129.237
vt 2673.31 -2826.4
f 325/1016/219 329/1017/219 330/1018/219

v 26.2424 0.0521472 -129.312
vt 2664.03 -3700.41
vn 0.185087 -0.830005 0.526151
vt 2673.31 -3692.7
vt 2661.78 -3692.7
f 331/1019/220 330/1020/220 329/1021/220

vt 399.171 -1777.73
vn -0.117472 -0.344429 0.931434
vt 388.016 -1782.31
v 26.4593 0.0521472 -129.284
vt 396.623 -1782.31
f 330/1022/221 331/1023/221 332/1024/221

vt 1033.16 5091.02
vt 1041.7 5089.94
v 26.4593 0.0521472 -129.551
vt 1041.7 5100.44
v 26.2424 0.0521472 -129.551
f 331/1025/195 332/1026/195 333/1027/195 334/971/195 

vt 396.623 -4364.21
vn -0.0673711 -0.842678 0.534185
vt 388.865 -4356.22
vt 388.016 -4364.21
f 332/1028/222 329/1029/222 331/1030/222

vt 2661.78 -2266.48
vn 0.285408 -0.510173 0.811336
vt 2671.73 -2271.48
vt 2673.31 -2266.48
f 329/1031/223 332/1032/223 330/1033/223

vt -5100.44 498.191
vn -0.879167 0.476514 -5.1225e-18
vt -5089.94 498.191
vt -5088.05 503.084
v 26.5185 0.161404 -129.551
vt -5100.44 503.084
f 333/1034/224 332/1035/224 330/1036/224 335/1037/224 

vt 5100.44 14.9882
vt 5080.52 14.9882
vt 5088.05 6.3545
vt 5100.44 6.3545
f 328/1038/212 325/1039/212 330/1040/212 335/1041/212 

vt 5077.55 18.695
v 26.5185 0.474854 -129.551
vt 5100.44 18.695
f 323/1042/212 325/1039/212 328/1038/212 336/1043/212 

v 26.2424 0.474854 -129.551
vt -1033.16 18.695
vt -1044.03 18.695
vt -1044.03 14.9882
vt -1033.16 14.9882
f 337/1044/1 336/1045/1 328/1046/1 327/1047/1 

vt -1044.03 5077.55
vt -1033.16 5077.79
v 26.2424 0.474854 -129.139
f 323/1048/3 322/1049/3 338/1010/3 337/1011/3 336/1012/3 

f 322/1049/3 285/958/3 306/951/3 305/950/3 337/1011/3 338/1010/3 

vt 233.705 18.695
vn -0.152018 3.16066e-17 0.988378
vt 249.24 18.695
vt 249.24 20.7619
vt 233.705 20.7619
f 285/1050/225 322/1051/225 316/1052/225 279/1053/225 

vt 233.36 -2670.24
vn -0.130019 -0.518158 0.845345
vt 248.894 -2670.24
vt 249.24 -2665.91
vt 233.705 -2665.91
f 302/1054/226 324/1055/226 322/1056/226 285/1057/226 

f 324/1009/3 302/946/3 304/951/3 303/950/3 327/1011/3 326/1010/3 

vt 232.726 -2226.12
vn -0.137197 -0.430677 0.892017
vt 248.261 -2226.12
vt 248.894 -2216.55
vt 233.36 -2216.55
f 300/1058/227 329/1059/227 324/1060/227 302/1061/227 

v 25.8524 0.0521472 -129.312
vt 232.054 -3695.97
vn -0.106608 -0.712882 0.693134
vt 248.261 -3689.84
vt 232.726 -3689.84
f 339/1062/228 329/1063/228 300/1064/228

vt 1033.16 -4290.73
vn 2.65376e-17 -0.844597 0.535402
vt 1017.81 -4298.76
vt 1033.16 -4298.76
f 329/1065/229 339/1066/229 331/1067/229

vt 1017.81 5091.02
v 25.8524 0.0521472 -129.551
f 339/1068/195 331/1025/195 334/971/195 340/871/195 

vt 5084.23 6.3545
vt 5091.02 2.05304
vt 5100.44 2.05304
v 26.2424 0.161404 -129.551
f 329/1069/212 331/1070/212 334/1071/212 341/1041/212 

v 25.8524 0.161404 -129.551
vt -1017.81 6.3545
vt -1033.16 6.3545
vt -1033.16 2.05304
vt -1017.81 2.05304
f 342/1072/1 341/1073/1 334/1074/1 340/1075/1 

f 329/1010/3 300/951/3 342/950/3 341/1011/3 

vt 5086.59 6.3545
f 300/1076/212 342/1041/212 303/1038/212 304/966/212 

vt -1000.41 5090.83
v 25.4105 0.161404 -129.551
f 300/951/3 299/1077/3 301/948/3 343/949/3 342/950/3 

vt 214.046 -1770.7
vn 0.222172 0.342788 -0.912763
v 25.4105 0.0521472 -129.348
vt 232.334 -1775.28
vt 231.952 -1770.7
f 300/1078/230 344/1079/230 299/1080/230

vt 598.836 -3683.9
vn -0.0570512 -0.7158 0.695971
vt 581.018 -3690.06
vt 598.474 -3690.06
f 300/1081/231 344/1082/231 339/1083/231

v 25.4105 0.0521472 -129.551
f 344/873/195 339/1068/195 340/871/195 345/872/195 

f 300/1076/212 339/1070/212 340/1071/212 342/1041/212 

v 25.8524 0.0521472 -129.79
vt 5109.86 2.05304
v 25.8524 0.161404 -129.903
vt 5114.29 6.3545
f 346/1084/212 347/1085/212 342/1041/212 340/1071/212 

v 25.4105 0.0521472 -129.754
vt -1414.42 3587.32
vn -0.0570512 -0.7158 -0.695971
vt -1432.24 3593.48
vt -1431.88 3587.32
f 348/1086/232 347/1087/232 346/1088/232

vt 2180.18 1622.26
vn 0.222172 0.342788 0.912763
vt 2198.47 1626.84
v 25.4105 0.161404 -129.795
vt 2180.56 1626.84
f 348/1089/233 347/1090/233 349/1091/233

vt -1000.41 5110.05
vt -1017.81 5114.29
v 25.4105 0.161404 -129.754
vt -1000.41 5108.44
f 349/1092/3 347/1093/3 342/950/3 343/949/3 350/1094/3 

vt 2181.65 2188.08
vn 0.210055 0.459496 0.862984
vt 2180.56 2178.36
vt 2198.47 2178.36
f 294/1095/234 349/1096/234 347/1097/234

vt -5114.65 14.9882
vt -5110.05 6.3545
vt -5108.44 6.3545
vt -5108.44 14.9882
f 294/1098/2 349/1099/2 350/1100/2 295/1101/2 

vt -3181.39 1382.96
vn -0.708637 0.331606 0.622793
vt -3180.94 1369.25
vt -3177.94 1373.81
f 294/1102/235 113/1103/235 349/1104/235

vt 653.055 1366.7
vn -0.0645352 0.264143 0.962322
vt 655.941 1380.11
vt 652.768 1382.88
f 113/1105/236 294/1106/236 114/1107/236

vt 661.596 1391.96
vn -0.0628595 0.265958 0.961933
vt 664.767 1389.18
vt 664.701 1393.03
f 114/1108/237 294/1109/237 290/1110/237

v 25.8524 0.380699 -130.009
vt 2088.21 1261.55
vn 0.206326 0.260751 0.943101
vt 2070.61 1265.39
vt 2070.4 1261.55
f 351/1111/238 290/1112/238 294/1113/238

vt 2387.65 2366.59
vn 0.240382 0.50727 0.827583
vt 2405.13 2362.29
v 25.8524 0.474854 -130.066
vt 2405.76 2366.59
f 290/1114/239 351/1115/239 352/1116/239

vt 5120.73 18.695
v 25.8524 0.474854 -129.903
vt 5114.29 18.695
v 25.8524 0.380699 -129.903
vt 5114.29 14.9882
vt 5118.45 14.9882
f 352/1117/212 353/1118/212 354/1119/212 351/1120/212 

v 25.8524 0.527352 -130.066
vt 5120.73 20.7619
v 25.8524 0.527352 -129.903
vt 5114.29 20.7619
f 355/1121/212 356/1122/212 353/1118/212 352/1117/212 

v 25.8524 0.761712 -130.126
vt 5123.09 29.9887
v 25.8524 0.761712 -129.903
vt 5114.29 29.9887
f 357/1123/212 358/1124/212 356/1122/212 355/1121/212 

v 25.8524 0.823986 -130.066
vt 5120.73 32.4404
v 25.8524 0.823986 -129.903
vt 5114.29 32.4404
f 359/1125/212 360/1126/212 358/1124/212 357/1123/212 

v 25.4105 0.823986 -129.961
vt -1000.41 5116.59
vt -1017.81 5120.73
v 25.4408 0.823986 -129.551
vt -1001.61 5100.44
v 25.4105 0.823986 -129.551
v 25.4105 0.823986 -129.754
v 25.4105 0.823986 -129.938
vt -1000.41 5115.67
f 361/1127/3 359/1128/3 360/1093/3 311/950/3 362/1129/3 363/949/3 364/1094/3 365/1130/3 

vt -2173.96 32.4404
vn -0.231161 3.64742e-16 -0.972915
vt -2156.08 29.9887
vt -2156.08 32.4404
f 359/1131/240 274/1132/240 361/1133/240

vt -2726.78 -2954.64
vn -0.259663 0.669939 -0.695526
vt -2744.52 -2951.33
vt -2745.35 -2954.64
f 274/1134/241 359/1135/241 357/1136/241

v 26.2424 0.761712 -130.207
vt 2048.11 -3279.85
vn 0.147048 -0.686193 0.712402
vt 2031.95 -3276.48
vt 2032.43 -3279.85
f 366/1137/242 359/1138/242 357/1139/242

vt 1800.44 -3847.69
vn 0.0936969 -0.78747 0.609189
v 26.2424 0.823986 -130.126
vt 1799.96 -3843.72
vt 1784.43 -3843.72
f 366/1140/243 367/1141/243 359/1142/243

vt -27.3123 -4084.72
vn -0.125646 -0.784682 0.607032
v 26.5185 0.823986 -130.069
vt -15.569 -4080.76
vt -26.6699 -4080.76
f 366/1143/244 368/1144/244 367/1145/244

vt 563.266 -4519.14
vn -0.0453878 -0.872824 0.485919
vt 551.938 -4524.16
v 26.5185 0.761712 -130.181
vt 562.856 -4524.16
f 368/1146/245 366/1147/245 369/1148/245

v 26.2424 0.527352 -130.126
vt 552.233 1701.36
vn -0.0879974 0.323594 0.942095
vt 562.856 1711.11
vt 551.938 1711.11
f 370/1149/246 369/1150/246 366/1151/246

vt 1154.85 1067.52
vn 0.0212166 0.203503 0.978844
vt 1143.94 1058.09
v 26.5185 0.527352 -130.132
vt 1154.81 1058.09
f 369/1152/247 370/1153/247 371/1154/247

vt 1044.03 5123.32
vt 1033.16 5123.09
v 26.2424 0.527352 -129.963
vt 1033.16 5116.65
v 26.2424 0.527352 -129.611
vt 1033.16 5102.8
f 371/1155/195 370/1156/195 372/1157/195 373/1158/195 319/971/195 318/985/195 

v 26.5185 0.474854 -130.132
vt -1154.81 18.695
vn -0.0216701 0 -0.999765
v 26.2424 0.474854 -130.126
vt -1143.94 18.695
vt -1143.94 20.7619
vt -1154.81 20.7619
f 374/1159/248 375/1160/248 370/1161/248 371/1162/248 

vt -1033.16 5123.09
vt -1044.03 5123.32
v 26.2424 0.474854 -129.963
vt -1033.16 5116.65
f 375/1163/3 374/1164/3 336/1012/3 337/1011/3 376/1165/3 

vt -1154.81 2680.45
vn -0.0184767 -0.522505 -0.852436
v 26.2424 0.380699 -130.069
vt -1143.89 2676.1
vt -1143.94 2680.45
f 374/1166/249 377/1167/249 375/1168/249

vt -818.663 3230.5
vn 0.0325998 -0.623862 -0.780854
vt -829.419 3235.24
v 26.5185 0.380699 -130.057
vt -829.543 3230.5
f 377/1169/250 374/1170/250 378/1171/250

vt 5120.36 14.9882
vt 5123.32 18.695
f 378/1172/212 374/1173/212 336/1043/212 328/1038/212 

vt 5123.32 20.7619
f 374/1173/212 371/1174/212 318/994/212 336/1043/212 

vt 5125.24 29.9887
f 371/1174/212 369/1175/212 313/981/212 318/994/212 

vt 5120.84 32.4404
f 369/1175/212 368/1176/212 312/982/212 313/981/212 

vt -1044.03 5120.84
v 26.2424 0.823986 -129.963
f 367/1163/3 368/1177/3 312/1012/3 310/1011/3 379/1165/3 

vt 26.6699 -3461.11
vn 0.151034 0.666891 -0.729688
v 26.5185 0.92712 -129.975
vt 14.8169 -3455.66
vt 15.569 -3461.11
f 367/1178/251 380/1179/251 368/1180/251

vt 655.7 -2393.76
vn 0.283942 0.468231 -0.836742
vt 667.909 -2398.35
v 26.2424 0.92712 -130.069
vt 667.179 -2393.76
f 380/1181/252 367/1182/252 381/1183/252

vt 5123.09 32.4404
vt 5120.82 36.5008
v 26.2424 0.92712 -129.963
vt 5116.65 36.5008
vt 5116.65 32.4404
f 367/1184/212 381/1185/212 382/1186/212 379/1187/212 

vt -1784.43 -2346.3
vn -0.133027 0.48399 -0.864903
vt -1799.61 -2341.66
vt -1799.96 -2346.3
f 359/1188/253 381/1189/253 367/1190/253

v 25.8524 0.92712 -130.009
vt -1784.08 -2341.66
f 381/1189/253 359/1188/253 383/1191/253

vt 5118.45 36.5008
v 25.8524 0.92712 -129.903
vt 5114.29 36.5008
f 383/1192/212 384/1193/212 360/1126/212 359/1125/212 

v 26.2424 0.92712 -129.551
vt 1033.16 5120.82
vt 1017.81 5118.45
vt 1017.81 5114.29
v 25.8524 0.92712 -129.551
f 385/971/195 382/1157/195 381/1194/195 383/1195/195 384/1196/195 386/871/195 

vt 5100.44 36.5008
f 310/982/212 379/1187/212 382/1186/212 385/1197/212 

f 310/1011/3 311/950/3 360/1093/3 359/1128/3 367/1163/3 379/1165/3 

vt -1017.81 36.5008
vt -1033.16 36.5008
f 311/977/1 386/1198/1 385/1199/1 310/974/1 

v 25.8524 0.823986 -129.199
vt 5086.59 32.4404
v 25.8524 0.92712 -129.199
vt 5086.59 36.5008
f 387/1200/212 311/982/212 386/1197/212 388/1201/212 

v 25.8524 0.823986 -129.036
vt -1000.41 5084.28
v 25.4105 0.823986 -129.348
f 389/958/3 267/1202/3 288/959/3 390/948/3 363/949/3 362/1129/3 311/950/3 387/951/3 

vt -201.974 29.9887
vn -0.231161 1.82371e-16 0.972915
vt -184.092 32.4404
vt -201.974 32.4404
f 266/1203/254 389/1204/254 267/1205/254

vt -823.276 3451.01
vn -0.259663 0.669939 0.695526
vt -841.021 3447.71
vt -822.45 3447.71
f 389/1206/255 266/1207/255 276/1208/255

vt 30.1539 3578.78
vn 0.147048 -0.686193 -0.712402
vt 13.9987 3575.41
vt 29.6765 3575.41
f 389/1209/256 308/1210/256 276/1211/256

v 26.2424 0.823986 -128.976
vt -249.24 4095.81
vn 0.0936969 -0.78747 -0.609189
vt -249.722 4091.83
vt -233.705 4095.81
f 391/1212/257 308/1213/257 389/1214/257

vt 5077.79 32.4404
vt 5074.62 29.9887
f 314/983/212 391/1215/212 308/1216/212 309/980/212 

f 311/950/3 310/1011/3 314/1010/3 391/1049/3 389/958/3 387/951/3 

v 26.2424 0.92712 -129.139
vt 5084.23 36.5008
f 314/983/212 310/982/212 385/1197/212 392/1217/212 

v 26.5185 0.823986 -129.033
vt -1044.03 5080.04
f 393/1218/3 391/1049/3 314/1010/3 310/1011/3 312/1012/3 

v 26.5185 0.92712 -129.127
vt 2052.78 3206.01
vn 0.151034 0.666891 0.729688
vt 2040.93 3200.56
vt 2052.03 3200.56
f 394/1219/258 391/1220/258 393/1221/258

vt 2610.09 2124.69
vn 0.283942 0.468231 0.836742
vt 2622.3 2129.28
v 26.2424 0.92712 -129.034
vt 2610.82 2129.28
f 391/1222/259 394/1223/259 395/1224/259

vt -2610.82 36.5008
vn -0.321345 6.73415e-17 -0.946962
v 26.5185 1.15596 -129.127
vt -2622.3 45.5104
vt -2622.3 36.5008
f 395/1225/260 396/1226/260 394/1227/260

vt 5083.75 832.875
vn 0.638129 -0.76993 -3.49982e-16
vt 5080.06 818.756
v 26.5185 1.15596 -129.255
vt 5088.79 832.875
f 396/1228/261 395/1229/261 397/1230/261

vt 2545.65 143.611
vn 0.305099 0.0216934 0.952073
v 26.2424 1.15596 -129.039
vt 2534.23 143.611
vt 2534.17 134.599
f 396/1231/262 398/1232/262 395/1233/262

vt 1033.16 5080.27
vt 1044.03 5083.75
vt 1044.03 5088.79
v 26.5185 1.15596 -129.551
v 26.2424 1.15596 -129.551
v 26.2424 1.15596 -129.491
v 26.2424 1.15596 -129.139
f 398/1234/195 396/1235/195 397/1236/195 399/985/195 400/971/195 401/997/195 402/973/195 

vt -2534.23 2971.57
vn -0.232068 -0.649392 -0.724178
v 26.5185 1.40389 -129.35
vt -2548.32 2984.41
vt -2545.65 2971.57
f 398/1237/263 403/1238/263 396/1239/263

vt -5080.27 799.142
vn -0.668114 0.744059 -1.09383e-15
vt -5092.5 813.751
vt -5084.23 799.142
f 398/1240/264 403/1241/264 402/1242/264

vt -3195.99 2229.74
vn -0.375728 -0.53244 -0.758509
vt -3180.82 2218.21
v 26.2424 1.40389 -129.213
vt -3183.86 2229.74
f 403/1243/265 398/1244/265 404/1245/265

vt 5084.23 45.5104
vt 5098.08 45.5104
vt 5100.44 45.5104
v 26.2424 1.40389 -129.551
vt 5100.44 55.2713
v 26.2424 1.40389 -129.288
vt 5090.08 55.2713
vt 5087.12 55.2713
vt 5080.27 45.5104
f 402/1246/212 401/1247/212 400/1248/212 405/1249/212 406/1250/212 404/1251/212 398/1252/212 

v 25.8524 1.15596 -129.127
vt 1017.81 5083.75
v 25.8524 1.15596 -129.551
v 25.8524 1.15596 -129.199
f 407/1253/195 398/1234/195 402/973/195 401/997/195 400/971/195 408/871/195 409/870/195 

vt -132.23 160.64
vn -0.221202 0.0222152 0.974975
vt -116.441 151.628
vt -116.486 160.64
f 407/1254/266 395/1255/266 398/1256/266

vt 5083.75 -854.807
vn 0.506094 0.862478 -0
vt 5080.06 -872.609
vt 5086.59 -854.807
f 407/1257/267 395/1258/267 409/1259/267

vt 248.894 782.208
vn -0.150432 0.144086 0.978064
vt 233.158 791.313
v 25.8524 0.92712 -129.094
vt 233.36 782.208
f 395/1260/268 407/1261/268 410/1262/268

vt 202.521 790.821
vn -0.156217 0.143955 0.977176
vt 185.111 781.717
vt 202.73 781.717
f 407/1263/269 289/1264/269 410/1265/269

vt -5085.2 905.147
vn -0.459851 0.887996 3.87344e-17
vt -5083.75 924.74
vt -5086.59 924.74
f 289/1266/270 407/1267/270 409/1268/270

v 25.4105 1.15596 -129.348
vt -1380.85 2956.33
vn -0.362913 0.583559 0.726466
vt -1377.62 2945.23
vt -1361.4 2956.33
f 411/1269/271 289/1270/271 407/1271/271

vt -5085.2 36.5008
vt -5092.44 45.5104
v 25.4105 0.92712 -129.348
vt -5092.44 36.5008
f 289/1272/2 411/1273/2 412/1274/2

vt 175.695 3258.47
vn -0.124924 0.621349 0.773511
vt 173.737 3246.53
vt 176.849 3246.98
f 411/1275/272 211/1276/272 289/1277/272

vt -5085.43 349.373
vn -0.948784 0.315927 2.64085e-16
vt -5092.44 359.236
v 25.4105 1.15596 -129.551
vt -5100.44 359.236
v 25.4105 1.15596 -129.754
vt -5108.44 359.236
vt -5115.59 349.373
vt -5111.31 349.373
vt -5089.57 349.373
f 211/1278/273 411/1279/273 413/1280/273 414/1281/273 115/1282/273 213/1283/273 212/1284/273 

vt -4113.39 1070.07
vn -0.624454 -0.324549 -0.71044
vt -4106.42 1060.17
v 25.3313 1.14864 -129.275
vt -4109.16 1069.76
f 411/1285/274 211/1286/274 415/1287/274

vn -1 5.01367e-14 -0
vt -5089.57 45.2219
f 211/847/275 415/1288/275 212/848/275

vt 2581.18 1827.42
vn 0.29518 0.397008 0.869053
vt 2543.06 1822.62
vt 2579.85 1817.53
f 415/1289/276 144/1290/276 211/1291/276

vt -5075.51 959.52
vn -0.123216 0.99238 -7.14644e-16
vt -5089.57 995.269
v 25.3313 1.14864 -129.827
vt -5111.31 995.269
vt -5125.37 959.52
vt -5125.2 959.52
vt -5111.48 959.52
vt -5111.31 959.52
vt -5089.57 959.52
vt -5089.4 959.52
vt -5075.68 959.52
f 144/1292/277 415/1293/277 416/1294/277 117/1295/277 150/1296/277 149/1297/277 148/1298/277 126/1299/277 147/1300/277 146/1301/277 

vt -2434.6 2692.14
vn -0.236986 -0.579833 -0.779507
vt -2396.57 2686.73
vt -2400.66 2709.94
f 415/1302/278 144/1303/278 127/1304/278

vt -183.039 3112.78
vn 0.118008 -0.592665 -0.796758
vt -205.758 3115.48
vt -207.819 3092.01
f 128/1305/279 127/1306/279 144/1307/279

vt -85.5314 4167.75
vn -0.121726 0.797796 0.590512
vt -108.125 4164.15
vt -105.844 4150.28
f 127/1308/280 128/1309/280 145/1310/280

vt -5089.57 -906.057
vn -0.378335 -0.925669 2.98759e-15
vt -5089.57 -867.732
vt -5111.31 -867.732
vt -5111.31 -906.057
f 415/1311/281 127/1312/281 208/1313/281 416/1314/281 

vt -961.82 59.7217
vn -2.56365e-14 7.65128e-29 -1
vt -997.296 45.2219
vt -997.296 36.1517
vt -997.296 17.6636
vt -997.296 2.05304
vt -961.82 2.05304
vt -961.82 18.6332
vt -961.82 40.817
f 127/1315/282 415/1316/282 212/1317/282 265/1318/282 228/1319/282 124/1320/282 125/1321/282 126/1322/282 

vn -1 1.83773e-14 -1.39477e-14
vt -5111.31 45.2219
vt -5111.31 36.1517
f 212/848/283 415/1288/283 416/1323/283 213/1324/283 

vt -4186.2 2.05304
vn -0.677559 2.2436e-15 -0.735468
vt -4181.97 2.05304
vt -4181.97 17.6636
vt -4181.97 36.1517
vt -4181.97 45.2219
vt -4186.2 45.5104
vt -4186.2 36.5008
vt -4186.2 32.4404
vt -4186.2 29.9887
vt -4186.2 20.7619
vt -4186.2 18.695
vt -4186.2 14.9882
vt -4186.2 6.3545
f 344/1325/284 228/1326/284 265/1327/284 212/1328/284 415/1329/284 411/1330/284 412/1331/284 390/1332/284 270/1333/284 283/1334/284 287/1335/284 297/1336/284 301/1337/284 

vt 997.296 5089.57
vn -7.91813e-16 1 2.35878e-16
vt 1000.41 5108.44
vt 997.296 5111.31
vt 997.296 5094.17
f 228/1338/285 344/873/285 345/872/285 348/1339/285 113/1340/285 298/1341/285 

vt 4185.11 -810.234
vn 0.653105 -0.266236 0.708924
vt 4181.97 -814.697
vt 4186.2 -814.697
f 299/1342/286 228/1343/286 344/1344/286

vt -5089.57 586.76
vn -0.809816 0.586683 -1.35538e-14
vt -5090.83 592.071
vt -5092.44 592.071
vt -5100.44 592.071
vt -5108.44 592.071
vt -5110.05 592.071
vt -5111.31 586.76
vt -5094.17 586.76
f 228/1345/287 299/1346/287 301/1347/287 343/1348/287 350/1349/287 349/1350/287 113/1351/287 298/1352/287 

vt -5092.44 2.05304
f 344/1353/2 299/942/2 301/945/2

vt -5100.44 6.3545
vt -5100.44 2.05304
f 344/1353/2 301/945/2 343/1354/2 345/1355/2 

vt -5100.44 14.9882
f 296/1356/2 343/1354/2 301/945/2 297/944/2 

f 343/1354/2 296/1356/2 295/1101/2 350/1100/2 

vt -1000.41 6.3545
vt -1000.41 14.9882
vt -1017.81 14.9882
f 343/1357/1 296/1358/1 303/1359/1 342/1072/1 

vt -1000.41 18.695
vt -1017.81 18.695
f 303/1359/1 296/1358/1 292/1360/1 305/1361/1 

vt -1000.41 5114.65
vt -1017.81 5118.45
f 294/1362/3 351/1363/3 354/1093/3 303/950/3 296/949/3 295/1094/3 

vt 2070.4 2053.79
vn 0.193297 0.426589 0.883549
vt 2087.31 2044.24
vt 2088.21 2053.79
f 294/1364/288 347/1365/288 351/1366/288

f 351/1120/212 354/1119/212 347/1085/212

vt -1033.16 5120.82
v 26.2424 0.380699 -129.963
f 351/1363/3 377/1367/3 417/1165/3 327/1011/3 303/950/3 354/1093/3 

vt -1799.61 2553.99
vn -0.130019 -0.518158 -0.845345
vt -1784.08 2553.99
vt -1784.43 2558.32
vt -1799.96 2558.32
f 377/1368/289 351/1369/289 352/1370/289 375/1371/289 

v 26.2424 0.161404 -129.963
vt -1798.98 2116.11
vn -0.137197 -0.430677 -0.892017
vt -1783.45 2116.11
vt -1784.08 2125.67
vt -1799.61 2125.67
f 418/1372/290 347/1373/290 351/1374/290 377/1375/290 

f 347/1093/3 418/1165/3 341/1011/3 342/950/3 

vt -1798.98 3497.66
vn -0.106608 -0.712882 -0.693134
vt -1782.77 3491.53
vt -1783.45 3497.66
f 418/1376/291 346/1377/291 347/1378/291

vt -1017.81 4316.88
vn 0 -0.844597 -0.535402
vt -1033.16 4324.91
v 26.2424 0.0521472 -129.79
vt -1033.16 4316.88
f 346/1379/292 418/1380/292 419/1381/292

v 26.5185 0.161404 -129.866
vt 711.777 4294.3
vn 0.185087 -0.830005 -0.526151
vt 721.049 4286.59
vt 723.3 4294.3
f 420/1382/293 419/1383/293 418/1384/293

vt -1664.43 1703.55
vn -0.117472 -0.344429 -0.931434
vt -1675.59 1708.13
v 26.4593 0.0521472 -129.818
vt -1673.04 1703.55
f 419/1385/294 420/1386/294 421/1387/294

vt 713.351 2637.83
vn 0.285408 -0.510173 -0.811336
vt 723.3 2642.83
vt 711.777 2642.83
f 421/1388/295 418/1389/295 420/1390/295

vt -1665.28 4172.28
vn -0.0673711 -0.842678 -0.534185
vt -1673.04 4164.29
vt -1664.43 4164.29
f 418/1391/296 421/1392/296 419/1393/296

vt 1041.7 5110.94
vt 1033.16 5109.86
f 421/1394/195 419/1395/195 334/971/195 333/1027/195 

vt 1017.81 5109.86
f 419/1395/195 346/1396/195 340/871/195 334/971/195 

f 346/1396/195 348/1339/195 345/872/195 340/871/195 

vt -5108.44 2.05304
f 350/1100/2 348/1397/2 345/1355/2 343/1354/2 

f 349/1099/2 348/1397/2 350/1100/2

vt -2726.59 1187.18
vn -0.653105 0.266236 0.708924
vt -2729.73 1182.72
vt -2725.5 1182.72
f 349/1398/297 113/1399/297 348/1400/297

vt -2729.73 2.05304
vn -0.677559 0 0.735468
vt -2725.5 2.05304
vt -2725.5 6.3545
vt -2725.5 14.9882
vt -2725.5 18.695
v 25.4105 0.527352 -129.754
vt -2725.5 20.7619
vt -2725.5 29.9887
vt -2725.5 32.4404
v 25.4105 0.92712 -129.754
vt -2725.5 36.5008
vt -2725.5 45.5104
vt -2729.73 45.2219
vt -2729.73 36.1517
vt -2729.73 17.6636
f 113/1401/298 348/1402/298 350/1403/298 295/1404/298 291/1405/298 422/1406/298 272/1407/298 364/1408/298 423/1409/298 414/1410/298 416/1411/298 213/1412/298 275/1413/298 

vt -5100.44 18.695
vt -5108.44 18.695
f 292/1414/2 291/1415/2 295/1101/2 296/1356/2 

vt -5100.44 20.7619
vt -5108.44 20.7619
f 282/1416/2 422/1417/2 291/1415/2 292/1414/2 

vt -5100.44 29.9887
vt -5108.44 29.9887
f 271/1418/2 272/1419/2 422/1417/2 282/1416/2 

vt 1017.81 5123.09
vt 1000.41 5116.59
vt 1000.41 5115.67
f 357/1420/195 274/1421/195 273/1422/195 272/1339/195 271/872/195 278/871/195 358/1196/195 

vt -2745.35 -79.9602
vn -0.349647 0.0247415 -0.936555
v 25.4105 0.527352 -129.968
vt -2726.86 -89.1898
vt -2726.78 -79.9602
f 357/1423/299 424/1424/299 274/1425/299

vt -2092.8 1177.34
vn -0.211695 -0.242332 -0.946816
vt -2111.14 1186.85
vt -2110.62 1177.34
f 424/1426/300 357/1427/300 355/1428/300

vt 2048.11 1198.97
vn 0.196084 0.243139 0.949966
vt 2032.43 1198.97
vt 2031.95 1189.46
f 366/1429/301 357/1430/301 355/1431/301

v 26.2424 0.761712 -129.963
vt 1033.16 5126.26
f 278/871/195 307/971/195 425/1157/195 366/1432/195 357/1420/195 358/1196/195 

vt -1033.16 20.7619
vt -1017.81 20.7619
f 307/975/1 319/1433/1 281/1434/1 278/976/1 

vt -1044.03 20.7619
f 313/979/1 318/1435/1 319/1433/1 307/975/1 

v 26.7524 0.761712 -129.551
vt -1053.24 29.9887
v 26.7524 0.527352 -129.551
vt -1053.24 20.7619
f 426/1436/1 427/1437/1 318/1435/1 313/979/1 

v 26.8454 0.761712 -129.551
vt -1056.9 29.9887
v 26.8454 0.527352 -129.551
vt -1056.9 20.7619
f 428/1438/1 429/1439/1 427/1437/1 426/1436/1 

v 26.9245 0.761712 -129.551
vt -1060.02 29.9887
v 26.9245 0.527352 -129.551
vt -1060.02 20.7619
f 430/1440/1 431/1441/1 429/1439/1 428/1438/1 

v 26.9245 0.761712 -129.349
vt 5092.48 29.9887
v 26.9245 0.527352 -129.175
vt 5085.63 20.7619
f 432/1442/212 433/1443/212 431/994/212 430/981/212 

vt -2707.18 2569.47
vn -0.274981 -0.572963 -0.772075
v 27.047 0.527352 -129.219
vt -2710 2558.21
vt -2704.88 2558.21
f 432/1444/302 434/1445/302 433/1446/302

vt -2961.26 2502.58
vn -0.316582 -0.581922 -0.749095
vt -2958.82 2513.93
v 27.047 0.761712 -129.401
vt -2964.05 2513.93
f 434/1447/303 432/1448/303 435/1449/303

vt -2958.82 3463.52
vn -0.230723 -0.805432 -0.545936
v 26.9245 0.823986 -129.441
vt -2960.22 3467.65
vt -2964.05 3463.52
f 432/1450/304 436/1451/304 435/1452/304

vt -4912.97 1056.46
vn -0.683417 -0.604293 -0.4096
v 26.8454 0.823986 -129.309
vt -4910.01 1059.54
vt -4916.07 1059.54
f 432/1453/305 437/1454/305 436/1455/305

vt -4625.78 1225.31
vn -0.672058 -0.504314 -0.542223
vt -4628.97 1222.47
v 26.8454 0.761712 -129.251
vt -4624.01 1222.47
f 437/1456/306 432/1457/306 438/1458/306

vt 1056.9 5088.62
vt 1060.02 5092.48
vt 1060.02 5100.44
vt 1056.9 5100.44
v 26.8454 0.761712 -129.349
vt 1056.9 5092.48
f 438/1459/195 432/1460/195 430/1461/195 428/1462/195 439/1463/195 

vt -4623.64 1019.17
vn -0.705446 -0.422378 -0.56916
vt -4624.01 1029.35
vt -4628.97 1029.35
f 433/1464/307 438/1465/307 432/1466/307

vt -3499.77 1605.21
vn -0.464082 -0.410664 -0.784846
vt -3500.93 1595.09
v 26.8454 0.527352 -129.128
vt -3497.31 1595.09
f 438/1467/308 433/1468/308 440/1469/308

v 26.8454 0.474854 -129.107
vt 3496.88 1298.2
vn 0.479803 0.333716 0.811432
vt 3500.93 1300.4
vt 3497.31 1300.4
f 441/1470/309 433/1471/309 440/1472/309

vt 3101.44 2019.43
vn 0.369073 0.480193 0.795738
vt 3097.48 2017.08
v 26.9245 0.474585 -129.143
vt 3100.92 2017.06
f 433/1473/310 441/1474/310 442/1475/310

vt -3091.2 -832.609
vn -0.40985 0.203876 -0.889077
v 26.8454 0.380699 -129.128
vt -3088.12 -836.385
vt -3087.76 -832.599
f 442/1476/311 443/1477/311 441/1478/311

vt -3497.31 -1061.21
vn -0.488585 0.280245 -0.826285
vt -3500.29 -1057.36
v 26.9245 0.380699 -129.175
vt -3500.93 -1061.21
f 443/1479/312 442/1480/312 444/1481/312

v 27.047 0.474854 -129.189
vt -2781.11 -1310.98
vn -0.334281 0.302715 -0.892536
vt -2776.4 -1314.87
vt -2775.96 -1310.99
f 445/1482/313 444/1483/313 442/1484/313

vt -1628.03 14.9882
vn -0.113024 0 -0.993592
vt -1632.88 18.695
v 27.047 0.380699 -129.189
vt -1632.88 14.9882
f 444/1485/314 445/1486/314 446/1487/314

vt 5086.18 18.695
vt 5086.18 14.9882
v 27.047 0.380699 -129.551
v 27.047 0.474854 -129.551
f 445/1488/212 446/1489/212 447/1038/212 448/1043/212 

vt -3000.18 18.695
vn -0.397786 6.4466e-18 -0.917478
v 27.3151 0.47396 -129.305
vt -3011.69 18.6599
v 27.3151 0.380699 -129.305
vt -3011.69 14.9882
vt -3000.18 14.9882
f 445/1490/315 449/1491/315 450/1492/315 446/1493/315 

vt 3018.41 1967.13
vn 0.354442 0.460244 0.813969
vt 3007.37 1969.5
vt 3006.9 1967.17
f 449/1494/316 434/1495/316 445/1496/316

vt 5087.35 -1040.29
vn 0.195284 0.980747 -0
vt 5090.76 -1051.05
v 27.047 0.527352 -129.267
vt 5089.23 -1040.29
f 434/1497/317 449/1498/317 451/1499/317

vt 2972.77 1850.12
vn 0.353782 0.429544 0.830861
vt 2983.82 1847.79
v 27.3151 0.474854 -129.306
vt 2983.83 1847.83
v 27.3151 0.527352 -129.333
vt 2984.25 1850.12
f 434/1500/318 449/1501/318 452/1502/318 453/1503/318 

v 27.5078 0.474854 -129.36
vt 2416.88 2072
vn 0.241525 0.445648 0.862011
vt 2409.29 2074.31
vt 2409 2072
vt 2408.99 2071.96
f 454/1504/319 453/1505/319 452/1506/319 449/1507/319 

vt 3220.09 3118.87
vn 0.288179 0.759569 0.583102
vt 3227.36 3115.69
v 27.5078 0.527352 -129.428
vt 3228.55 3118.87
f 453/1508/320 454/1509/320 455/1510/320

usemtl Color_B08
v 27.5443 0.474854 -129.449
vt 5127.05 428.042
vn 0.829671 0.442817 0.33994
vt 5125.76 430.347
vt 5123.27 428.042
f 456/1511/321 455/1512/321 454/1513/321

vt 5095.59 -600.311
vn 0.821601 0.570063 8.58492e-18
vt 5096.4 -602.827
v 27.5443 0.474854 -129.551
vt 5100.44 -602.827
v 27.5078 0.527352 -129.551
vt 5100.44 -600.311
f 455/1514/322 456/1515/322 457/1516/322 458/1517/322 

v 27.5078 0.380699 -129.551
vt 5100.44 404.73
vn 0.932639 -0.36081 -9.089e-18
vt 5100.44 408.705
vt 5096.4 408.705
v 27.5078 0.380699 -129.428
vt 5095.59 404.73
f 459/1518/323 457/1519/323 456/1520/323 460/1521/323 

vn 0.932639 -0.36081 6.05933e-18
v 27.5078 0.380699 -129.674
vt 5105.29 404.73
v 27.5443 0.474854 -129.654
vt 5104.48 408.705
f 457/1519/324 459/1518/324 461/1522/324 462/1523/324 

usemtl FrontColor
vt -1084.42 18.695
vt -1082.99 14.9882
v 27.5078 0.474854 -129.551
vt -1082.99 18.695
f 457/1524/1 459/1525/1 463/1526/1

v 27.5078 0.474854 -129.743
vt 5107.98 18.695
vt 5105.29 14.9882
f 464/1527/212 463/1043/212 459/1038/212 461/1528/212 

v 27.5078 0.527352 -129.674
vt 5105.29 20.7619
f 463/1043/212 464/1527/212 465/1529/212 458/994/212 

vt 1082.99 5107.98
vt 1082.99 5100.44
vt 1084.42 5100.44
vt 1084.42 5104.48
f 464/1530/195 463/1531/195 457/1532/195 462/1533/195 

vt -1082.99 20.7619
f 463/1526/1 458/1534/1 457/1524/1

v 27.3151 0.474854 -129.551
vt -1075.4 18.695
v 27.3151 0.527352 -129.551
vt -1075.4 20.7619
f 466/1535/1 467/1536/1 458/1534/1 463/1526/1 

vt 5091.84 20.7619
vt 5090.77 18.695
f 453/1537/212 452/1538/212 466/1043/212 467/994/212 

vt 5090.76 18.6599
vt 5090.76 14.9882
v 27.3151 0.380699 -129.483
vt 5097.75 14.9882
v 27.3151 0.380699 -129.551
f 449/1539/212 450/1540/212 468/1541/212 469/1038/212 466/1043/212 452/1538/212 

vt -2427.11 18.695
vn -0.271935 0 -0.962315
vt -2419.23 14.9882
vt -2419.23 18.6599
f 454/1542/325 450/1543/325 449/1544/325

vt -3643.26 -1927.36
vn -0.458389 0.522289 -0.719093
vt -3650.81 -1923.01
vt -3652.25 -1927.36
f 450/1545/326 454/1546/326 460/1547/326

usemtl Color_B08
vt 5125.76 -232.404
vn 0.892133 -0.265492 0.365532
vt 5127.05 -228.559
vt 5123.27 -228.559
f 460/1548/327 456/1549/327 454/1550/327

usemtl FrontColor
vt 1082.99 5092.9
vt 1084.42 5096.4
f 463/1531/195 454/1551/195 456/1552/195 457/1532/195 

vt 5092.9 18.695
vt 5095.59 20.7619
f 454/1553/212 463/1043/212 458/994/212 455/1554/212 

vt 5095.59 14.9882
f 463/1043/212 454/1553/212 460/1555/212 459/1038/212 

vt 1075.4 5090.76
vt 1082.99 5095.59
vt 1075.4 5100.44
vt 1075.4 5097.75
f 450/1556/195 460/1557/195 459/1531/195 469/1558/195 468/1559/195 

v 27.3151 0.161404 -129.431
vt 3645.92 -1614.61
vn 0.483825 -0.435705 0.758996
vt 3652.25 -1605.02
vt 3643.26 -1605.02
f 470/1560/328 460/1561/328 450/1562/328

vt 5100.44 726.139
vn 0.751177 -0.660101 -6.25039e-18
vt 5095.59 726.139
vt 5095.71 714.645
v 27.3151 0.161404 -129.551
vt 5100.44 714.645
f 459/1563/329 460/1564/329 470/1565/329 471/1566/329 

vt 5095.71 6.3545
f 468/1541/212 450/1540/212 470/1567/212 471/1041/212 469/1038/212 

vt 1064.84 5086.18
vt 1064.84 5100.44
f 446/1568/195 450/1556/195 468/1559/195 469/1558/195 447/1569/195 

vt -3013.66 -1973.68
vn -0.351955 0.466 -0.811771
vt -3000.18 -1963.92
vt -3011.69 -1963.92
f 470/1570/330 446/1571/330 450/1572/330

vt -3485.71 -1214.46
vn -0.478246 0.318808 -0.818317
vt -3499.64 -1223.57
v 27.047 0.161404 -129.274
vt -3487.41 -1223.57
f 446/1573/331 470/1574/331 472/1575/331

vt -1075.4 5095.71
vt -1064.84 5089.54
v 27.047 0.161404 -129.551
vt -1064.84 5100.44
vt -1075.4 5100.44
f 470/1576/3 472/1577/3 473/1578/3 471/1579/3 

vt -3487.41 -3582.71
vn -0.186065 0.929527 -0.318371
vt -3499.64 -3582.71
v 27.047 0.0970622 -129.462
vt -3491.14 -3589.57
f 472/1580/332 470/1581/332 474/1582/332

vt 5095.71 1047.2
vn 0.233334 -0.972397 4.30187e-17
vt 5096.94 1036.34
v 27.047 0.0970622 -129.551
vt 5100.44 1036.34
vt 5100.44 1047.2
f 470/1583/333 474/1584/333 475/1585/333 471/1586/333 

vt -5096.94 3.82135
vn -1 -1.79518e-13 3.84467e-30
vt -5089.54 6.3545
vt -5100.44 3.82135
f 474/1587/334 472/1588/334 473/1354/334 475/1589/334 

vt -2414.55 -4344.83
vn -0.0914691 0.942081 -0.322671
v 26.9245 0.161404 -129.24
vt -2407.53 -4337.27
vt -2412.54 -4337.27
f 474/1590/335 476/1591/335 472/1592/335

vt -3154.42 -3784.91
vn -0.172449 0.916897 -0.359946
vt -3162.55 -3791.26
v 26.8454 0.161404 -129.202
vt -3150.96 -3784.91
f 476/1593/336 474/1594/336 477/1595/336

vt -5096.94 -1013.26
vn -0.304055 -0.952655 1.36302e-17
vt -5086.68 -1004.93
v 26.8454 0.161404 -129.551
vt -5100.44 -1004.93
f 474/1596/337 477/1597/337 478/1598/337

vt -1060.02 5088.18
vt -1056.9 5086.68
vt -1056.9 5100.44
v 26.9245 0.161404 -129.551
vt -1060.02 5100.44
v 26.9245 0.161404 -129.288
vt -1060.02 5090.06
f 476/1599/3 477/1600/3 478/1601/3 479/1602/3 480/1603/3 

vt -3150.96 -1055.25
vn -0.417563 0.25695 -0.871561
vt -3153.32 -1046.31
vt -3154.42 -1055.25
f 477/1604/338 444/1605/338 476/1606/338

vt -3500.93 -1049.92
vn -0.48902 0.277306 -0.827019
vt -3498.79 -1058.91
vt -3497.31 -1049.92
f 444/1607/339 477/1608/339 443/1609/339

vt 5083.79 14.9882
vt 5086.68 6.3545
v 26.8454 0.380699 -129.551
v 26.8454 0.380699 -129.166
vt 5085.28 14.9882
f 443/1610/212 477/1611/212 478/1041/212 481/1038/212 482/1612/212 

v 26.8454 0.161404 -129.901
vt 5114.19 6.3545
v 26.8454 0.380699 -129.974
vt 5117.09 14.9882
v 26.8454 0.380699 -129.936
vt 5115.6 14.9882
f 483/1613/212 484/1614/212 485/1615/212 481/1038/212 478/1041/212 

vt -1693.27 1376.03
vn -0.48902 0.277306 0.827019
v 26.9245 0.380699 -129.927
vt -1691.12 1385.02
vt -1694.74 1385.02
f 483/1616/340 486/1617/340 484/1618/340

vt -1254.17 1317.51
vn -0.417563 0.25695 0.871561
vt -1256.53 1308.58
v 26.9245 0.161404 -129.863
vt -1253.07 1308.58
f 486/1619/341 483/1620/341 487/1621/341

vt -1056.9 5114.19
vt -1060.02 5112.7
v 26.9245 0.161404 -129.815
vt -1060.02 5110.82
f 483/1622/3 487/1623/3 488/1624/3 479/1602/3 478/1601/3 

v 27.047 0.0970622 -129.64
vt -1244.94 4643.8
vn -0.172449 0.916897 0.359946
vt -1253.07 4650.14
vt -1256.53 4650.14
f 489/1625/342 487/1626/342 483/1627/342

vt -374.543 4908.47
vn -0.0914691 0.942081 0.322671
vt -367.515 4900.92
v 27.047 0.161404 -129.828
vt -369.532 4908.47
f 487/1628/343 489/1629/343 490/1630/343

v 27.3151 0.161404 -129.671
vt -1647.48 4603.74
vn -0.186065 0.929527 0.318371
vt -1659.7 4603.74
vt -1655.97 4596.87
f 491/1631/344 490/1632/344 489/1633/344

vt -1064.84 5111.33
vt -1075.4 5105.17
f 490/1634/3 491/1635/3 471/1579/3 473/1578/3 

vt -1647.48 1584.2
vn -0.478246 0.318808 0.818317
v 27.047 0.380699 -129.913
vt -1661.4 1593.31
vt -1659.7 1584.2
f 491/1636/345 492/1637/345 490/1638/345

vt -1057.59 2397.41
vn -0.351955 0.466 0.811771
vt -1044.11 2387.66
v 27.3151 0.380699 -129.797
vt -1046.08 2397.41
f 492/1639/346 491/1640/346 493/1641/346

vt 5110.12 14.9882
v 27.3151 0.380699 -129.62
vt 5103.13 14.9882
vt 5105.17 6.3545
f 493/1642/212 494/1643/212 469/1038/212 471/1041/212 491/1644/212 

vt 1082.99 5105.29
vt 1075.4 5110.12
vt 1075.4 5103.13
f 461/1645/195 493/1646/195 494/1647/195 469/1558/195 459/1531/195 

vt 1831.02 2142.84
vn 0.483825 -0.435705 -0.758996
vt 1837.35 2133.25
vt 1840.02 2142.84
f 461/1648/347 491/1649/347 493/1650/347

vt 5105.29 726.139
vn 0.751177 -0.660101 -0
vt 5105.17 714.645
f 461/1651/348 459/1563/348 471/1566/348 491/1652/348 

vt -1075.4 6.3545
vt -1075.4 14.9882
f 459/1525/1 471/1653/1 469/1654/1

vt -1064.84 6.3545
vt -1064.84 14.9882
f 469/1654/1 471/1653/1 473/1655/1 447/1656/1 

vt -1064.84 3.82135
f 471/1653/1 475/1657/1 473/1655/1

vt 5103.94 1036.34
vn 0.233334 -0.972397 -0
vt 5105.17 1047.2
f 489/1658/349 491/1659/349 471/1586/349 475/1585/349 

vt -5111.33 6.3545
vn -1 -1.79518e-13 -7.68933e-30
vt -5103.94 3.82135
f 490/1660/350 489/1661/350 475/1589/350 473/1354/350 

vn -0.304055 -0.952655 -5.26302e-17
vt -5103.94 -1013.26
vt -5100.44 -1013.26
f 478/1598/351 489/1662/351 475/1663/351

vt -5114.19 -1004.93
vn -0.304055 -0.952655 -2.04454e-17
f 483/1664/352 489/1662/352 478/1598/352

vt -1056.9 6.3545
vt -1060.02 6.3545
f 475/1657/1 478/1665/1 479/1666/1 473/1655/1 

vn -0.304055 -0.952655 1.0526e-16
f 474/1596/353 478/1598/353 475/1663/353

v 26.9245 0.380699 -129.551
vt -1060.02 14.9882
vt -1056.9 14.9882
f 495/1667/1 479/1666/1 478/1665/1 481/1668/1 

vt 5090.06 6.3545
vt 5085.63 14.9882
vt 5088.18 6.3545
f 480/1669/212 479/1041/212 495/1038/212 444/1670/212 476/1671/212 

f 472/1577/3 476/1599/3 480/1603/3 479/1602/3 473/1578/3 

vt -2407.53 -1610.71
vn -0.255379 0.350976 -0.900887
vt -2411.62 -1601.49
vt -2412.54 -1610.71
f 476/1672/354 446/1673/354 472/1674/354

vt 5086.18 532.245
vn 0.873098 -0.487545 1.12472e-15
vt 5088.18 522.356
vt 5090.06 522.356
f 446/1675/355 476/1676/355 480/1677/355

vt -1632.88 -1372.42
vn -0.108467 0.281114 -0.953525
vt -1628.32 -1381.41
vt -1628.03 -1372.42
f 446/1678/356 476/1679/356 444/1680/356

vt 1060.02 5085.63
f 444/1681/195 446/1568/195 447/1569/195 495/1461/195 

vt 5089.54 6.3545
f 446/1489/212 472/1682/212 473/1041/212 447/1038/212 

f 447/1656/1 473/1655/1 479/1666/1 495/1667/1 

vt 5111.33 6.3545
vt 5114.7 14.9882
f 490/1683/212 492/1684/212 447/1038/212 473/1041/212 

vt -370.449 1843.05
vn -0.255379 0.350976 0.900887
vt -374.543 1833.83
vt -369.532 1833.83
f 492/1685/357 487/1686/357 490/1687/357

vt 5112.7 522.356
vn 0.873098 -0.487545 -5.6236e-16
vt 5114.7 532.245
vt 5110.82 522.356
f 487/1688/358 492/1689/358 488/1690/358

vt 475.368 1467.82
vn -0.108467 0.281114 0.953525
vt 479.933 1476.82
vt 475.08 1476.82
f 487/1691/359 492/1692/359 486/1693/359

vt 1064.84 5114.7
vt 1060.02 5115.25
f 492/1694/195 486/1695/195 495/1461/195 447/1569/195 

v 27.047 0.474854 -129.913
vt 479.933 18.695
vn -0.113024 0 0.993592
vt 475.08 14.9882
vt 479.933 14.9882
f 496/1696/360 486/1697/360 492/1698/360

vt -801.425 1576.93
vn -0.334281 0.302715 0.892536
vt -796.718 1580.82
v 26.9245 0.474585 -129.959
vt -801.865 1580.8
f 486/1699/361 496/1700/361 497/1701/361

vt 792.866 -2401.55
vn 0.308478 0.468195 -0.828031
v 27.047 0.527352 -129.884
vt 787.311 -2399.2
vt 787.719 -2401.54
f 497/1702/362 498/1703/362 496/1704/362

vt 712.544 -2539.15
vn 0.291678 0.494203 -0.818955
vt 718.083 -2541.54
v 26.9245 0.527352 -129.927
vt 717.662 -2539.15
f 498/1705/363 497/1706/363 499/1707/363

v 26.8454 0.474854 -129.996
vt 1194.62 -2426.61
vn 0.369073 0.480193 -0.795738
vt 1190.66 -2424.25
vt 1191.19 -2426.62
f 500/1708/364 499/1709/364 497/1710/364

vt 1691.12 -1629.86
vn 0.479803 0.333716 -0.811432
vt 1695.17 -1632.05
v 26.8454 0.527352 -129.974
vt 1694.74 -1629.86
f 499/1711/365 500/1712/365 501/1713/365

vt 5117.94 18.695
vt 5117.09 20.7619
v 26.8454 0.474854 -129.974
vt 5117.09 18.695
f 500/1714/212 501/1715/212 502/1716/212

v 26.8454 0.474854 -129.551
f 503/1043/212 502/1716/212 501/1715/212 429/994/212 

f 485/1615/212 484/1614/212 502/1716/212 503/1043/212 481/1038/212 

vt 1056.9 5117.09
vt 1056.9 5115.6
f 486/1695/195 484/1717/195 485/1718/195 481/1462/195 495/1461/195 

vt -1691.76 1403.38
vn -0.488585 0.280245 0.826285
vt -1694.74 1399.53
vt -1691.12 1399.53
f 497/1719/366 484/1720/366 486/1721/366

vt -1182.4 1052.31
vn -0.40985 0.203876 0.889077
vt -1179.33 1056.09
vt -1182.76 1056.1
f 484/1722/367 497/1723/367 500/1724/367

f 500/1714/212 502/1716/212 484/1614/212

vt 5115.25 14.9882
vt 5116.5 18.6844
v 26.9245 0.474854 -129.927
vt 5115.25 18.695
v 26.9245 0.474854 -129.551
f 486/1725/212 497/1726/212 504/1727/212 505/1043/212 495/1038/212 

vt 5115.25 20.7619
f 497/1726/212 499/1728/212 431/994/212 505/1043/212 504/1727/212 

vt 1064.84 5113.53
v 27.047 0.527352 -129.551
v 27.047 0.527352 -129.836
vt 1064.84 5111.65
f 498/1729/195 499/1695/195 431/1461/195 506/1569/195 507/1730/195 

vt -712.544 -2947.72
vn -0.274981 -0.572963 0.772075
v 26.9245 0.761712 -129.753
vt -715.365 -2936.46
vt -717.662 -2947.72
f 498/1731/368 508/1732/368 499/1733/368

vt -1012.21 -2953.94
vn -0.316582 -0.581922 0.749095
vt -1009.76 -2965.29
v 27.047 0.761712 -129.702
vt -1006.97 -2953.94
f 508/1734/369 498/1735/369 509/1736/369

vt -1023.58 -2961.43
vn -0.318725 -0.581482 0.748528
v 27.3151 0.527352 -129.769
vt -1012.11 -2961.43
vt -1020.77 -2950.09
f 498/1737/370 510/1738/370 509/1739/370

vt 1075.4 5109.03
f 510/1740/195 498/1729/195 507/1730/195 506/1569/195 467/1558/195 

v 27.3151 0.47396 -129.797
vt 1012.53 -2183.68
vn 0.353782 0.429544 -0.830861
vt 1023.58 -2181.35
vt 1012.11 -2181.35
v 27.3151 0.474854 -129.797
vt 1012.53 -2183.64
f 511/1741/371 498/1742/371 510/1743/371 512/1744/371 

vt 5110.12 -1051.05
vn 0.195284 0.980747 4.22517e-16
vt 5113.53 -1040.29
vt 5111.65 -1040.29
f 511/1745/372 498/1746/372 507/1747/372

vt 1065.23 -2335
vn 0.354442 0.460244 -0.813969
vt 1054.19 -2337.37
vt 1065.69 -2337.33
f 498/1748/373 511/1749/373 496/1750/373

vt -1046.08 18.6599
vn -0.397786 -5.37217e-17 0.917478
vt -1057.59 18.695
vt -1057.59 14.9882
vt -1046.08 14.9882
f 511/1751/374 496/1752/374 492/1753/374 493/1754/374 

vt 5114.7 18.695
f 492/1684/212 496/1755/212 448/1043/212 447/1038/212 

vt 5113.53 20.7619
vt 5111.65 20.7619
f 496/1755/212 498/1756/212 507/1757/212 506/994/212 448/1043/212 

vt 5106.36 29.9887
v 27.047 0.761712 -129.551
f 498/1756/212 509/1758/212 513/981/212 506/994/212 507/1757/212 

vt 5100.44 -935.564
vn 0.453295 0.89136 6.30702e-17
vt 5100.44 -955.919
vt 5105.29 -955.919
vt 5106.36 -935.564
f 513/1759/375 458/1760/375 465/1761/375 509/1762/375 

vn 0.453295 0.89136 -4.20468e-17
vt 5094.52 -935.564
vt 5095.59 -955.919
f 458/1760/376 513/1759/376 435/1763/376 455/1764/376 

vt -1064.84 20.7619
vt -1064.84 29.9887
f 467/1536/1 506/1765/1 513/1766/1 458/1534/1 

vt -1064.84 18.695
f 448/1767/1 506/1765/1 467/1536/1 466/1535/1 

vt -1060.02 18.695
f 505/1768/1 431/1441/1 506/1765/1 448/1767/1 

vt 5084.38 18.6844
v 26.9245 0.474854 -129.175
vt 5085.63 18.695
f 433/1443/212 442/1769/212 514/1770/212 505/1043/212 431/994/212 

vt 2704.46 2207.54
vn 0.291678 0.494203 0.818955
vt 2710 2209.93
vt 2704.88 2209.93
f 442/1771/377 434/1772/377 433/1773/377

vt 2773.86 2076.31
vn 0.308478 0.468195 0.828031
vt 2768.31 2073.96
vt 2773.45 2073.97
f 434/1774/378 442/1775/378 445/1776/378

vt 5087.35 20.7619
vt 5089.23 20.7619
f 434/1777/212 445/1488/212 448/1043/212 506/994/212 451/1778/212 

vt 1064.84 5087.35
vt 1075.4 5091.84
vt 1064.84 5089.23
f 434/1779/195 453/1780/195 467/1558/195 506/1569/195 451/1781/195 

vt -2984.25 2496.05
vn -0.318725 -0.581482 -0.748528
vt -2972.77 2496.05
vt -2975.58 2507.39
f 453/1782/379 434/1783/379 435/1784/379

vt 5094.52 29.9887
f 435/1785/212 434/1777/212 451/1778/212 506/994/212 513/981/212 

f 433/1681/195 434/1779/195 451/1781/195 506/1569/195 431/1461/195 

f 513/1766/1 506/1765/1 431/1441/1 430/1440/1 

vt 5108.4 29.9887
f 499/1728/212 508/1786/212 430/981/212 431/994/212 

v 26.8454 0.761712 -129.851
vt -3315.1 -1676.13
vn -0.705446 -0.422378 0.56916
vt -3315.47 -1686.31
vt -3310.14 -1676.13
f 515/1787/380 499/1788/380 508/1789/380

vt -1691.12 -2010.83
vn -0.464082 -0.410664 0.784846
vt -1692.28 -2000.71
vt -1694.74 -2010.83
f 499/1790/381 515/1791/381 501/1792/381

v 26.8454 0.761712 -129.753
vt 5112.26 29.9887
f 516/1786/212 428/981/212 429/994/212 501/1715/212 515/1793/212 

v 26.8454 0.823986 -129.794
vt 5109.98 32.4404
v 26.8454 0.823986 -129.551
f 515/1793/212 517/1794/212 518/982/212 428/981/212 516/1786/212 

vt -3310.14 -2007.83
vn -0.672058 -0.504314 0.542223
vt -3313.33 -2004.99
vt -3315.1 -2007.83
f 508/1795/382 517/1796/382 515/1797/382

vt -3839.71 -2109.42
vn -0.683417 -0.604293 0.4096
vt -3836.75 -2112.49
v 26.9245 0.823986 -129.661
vt -3833.65 -2109.42
f 517/1798/383 508/1799/383 519/1800/383

vt 5104.78 32.4404
v 26.9245 0.823986 -129.551
f 508/1786/212 519/1801/212 520/982/212 430/981/212 

vt -1010.8 -4100.36
vn -0.230723 -0.805432 0.545936
vt -1012.21 -4104.5
vt -1006.97 -4104.5
f 519/1802/384 508/1803/384 509/1804/384

vt 1064.84 5106.36
vt 1060.02 5108.4
f 513/1569/195 509/1805/195 508/1806/195 430/1461/195 

vn 0.453295 0.89136 2.02029e-17
vt 5104.78 -930.155
vt 5100.44 -930.155
f 509/1762/385 519/1807/385 520/1808/385 513/1759/385 

vt 1060.02 5104.78
vt 1056.9 5109.98
f 519/1809/195 517/1810/195 518/1462/195 520/1461/195 

v 26.8454 0.92712 -129.701
vt -3836.6 -1443.03
vn -0.779217 -0.417991 0.467017
vt -3839.71 -1447.5
vt -3833.65 -1447.5
f 521/1811/386 517/1812/386 519/1813/386

vt 5106.35 36.5008
v 26.8454 0.92712 -129.551
f 517/1794/212 521/1814/212 522/1197/212 518/982/212 

v 26.7524 0.92712 -129.551
vt 1053.24 5100.44
vt 1056.9 5106.35
v 26.7524 0.92712 -129.787
vt 1053.24 5109.73
f 523/1815/195 522/1462/195 521/1816/195 524/1817/195 

v 26.7524 1.15596 -129.551
vt -1053.24 45.5104
vt -1056.9 36.5008
vt -1053.24 36.5008
v 26.7524 0.984331 -129.551
vt -1053.24 38.7532
v 26.7524 1.05101 -129.551
vt -1053.24 41.3782
f 525/1818/1 522/1819/1 523/1820/1 526/1821/1 527/1822/1 

vt 5100.44 -363.976
vn 0.926467 0.376375 -0
vt 5100.44 -354.251
v 26.7524 1.15596 -129.362
vt 5093 -354.251
v 26.8454 0.92712 -129.401
vt 5094.53 -363.976
f 522/1823/387 525/1824/387 528/1825/387 529/1826/387 

vt 5106.35 -363.976
v 26.7524 1.15596 -129.74
vt 5107.87 -354.251
f 525/1824/387 522/1823/387 521/1827/387 530/1828/387 

vt 5104.78 -619.571
vn 0.793347 0.608769 2.54354e-17
vt 5106.35 -614.453
vt 5100.44 -614.453
vt 5100.44 -619.571
f 519/1829/388 521/1830/388 522/1831/388 520/1832/388 

vt 5094.53 -614.453
vn 0.793347 0.608769 -3.81531e-17
vt 5096.1 -619.571
f 529/1833/389 436/1834/389 520/1832/389 522/1831/389 

vt -4910.01 744.475
vn -0.779217 -0.417991 -0.467017
vt -4913.13 748.945
vt -4916.07 744.475
f 437/1835/390 529/1836/390 436/1837/390

vt 5094.53 36.5008
vt 5090.9 32.4404
f 529/1838/212 437/1839/212 518/982/212 522/1197/212 

vt 1056.9 5090.9
vt 1060.02 5096.1
f 437/1840/195 436/1841/195 520/1461/195 518/1462/195 

vt 5096.1 -930.155
vn 0.453295 0.89136 -0
f 436/1842/391 435/1763/391 513/1759/391 520/1808/391 

vt 1064.84 5094.52
f 435/1843/195 513/1569/195 430/1461/195 432/1460/195 

vt -1060.02 32.4404
f 430/1440/1 520/1844/1 513/1766/1

vt -1056.9 32.4404
f 428/1438/1 518/1845/1 520/1844/1 430/1440/1 

v 26.7524 0.823986 -129.551
vt -1053.24 32.4404
f 426/1436/1 531/1846/1 518/1845/1 428/1438/1 

f 313/979/1 312/978/1 531/1846/1 426/1436/1 

vt 5080.04 32.4404
f 393/1847/212 315/992/212 313/981/212 312/982/212 

vt -1500.63 4340.83
vn -0.0453878 -0.872824 -0.485919
vt -1511.96 4345.85
vt -1511.55 4340.83
f 308/1848/392 393/1849/392 315/1850/392

vt -2052.03 3757.53
vn -0.125646 -0.784682 -0.607032
vt -2040.28 3753.58
vt -2040.93 3757.53
f 393/1851/393 308/1852/393 391/1853/393

v 26.5185 0.92712 -129.551
v 26.5185 0.92712 -129.28
vt 5089.75 36.5008
vt 5083.75 36.5008
f 532/1197/212 533/1854/212 394/1855/212 393/1847/212 312/982/212 

v 26.5185 0.984331 -129.551
vt 5100.44 38.7532
v 26.5185 1.05101 -129.551
vt 5100.44 41.3782
vt 5088.79 45.5104
vt 5083.75 45.5104
f 533/1854/212 532/1197/212 534/1856/212 535/1857/212 399/1248/212 397/1858/212 396/1859/212 394/1855/212 

vt 1033.16 5080.06
vt 1044.03 5089.75
f 532/985/195 385/971/195 392/973/195 395/1860/195 394/1235/195 533/1861/195 

vt -1033.16 45.5104
vt -1044.03 45.5104
vt -1044.03 41.3782
vt -1044.03 38.7532
vt -1044.03 36.5008
f 385/1199/1 400/1862/1 399/1863/1 535/1864/1 534/1865/1 532/1866/1 

vt 5080.06 36.5008
f 398/1252/212 395/1867/212 392/1217/212 385/1197/212 400/1248/212 401/1247/212 402/1246/212 

vt 1017.81 5082.42
f 392/973/195 385/971/195 386/871/195 388/870/195 410/1868/195 395/1860/195 

vt -1017.81 45.5104
f 386/1198/1 408/1869/1 400/1862/1 385/1199/1 

v 25.4105 0.92712 -129.551
vt -1000.41 36.5008
vt -1000.41 45.5104
f 536/1870/1 413/1871/1 408/1869/1 386/1198/1 

vt -5108.44 45.5104
vt -5108.44 36.5008
vt -5100.44 36.5008
vt -5100.44 45.5104
f 414/1872/2 423/1873/2 536/1874/2 413/1875/2 

v 25.4105 0.92712 -129.938
vt -5115.67 36.5008
f 414/1872/2 537/1876/2 423/1873/2

usemtl Color_M00
v 25.8524 1.15596 -129.975
vt -3197.36 -2368.96
vn -0.362913 0.583559 -0.726466
vt -3181.14 -2380.06
vt -3177.91 -2368.96
f 538/1877/394 537/1878/394 414/1879/394

usemtl FrontColor
vt -1795.44 -668.338
vn -0.156217 0.143955 -0.977176
vt -1812.85 -659.234
vt -1813.05 -668.338
f 537/1880/395 538/1881/395 383/1882/395

vt -5117.13 924.74
vn -0.459851 0.887996 -2.09166e-16
vt -5115.67 905.147
v 25.8524 1.15596 -129.903
vt -5114.29 924.74
f 538/1883/396 537/1884/396 539/1885/396

vt 5120.82 -872.609
vn 0.506094 0.862478 1.2366e-15
vt 5117.13 -854.807
vt 5114.29 -854.807
f 381/1886/397 538/1887/397 539/1888/397

vt -1783.88 -661.407
vn -0.150432 0.144086 -0.978064
vt -1799.61 -670.512
vt -1784.08 -670.512
f 538/1889/398 381/1890/398 383/1891/398

vt -2140.57 -69.3706
vn -0.221202 0.0222152 -0.974975
vt -2124.78 -60.3588
v 26.2424 1.15596 -130.064
vt -2140.53 -60.3588
f 381/1892/399 538/1893/399 540/1894/399

vt 1033.16 5120.61
vt 1017.81 5117.13
v 26.2424 1.15596 -129.611
v 26.2424 1.15596 -129.963
f 540/1895/195 538/1896/195 539/1196/195 408/871/195 400/971/195 541/1158/195 542/1157/195 

vt 2124.78 -2327.88
vn 0.192019 -0.496815 0.846347
vt 2140.53 -2327.88
v 25.8524 1.40389 -129.829
vt 2123.52 -2316.63
f 538/1897/400 540/1898/400 543/1899/400

usemtl Color_M00
vt -1799.58 -2758.09
vn -0.124901 0.570038 -0.812069
vt -1783.01 -2746.21
v 26.2424 1.40389 -129.889
vt -1798.54 -2746.21
f 540/1900/401 543/1901/401 544/1902/401

usemtl FrontColor
vt 5120.61 -847.478
vn 0.536491 0.843906 -1.06406e-15
vt 5111.4 -829.284
v 25.8524 1.40389 -129.754
vt 5108.44 -829.284
vt 5116.65 -847.478
f 540/1903/402 543/1904/402 545/1905/402 542/1906/402 

vt 1017.81 5111.4
v 25.7068 1.40389 -129.729
vt 1012.08 5107.44
v 25.7068 1.40389 -129.551
vt 1012.08 5100.44
v 25.8524 1.40389 -129.551
vt 1017.81 5108.44
f 543/1907/195 546/1908/195 547/1909/195 548/871/195 545/1910/195 

vt -3735.13 -2898.99
vn -0.334702 0.808135 -0.484657
v 25.8524 1.52571 -129.626
vt -3737.55 -2890.85
vt -3742.09 -2898.99
f 546/1911/403 549/1912/403 543/1913/403

vt -5100.44 811.681
vn -0.641708 0.766949 -0
v 25.8524 1.52571 -129.551
vt -5100.44 819.155
vt -5103.4 819.155
vt -5107.44 811.681
f 547/1914/404 550/1915/404 549/1916/404 546/1917/404 

vt -1012.08 55.2713
vt -1017.81 60.0674
vt -1017.81 55.2713
f 547/1918/1 550/1919/1 548/1920/1

vn -0.641708 0.766949 -4.59341e-17
v 25.7068 1.40389 -129.373
vt -5093.44 811.681
v 25.8524 1.52571 -129.476
vt -5097.48 819.155
f 550/1915/405 547/1914/405 551/1921/405 552/1922/405 

vn -0.641708 0.766949 1.13438e-17
vt -5100.44 796.47
vt -5092.44 796.47
f 547/1914/406 413/1923/406 411/1924/406 551/1921/406 

vn -0.641708 0.766949 3.40315e-17
vt -5108.44 796.47
f 413/1923/407 547/1914/407 546/1917/407 414/1925/407 

f 548/1920/1 408/1869/1 413/1871/1 547/1918/1 

v 25.8524 1.40389 -129.273
vt 5089.48 55.2713
vt 5086.59 45.5104
v 25.8524 1.40389 -129.348
vt 5092.44 55.2713
f 553/1926/212 407/1859/212 409/1927/212 408/1248/212 548/1249/212 554/1928/212 

vt 116.486 2614.46
vn 0.192019 -0.496815 -0.846347
vt 132.23 2614.46
vt 133.498 2625.71
f 398/1929/408 407/1930/408 553/1931/408

vt 1361.4 2366.17
vn 0.395662 -0.464924 -0.792021
vt 1380.85 2366.17
vt 1363.97 2377.2
f 407/1932/409 411/1933/409 553/1934/409

f 411/873/195 407/1253/195 409/870/195 408/871/195 413/872/195 

vt 5082.42 36.5008
f 410/1935/212 388/1201/212 409/1927/212 407/1859/212 

vt 5080.15 32.4404
f 388/1201/212 410/1935/212 389/1936/212 387/1200/212 

f 289/874/195 410/1868/195 388/870/195 386/871/195 536/872/195 412/873/195 

vt 185.256 1162.06
vn -0.154054 0.21829 0.963648
vt 202.73 1166.22
vt 185.111 1166.22
f 267/1937/410 410/1938/410 289/1939/410

vt -184.617 2508.95
vn -0.203023 0.47816 0.854485
vt -201.974 2504.33
vt -184.092 2504.33
f 410/1940/411 267/1941/411 389/1942/411

vt 233.705 2533.44
vn -0.133027 0.48399 0.864903
vt 248.894 2538.08
vt 233.36 2538.08
f 389/1943/412 395/1944/412 410/1945/412

vt 249.24 2533.44
f 395/1944/412 389/1943/412 391/1946/412

f 395/1867/212 391/1215/212 314/983/212 392/1217/212 

vt -5085.2 32.4404
vt -5084.28 32.4404
f 289/1272/2 288/1947/2 267/1948/2

vt -5092.44 32.4404
f 288/1947/2 289/1272/2 412/1274/2 390/1949/2 

vt -5085.43 995.122
vn -0.111314 0.993785 1.97296e-17
vt -5085.2 998.258
vt -5092.44 998.258
vt -5100.44 998.258
vt -5108.44 998.258
vt -5115.67 998.258
vt -5115.59 995.122
vt -5111.31 995.122
vt -5089.57 995.122
f 211/1950/413 289/1951/413 412/1952/413 536/1953/413 423/1954/413 537/1955/413 115/1956/413 213/1957/413 212/1958/413 

vt 502.17 1169.73
vn -0.0940857 0.219947 0.970964
vt 505.382 1165.93
vt 505.293 1170.09
f 211/1959/414 267/1960/414 289/1961/414

vt -5084.28 -618.462
vn -0.765832 -0.643041 9.98847e-17
vt -5085.43 -613.616
vt -5089.57 -613.616
vt -5111.31 -613.616
vt -5115.59 -613.616
vt -5116.59 -618.462
vt -5115.67 -618.462
vt -5108.44 -618.462
vt -5100.44 -618.462
vt -5092.44 -618.462
vt -5085.2 -618.462
f 267/1962/415 211/1963/415 212/1964/415 213/1965/415 115/1966/415 361/1967/415 365/1968/415 364/1969/415 363/1970/415 390/1971/415 288/1972/415 

vn -1 1.91556e-43 -2.07e-14
vt -5111.31 17.6636
f 265/849/416 212/848/416 213/1324/416 275/1973/416 

vn -1 1.94343e-42 2.10011e-13
vt -5115.59 36.1517
vt -5115.59 17.6636
f 213/1324/417 115/1974/417 114/1975/417 275/1973/417 

vn -1 2.56708e-29 1.85726e-13
f 416/1323/418 115/1974/418 213/1324/418

vt -690.587 -2067.41
vn -0.29205 -0.408525 0.864763
vt -728.698 -2072.23
vt -691.958 -2077.34
f 416/1976/419 117/1977/419 115/1978/419

vt -532.579 -2966.92
vn -0.236986 -0.579833 0.779507
vt -566.521 -2949.12
vt -570.611 -2972.32
f 416/1979/420 208/1980/420 117/1981/420

vn -2.56365e-14 -2.22577e-30 -1
vt -961.82 54.6399
vt -961.82 58.1457
f 208/1315/421 416/1316/421 213/1317/421 275/1318/421 113/1319/421 120/1320/421 137/1321/421 148/1322/421 210/1982/421 209/1983/421 

vn -1 -8.30506e-30 2.10011e-13
vt -5111.31 2.05304
f 114/1975/422 113/1984/422 275/1973/422

vt -5089.57 2.05304
vn -1 2.01294e-14 -2.90424e-14
vt -5094.17 2.05304
f 228/1985/423 265/849/423 275/1973/423 113/1984/423 298/1986/423 

f 228/1985/2 233/846/2 265/849/2

vt -5085.43 719.683
vn -0.705062 0.709146 9.16352e-17
vt -5084.04 724.077
vt -5085.2 724.077
vt -5092.44 724.077
vt -5100.44 724.077
vt -5108.44 724.077
v 25.4105 0.527352 -129.938
vt -5115.67 724.077
vt -5116.84 724.077
vt -5115.59 719.683
vt -5111.31 719.683
vt -5089.57 719.683
f 233/1987/424 268/1988/424 284/1989/424 283/1990/424 282/1991/424 422/1992/424 555/1993/424 424/1994/424 114/1995/424 275/1996/424 265/1997/424 

vt -5085.2 29.9887
vt -5084.28 29.9887
f 269/1998/2 284/889/2 268/891/2 266/1999/2 

vt -5092.44 29.9887
f 284/889/2 269/1998/2 270/2000/2 283/892/2 

f 269/1998/2 288/1947/2 390/1949/2 270/2000/2 

f 288/1947/2 269/1998/2 266/1999/2 267/1948/2 

vt -5100.44 32.4404
f 390/1949/2 363/2001/2 271/1418/2 270/2000/2 

f 412/1274/2 536/1874/2 363/2001/2 390/1949/2 

f 411/1273/2 413/1875/2 536/1874/2 412/1274/2 

vt -5111.31 997.218
vn -0.0921899 0.995741 1.13923e-17
vt -5092.44 1000.35
vt -5100.44 1000.35
vt -5108.44 1000.35
f 416/2002/425 411/2003/425 413/2004/425 414/2005/425 

vt -5089.57 997.218
vn -0.0921899 0.995741 -0
f 415/2006/426 411/2003/426 416/2002/426

f 538/1896/195 414/1339/195 413/872/195 408/871/195 539/1196/195 

vt 3177.91 -1876.52
vn 0.395662 -0.464924 0.792021
vt 3197.36 -1876.52
vt 3194.79 -1865.49
f 414/2007/427 538/2008/427 543/2009/427

vt 5117.13 45.5104
vt 5111.4 55.2713
vt 5108.44 55.2713
vt 5114.29 45.5104
f 538/2010/212 543/2011/212 545/2012/212 548/1249/212 408/1248/212 539/2013/212 

vt 5103.4 60.0674
vt 5100.44 60.0674
f 543/2011/212 549/2014/212 550/2015/212 548/1249/212 545/2012/212 

usemtl Color_M00
vt -1781.79 -4148.89
vn -0.0788592 0.854927 -0.512719
vt -1798.54 -4158.13
vt -1783.01 -4158.13
f 549/2016/428 544/2017/428 543/2018/428

usemtl FrontColor
vt 1017.81 -4605.87
vn 0 -0.907455 0.42015
vt 1033.16 -4617.28
v 26.2424 1.52571 -129.626
vt 1033.16 -4605.87
f 549/2019/429 544/2020/429 556/2021/429

vt 5113.76 -969.695
vn 0.298154 0.954518 -0
vt 5103.4 -953.609
vt 5100.44 -953.609
v 26.2424 1.40389 -129.814
vt 5110.8 -969.695
f 544/2022/430 549/2023/430 550/2024/430 557/2025/430 

vt -1017.81 5103.4
vt -1033.16 5103.4
v 26.2424 1.52571 -129.551
v 26.0474 1.52571 -129.551
vt -1025.49 5100.44
f 549/2026/3 556/2027/3 558/1011/3 559/2028/3 550/950/3 

v 26.5185 1.40389 -129.753
vt 5108.37 -932.889
vn 0.403655 0.914911 -4.90763e-17
vt 5103.4 -921.007
vt 5100.44 -921.007
v 26.5185 1.40389 -129.551
vt 5100.44 -932.889
f 560/2029/431 556/2030/431 558/2031/431 561/2032/431 

vt 1339.48 -4442.67
vn 0.203755 0.888418 -0.411336
vt 1331.95 -4453.12
vt 1344.08 -4453.12
f 556/2033/432 560/2034/432 544/2035/432

vt 1033.16 5113.76
vt 1033.16 5110.8
vt 1044.03 5108.37
f 544/2036/195 557/2037/195 405/971/195 561/985/195 560/2038/195 

vt 5113.76 55.2713
vt 5110.8 55.2713
f 544/2039/212 556/2014/212 558/2015/212 405/1249/212 557/2040/212 

vt -1033.16 55.2713
vt -1033.16 60.0674
vt -1044.03 55.2713
f 405/2041/1 558/2042/1 561/2043/1

vt -1025.49 60.0674
f 548/1920/1 550/1919/1 559/2044/1 558/2042/1 405/2041/1 

vt 5097.48 60.0674
f 552/2045/212 553/1926/212 554/1928/212 548/1249/212 550/2015/212 

vt 247.822 4461.52
vn -0.0788592 0.854927 0.512719
vt 231.071 4470.76
vt 232.287 4461.52
f 404/2046/433 552/2047/433 553/2048/433

vt -1033.16 4639.55
vn -4.89403e-17 -0.907455 -0.42015
vt -1017.81 4650.97
v 26.2424 1.52571 -129.476
vt -1033.16 4650.97
f 404/2049/434 552/2050/434 562/2051/434

vt 5097.48 -953.609
vn 0.298154 0.954518 8.39687e-16
vt 5087.12 -969.695
vt 5090.08 -969.695
f 552/2052/435 404/2053/435 406/2054/435 550/2024/435 

vt 1033.16 5090.08
vt 1033.16 5087.12
vt 1044.03 5092.5
f 406/2055/195 404/2056/195 403/2057/195 561/985/195 405/971/195 

f 562/2045/212 404/1251/212 406/1250/212 405/1249/212 558/2015/212 

vt 3195.99 3667.8
vn 0.203755 0.888418 0.411336
vt 3188.46 3678.25
vt 3183.86 3667.8
f 403/2058/436 562/2059/436 404/2060/436

vt 5097.48 -921.007
vn 0.403655 0.914911 4.90763e-17
vt 5092.5 -932.889
f 562/2061/437 403/2062/437 561/2032/437 558/2031/437 

vt 5092.5 55.2713
f 403/2063/212 396/1859/212 397/1858/212 399/1248/212 561/1249/212 

vt -4352.95 1559.89
vn -0.599032 -0.534579 -0.596143
vt -4339.89 1559.89
vt -4346.09 1571.44
f 528/2064/438 396/2065/438 403/2066/438

vt -4352.95 259.899
vn -0.706797 -0.0753744 -0.703389
v 26.5846 1.05101 -129.182
vt -4343.26 255.755
vt -4339.89 259.899
f 528/2067/439 563/2068/439 396/2069/439

vt -4505.9 -100.056
vn -0.746133 0.0560222 -0.663436
v 26.7123 1.05101 -129.326
vt -4503.78 -104.195
vt -4496.21 -104.195
f 528/2070/440 564/2071/440 563/2072/440

vt 3664.87 336.605
vn 0.545106 0.0800939 0.834533
vt 3670.87 331.712
vt 3666.97 340.75
f 564/2073/441 529/2074/441 528/2075/441

vt 3422.92 36.5008
vn 0.491172 3.92333e-16 0.871063
vt 3416.9 41.3782
v 26.7123 0.984331 -129.326
vt 3416.9 38.7532
f 529/2076/442 564/2077/442 565/2078/442

vt -4496.21 41.3782
vn -0.747307 0 -0.664479
vt -4503.78 41.3782
vt -4503.78 38.7532
v 26.5846 0.984331 -129.182
vt -4496.21 38.7532
f 563/2079/443 564/2080/443 565/2081/443 566/2082/443 

vt -1051.66 5091.58
vt -1046.64 5085.92
v 26.5846 1.05101 -129.551
vt -1046.64 5100.44
v 26.7123 1.05101 -129.551
vt -1051.66 5100.44
v 26.7123 1.05101 -129.36
vt -1051.66 5092.92
f 564/2083/3 563/2084/3 567/2085/3 568/2086/3 569/2087/3 

vt -1051.66 41.3782
vt -1046.64 41.3782
f 525/1818/1 527/1822/1 568/2088/1 567/2089/1 535/1864/1 399/1863/1 

v 26.7123 0.984331 -129.551
vt -1051.66 38.7532
v 26.5846 0.984331 -129.551
vt -1046.64 38.7532
f 568/2088/1 527/1822/1 526/1821/1 570/2090/1 571/2091/1 534/1865/1 535/1864/1 567/2089/1 

f 526/1821/1 523/1820/1 532/1866/1 534/1865/1 571/2091/1 570/2090/1 

v 26.7524 0.92712 -129.315
vt 1053.24 5091.14
f 394/1235/195 572/2092/195 523/1815/195 532/985/195 533/1861/195 

v 26.6963 0.979619 -129.31
vt 4006.64 1713.75
vn 0.539448 0.507408 0.671962
vt 3996.69 1711.35
vt 4008.5 1711.35
vt 4007.54 1713.96
f 573/2093/444 394/2094/444 572/2095/444 565/2096/444 

vt -4502.88 -526.631
vn -0.729458 0.217249 -0.648609
vt -4492.86 -528.748
vt -4496.21 -526.441
vt -4503.78 -526.441
f 573/2097/445 394/2098/445 566/2099/445 565/2100/445 

vt -5089.75 1011.64
vn -0.283176 0.959068 -0
vt -5083.75 1011.64
vt -5090.93 1018.94
f 533/2101/446 394/2102/446 573/2103/446

vt -5091.58 1019.59
vn -0.283176 0.959068 8.51729e-14
v 26.7123 0.984331 -129.36
vt -5092.92 1019.59
f 565/2104/447 574/2105/447 533/2101/447 573/2103/447 

f 574/2087/3 565/2083/3 566/2084/3 571/2085/3 570/2086/3 

v 26.7123 0.984331 -129.776
vt -1051.66 5109.3
v 26.7123 0.984331 -129.742
vt -1051.66 5107.96
v 26.5846 0.984331 -129.92
vt -1046.64 5114.96
f 575/2106/3 576/2107/3 570/2086/3 571/2085/3 577/2108/3 

vt -5107.96 1019.59
vn -0.283176 0.959068 -8.51729e-14
vt -5109.3 1019.59
v 26.6963 0.979619 -129.793
vt -5109.95 1018.94
v 26.5185 0.92712 -129.823
vt -5111.13 1011.64
f 576/2109/448 575/2110/448 578/2111/448 579/2112/448 

vt -3130.32 943.826
vn -0.729458 0.217249 0.648609
vt -3120.31 945.943
vt -3119.41 946.133
vt -3126.97 946.133
f 380/2113/449 578/2114/449 575/2115/449 577/2116/449 

vt -5117.13 1011.64
vn -0.283176 0.959068 -4.63709e-17
f 380/2117/450 579/2112/450 578/2111/450

vt 5111.13 36.5008
vt 5117.13 36.5008
f 579/2118/212 532/1197/212 312/982/212 368/1176/212 380/2119/212 

v 26.5185 1.15596 -129.975
v 26.5185 1.15596 -129.847
vt 5112.09 45.5104
f 532/1197/212 579/2118/212 380/2119/212 580/2010/212 581/2120/212 399/1248/212 535/1857/212 534/1856/212 

vt 1044.03 5111.13
vt 1044.03 5117.13
f 385/971/195 532/985/195 579/2121/195 380/2122/195 381/1194/195 382/1157/195 

f 310/974/1 385/1199/1 532/1866/1 312/978/1 

f 312/978/1 532/1866/1 523/1820/1 531/1846/1 

f 524/1817/195 380/2122/195 579/2121/195 532/985/195 523/1815/195 

vt 2389.3 -2324.92
vn 0.539448 0.507408 -0.671962
vt 2379.35 -2322.52
vt 2378.45 -2322.31
vt 2377.49 -2324.92
f 380/2123/451 578/2124/451 575/2125/451 524/2126/451 

vt -2698.24 -2312.28
vn -0.577913 -0.525329 0.624537
vt -2697.37 -2314.93
vt -2692.38 -2314.93
f 575/2127/452 524/2128/452 521/2129/452

v 26.7123 1.05101 -129.776
vt 1593.48 41.3782
vn 0.491172 3.92333e-16 -0.871063
vt 1587.46 36.5008
vt 1593.48 38.7532
f 582/2130/453 521/2131/453 575/2132/453

vt 1907.61 -352.322
vn 0.545106 0.0800939 -0.834533
vt 1913.61 -347.429
vt 1911.5 -343.284
f 521/2133/454 582/2134/454 530/2135/454

vt -3119.41 275.539
vn -0.746133 0.0560222 0.663436
vt -3117.29 279.677
v 26.5846 1.05101 -129.92
vt -3126.97 275.539
f 582/2136/455 530/2137/455 583/2138/455

vt -2887.26 -286.614
vn -0.706797 -0.0753744 0.703389
vt -2877.58 -282.47
vt -2890.63 -282.47
f 583/2139/456 530/2140/456 580/2141/456

vt -2890.63 -2286.76
vn -0.599032 -0.534579 0.596143
vt -2877.58 -2286.76
vt -2884.43 -2275.21
f 580/2142/457 530/2143/457 560/2144/457

vt 1044.03 5112.09
vt 1053.24 5107.87
f 581/2145/195 399/985/195 525/1815/195 530/2146/195 580/2122/195 

vt 5108.37 55.2713
f 580/2010/212 560/2147/212 561/1249/212 399/1248/212 581/2120/212 

vt -564.696 -3323.97
vn -0.232068 -0.649392 0.724178
vt -578.782 -3336.8
vt -567.367 -3336.8
f 560/2148/458 540/2149/458 580/2150/458

vt -1347.12 -2648.76
vn -0.375728 -0.53244 0.758509
vt -1331.95 -2637.23
vt -1344.08 -2637.23
f 540/2151/459 560/2152/459 544/2153/459

vt -5108.37 813.751
vn -0.668114 0.744059 2.18765e-15
vt -5120.61 799.142
vt -5116.65 799.142
f 560/2154/460 540/2155/460 542/2156/460

vt 5120.61 45.5104
vt 5116.65 45.5104
vt 5102.8 45.5104
f 381/1185/212 540/2157/212 542/2158/212 541/2159/212 400/1248/212 385/1197/212 382/1186/212 

vt 578.782 -67.1247
vn 0.305099 0.0216934 -0.952073
vt 567.367 -67.1247
vt 578.845 -76.1364
f 540/2160/461 580/2161/461 381/2162/461

f 580/2122/195 540/1895/195 542/1157/195 541/1158/195 400/971/195 399/985/195 581/2145/195 

f 541/2159/212 542/2158/212 540/2157/212 544/2039/212 557/2040/212 405/1249/212 400/1248/212 

f 543/1907/195 545/1910/195 548/871/195 405/971/195 557/2037/195 544/2036/195 

vt -5111.4 914.697
vn -0.489292 0.87212 -0
vt -5108.44 894.748
vt -5108.44 914.697
f 543/2163/462 414/2164/462 545/2165/462

vt -3742.09 -2156.88
vn -0.451726 0.606698 -0.654111
vt -3726.1 -2169.16
vt -3735.13 -2156.88
f 543/2166/463 414/2167/463 546/2168/463

f 405/2041/1 400/1862/1 408/1869/1 548/1920/1 

f 561/2043/1 399/1863/1 400/1862/1 405/2041/1 

f 399/1863/1 561/2043/1 525/1818/1

vt 5100.44 -676.292
vn 0.727344 0.686273 -1.10105e-17
vt 5092.5 -676.292
vt 5093 -689.712
vt 5100.44 -689.712
f 561/2169/464 403/2170/464 528/2171/464 525/2172/464 

vt 1053.24 5093
f 399/985/195 397/1236/195 396/1235/195 528/2173/195 525/1815/195 

vt 5108.37 -676.292
vn 0.727344 0.686273 7.34031e-18
vt 5107.87 -689.712
f 560/2174/465 561/2169/465 525/2172/465 530/2175/465 

vt 1017.81 5092.44
vt 1017.81 5089.48
f 554/2176/195 553/2177/195 404/2056/195 406/2055/195 405/971/195 548/871/195 

vt -5092.44 894.748
vn -0.489292 0.87212 -2.24072e-16
vt -5089.48 914.697
vt -5092.44 914.697
f 411/2178/466 553/2179/466 554/2180/466

vt -2070.63 2923.34
vn -0.451726 0.606698 0.654111
vt -2054.63 2935.62
vt -2061.59 2935.62
f 411/2181/467 553/2182/467 551/2183/467

vt -2059.17 3892.48
vn -0.334702 0.808135 0.484657
vt -2061.59 3884.34
vt -2054.63 3884.34
f 552/2184/468 551/2185/468 553/2186/468

vt 1012.08 5093.44
f 551/2187/195 553/2177/195 554/2176/195 548/871/195 547/1909/195 

vt 5089.48 -829.284
vn 0.536491 0.843906 1.06406e-15
vt 5080.27 -847.478
vt 5084.23 -847.478
vt 5092.44 -829.284
f 553/2188/469 398/2189/469 402/2190/469 554/2191/469 

vt 232.287 3001.09
vn -0.124901 0.570038 0.812069
vt 248.863 2989.21
vt 247.822 3001.09
f 553/2192/470 398/2193/470 404/2194/470

vt 5120.82 818.756
vn 0.638129 -0.76993 -0
vt 5117.13 832.875
vt 5112.09 832.875
f 381/2195/471 580/2196/471 581/2197/471

vt -655.7 45.5104
vn -0.321345 0 0.946962
vt -667.179 36.5008
vt -655.7 36.5008
f 580/2198/472 381/2199/472 380/2200/472

vt -2477.34 36.5008
vn -0.640766 -9.15496e-18 0.767737
vt -2473.95 38.7532
vt -2473.95 41.3782
vt -2477.34 45.5104
f 380/2201/473 577/2202/473 583/2203/473 580/2204/473 

vt -3119.41 41.3782
vn -0.747307 0 0.664479
vt -3126.97 41.3782
vt -3126.97 38.7532
vt -3119.41 38.7532
f 582/2205/474 583/2206/474 577/2207/474 575/2208/474 

v 26.7123 1.05101 -129.742
f 583/2108/3 582/2106/3 584/2107/3 568/2086/3 567/2085/3 

f 531/1846/1 523/1820/1 522/1819/1 518/1845/1 

vt 1056.9 5094.53
f 522/1462/195 523/1815/195 572/2092/195 529/2209/195 

vt -4230.85 1618.3
vn -0.577913 -0.525329 -0.624537
vt -4229.98 1620.94
vt -4235.84 1618.3
f 572/2210/475 565/2211/475 529/2212/475

f 518/1845/1 522/1819/1 520/1844/1

vt -4062.42 38.7532
vn -0.640766 4.57748e-18 -0.767737
vt -4059.04 36.5008
vt -4059.04 45.5104
vt -4062.42 41.3782
f 566/2213/476 394/2214/476 396/2215/476 563/2216/476 

vt -1033.16 5097.48
vt -1017.81 5097.48
f 562/2217/3 552/2218/3 550/950/3 559/2028/3 558/1011/3 

f 386/1197/212 384/1193/212 539/2013/212 408/1248/212 

f 383/1195/195 537/1422/195 423/1339/195 536/872/195 386/871/195 384/1196/195 

vt -1813.05 -1032.6
vn -0.154054 0.21829 -0.963648
vt -1795.58 -1036.76
vt -1795.44 -1032.6
f 383/2219/477 361/2220/477 537/2221/477

vt -2156.08 -2241.22
vn -0.203023 0.47816 -0.854485
vt -2173.43 -2236.59
vt -2173.96 -2241.22
f 361/2222/478 383/2223/478 359/2224/478

vt -5116.59 32.4404
vt -5115.67 32.4404
f 361/2225/2 365/2226/2 537/1876/2

vt -5116.59 29.9887
vt -5115.67 29.9887
f 274/2227/2 273/2228/2 365/2226/2 361/2225/2 

vt -5116.84 20.7619
vt -5115.67 20.7619
f 424/2229/2 555/2230/2 273/2228/2 274/2227/2 

vt -5115.67 18.695
f 424/2229/2 290/2231/2 555/2230/2

vt -2387.97 2222.33
vn -0.245374 -0.475558 -0.84477
vt -2405.76 2219.98
vt -2387.65 2219.98
f 424/2232/479 352/2233/479 290/2234/479

vt -2110.62 18.695
vn -0.218199 0 -0.975904
vt -2092.8 20.7619
vt -2110.62 20.7619
f 352/2235/480 424/2236/480 355/2237/480

vt 1017.81 5120.73
vt 1000.41 5116.84
f 355/2238/195 424/2239/195 555/1422/195 422/1339/195 282/872/195 281/871/195 356/1196/195 

f 273/2228/2 555/2230/2 422/1417/2 272/1419/2 

vt -1133.88 18.695
vn -0.0261575 0 -0.999658
vt -1130.77 17.6636
vt -1130.77 36.1517
vt -1133.88 36.5008
vt -1133.88 32.4404
vt -1133.88 29.9887
vt -1133.88 20.7619
f 290/2240/481 114/2241/481 115/2242/481 537/2243/481 365/2244/481 273/2245/481 555/2246/481 

vt 175.725 2546.18
vn -0.138228 0.485846 0.863045
vt 178.789 2547.36
vt 178.605 2549.72
f 114/2247/482 290/2248/482 424/2249/482

vt -2921.7 -87.2139
vn -0.391651 0.0242987 -0.919793
vt -2924.96 -74.8852
vt -2925.05 -84.1147
f 114/2250/483 274/2251/483 424/2252/483

vt -2514.42 36.1517
vn -0.305915 -4.00552e-18 -0.952059
vt -2517.7 32.4404
vt -2517.7 29.9887
vt -2514.42 17.6636
f 115/2253/484 361/2254/484 274/2255/484 114/2256/484 

vt -1262.44 -1084.47
vn -0.0502026 0.220649 -0.974061
vt -1259.28 -1080.66
vt -1262.4 -1080.31
f 361/2257/485 115/2258/485 537/2259/485

vt -1580.81 -3069.29
vn -0.0901778 0.623704 -0.776442
vt -1583.08 -3057.32
vt -1583.91 -3068.84
f 115/2260/486 414/2261/486 537/2262/486

vt 2617.47 -1462.72
vn 0.621558 0.334613 -0.708308
vt 2624.53 -1472.65
vt 2621.71 -1463.02
f 414/2263/487 115/2264/487 416/2265/487

vt -5108.44 32.4404
f 537/1876/2 365/2226/2 364/2266/2 423/1873/2 

f 365/2226/2 273/2228/2 272/1419/2 364/2266/2 

f 363/2001/2 364/2266/2 272/1419/2 271/1418/2 

f 536/1874/2 423/1873/2 364/2266/2 363/2001/2 

vt -1000.41 32.4404
vt -1001.61 32.4404
f 363/2267/1 536/1870/1 386/1198/1 311/977/1 362/2268/1 

f 311/982/212 360/1126/212 384/1193/212 386/1197/212 

f 278/981/212 358/1124/212 360/1126/212 311/982/212 

f 281/994/212 356/1122/212 358/1124/212 278/981/212 

f 305/1043/212 353/1118/212 356/1122/212 281/994/212 

f 352/1128/3 375/1163/3 376/1165/3 337/1011/3 305/950/3 353/1093/3 

vt -1799.96 18.695
vn -0.152018 3.16066e-17 -0.988378
vt -1784.43 18.695
vt -1784.43 20.7619
vt -1799.96 20.7619
f 375/2269/488 352/2270/488 355/2271/488 370/2272/488 

f 370/1156/195 355/2238/195 356/1196/195 281/871/195 319/971/195 373/1158/195 372/1157/195 

vt 1800.44 1606.7
vn 0.143949 0.321471 0.935914
vt 1784.43 1596.95
vt 1799.96 1596.95
f 366/2273/489 355/2274/489 370/2275/489

vt 5116.65 29.9887
vt 5116.65 20.7619
vt 5123.09 20.7619
vt 5126.26 29.9887
f 425/2276/212 372/2277/212 370/2278/212 366/2279/212 

vt 5102.8 20.7619
f 373/2280/212 372/2277/212 425/2276/212 307/981/212 319/994/212 

vt 5116.65 18.695
f 337/1043/212 376/2281/212 372/2277/212 373/2280/212 319/994/212 

vt 5116.65 14.9882
f 327/1038/212 417/2282/212 376/2281/212 337/1043/212 

vt -1044.03 5120.36
f 377/1367/3 378/2283/3 328/1012/3 327/1011/3 417/1165/3 

vt -829.543 2255.19
vn 0.0375697 -0.434482 -0.899897
vt -818.837 2245.6
vt -818.663 2255.19
f 378/2284/490 418/2285/490 377/2286/490

vt 723.3 3291.6
vn 0.25614 -0.635779 -0.728133
vt 714.278 3302.79
vt 711.777 3291.6
f 418/2287/491 378/2288/491 420/2289/491

vt 5112.82 6.3545
f 378/1172/212 328/1038/212 335/1041/212 420/2290/212 

vt -1044.03 6.3545
f 327/1047/1 328/1046/1 335/2291/1 341/1073/1 

v 26.7524 0.161404 -129.551
vt -1053.24 6.3545
v 26.7524 0.380699 -129.551
vt -1053.24 14.9882
f 585/2292/1 335/2291/1 328/1046/1 586/2293/1 

v 26.7524 0.474854 -129.551
vt -1053.24 18.695
f 586/2293/1 328/1046/1 336/1045/1 587/2294/1 

f 587/2294/1 336/1045/1 318/1435/1 427/1437/1 

f 319/1433/1 318/1435/1 336/1045/1 337/1044/1 

f 317/993/212 323/1042/212 336/1043/212 318/994/212 

f 281/1434/1 319/1433/1 337/1044/1 305/1361/1 

f 279/882/195 316/995/195 321/973/195 320/997/195 319/971/195 281/871/195 280/870/195 

vt -233.705 -1644.22
vn 0.143949 0.321471 -0.935914
vt -249.722 -1634.48
vt -249.24 -1644.22
f 279/2295/492 308/2296/492 316/2297/492

vt 29.6765 -1230.05
vn 0.196084 0.243139 -0.949966
vt 13.9987 -1230.05
vt 30.1539 -1239.57
f 276/2298/493 308/2299/493 279/2300/493

vt 5084.23 20.7619
vt 5077.79 20.7619
f 321/2301/212 309/980/212 308/1216/212 316/2302/212 

vt 5098.08 20.7619
f 321/2301/212 320/2303/212 319/994/212 307/981/212 309/980/212 

vt 5084.23 18.695
f 338/2304/212 337/1043/212 319/994/212 320/2303/212 321/2301/212 

vt 5084.23 14.9882
f 326/2305/212 327/1038/212 337/1043/212 338/2304/212 

f 329/1069/212 341/1041/212 327/1038/212 326/2305/212 

vt -1044.03 5088.05
f 341/1011/3 335/1012/3 330/2306/3 329/1010/3 

vt -1044.03 5112.82
f 335/1012/3 341/1011/3 418/1165/3 420/2307/3 

vt -1041.7 2.05304
f 341/1073/1 335/2291/1 333/2308/1 334/1074/1 

vt -5110.94 498.191
vn -0.879167 0.476514 5.1225e-18
vt -5112.82 503.084
f 421/2309/494 333/1034/494 335/1037/494 420/2310/494 

vt 5116.65 6.3545
f 419/1084/212 418/2311/212 341/1041/212 334/1071/212 

f 341/1041/212 418/2311/212 417/2282/212 327/1038/212 

vt 5120.82 14.9882
f 377/2312/212 417/2282/212 418/2311/212

vt 5123.09 18.695
f 375/2313/212 376/2281/212 417/2282/212 377/2312/212 

f 370/2278/212 372/2277/212 376/2281/212 375/2313/212 

f 303/1359/1 327/1047/1 341/1073/1 342/1072/1 

f 305/1361/1 337/1044/1 327/1047/1 303/1359/1 

f 304/966/212 303/1038/212 305/1043/212 306/963/212 

f 303/1038/212 354/1119/212 353/1118/212 305/1043/212 

f 342/1041/212 347/1085/212 354/1119/212 303/1038/212 

f 290/1130/3 352/1128/3 353/1093/3 305/950/3 292/949/3 291/1094/3 

vt -1000.41 20.7619
f 305/1361/1 292/1360/1 282/2314/1 281/1434/1 

f 283/892/2 282/1416/2 292/1414/2 287/893/2 

f 270/2000/2 271/1418/2 282/1416/2 283/892/2 

vt -1000.41 29.9887
f 278/976/1 281/1434/1 282/2314/1 271/2315/1 

f 280/967/212 281/994/212 278/981/212 277/969/212 

f 306/963/212 305/1043/212 281/994/212 280/967/212 

f 277/969/212 278/981/212 311/982/212 387/1200/212 

f 271/2315/1 363/2267/1 362/2268/1 311/977/1 278/976/1 

f 387/1200/212 389/1936/212 276/970/212 277/969/212 

f 287/893/2 292/1414/2 296/1356/2 297/944/2 

f 290/2231/2 294/1098/2 295/1101/2 291/1415/2 

f 555/2230/2 290/2231/2 291/1415/2 422/1417/2 

vt 5080.06 14.9882
f 326/2305/212 324/2316/212 329/1069/212

vt 5077.79 18.695
f 338/2304/212 322/2317/212 324/2316/212 326/2305/212 

f 321/2301/212 316/2302/212 322/2317/212 338/2304/212 

vt -1056.9 18.695
f 427/1437/1 429/1439/1 503/2318/1 587/2294/1 

v 26.8454 0.474854 -129.128
vt 5083.79 18.695
vt 5083.79 20.7619
f 588/2319/212 503/1043/212 429/994/212 440/2320/212 

f 443/1610/212 482/1612/212 481/1038/212 503/1043/212 588/2319/212 

vt 1056.9 5083.79
vt 1056.9 5085.28
f 443/2321/195 444/1681/195 495/1461/195 481/1462/195 482/2322/195 

f 442/1769/212 444/1670/212 495/1038/212 505/1043/212 514/1770/212 

f 505/1768/1 495/1667/1 481/1668/1 503/2318/1 

f 448/1767/1 447/1656/1 495/1667/1 505/1768/1 

f 466/1535/1 469/1654/1 447/1656/1 448/1767/1 

f 463/1526/1 459/1525/1 469/1654/1 466/1535/1 

vt 5110.12 18.6599
vt 5110.1 18.695
f 493/1642/212 511/2323/212 512/2324/212 466/1043/212 469/1038/212 494/1643/212 

vt -354.751 14.9882
vn -0.271935 1.05738e-16 0.962315
vt -346.867 18.695
vt -354.751 18.6599
f 493/2325/495 464/2326/495 511/2327/495

vt -1832.47 2569.63
vn -0.458389 0.522289 0.719093
vt -1840.02 2565.28
vt -1831.02 2565.28
f 464/2328/496 493/2329/496 461/2330/496

usemtl Color_B08
vt 4312.23 798.239
vn 0.892133 -0.265492 -0.365532
vt 4313.53 794.394
vt 4316.02 798.239
f 462/2331/497 461/2332/497 464/2333/497

vt 4313.53 -1282.26
vn 0.829671 0.442817 -0.33994
vt 4312.23 -1284.57
vt 4316.02 -1284.57
f 465/2334/498 462/2335/498 464/2336/498

vt 5104.48 -602.827
vn 0.821601 0.570063 -1.71698e-17
vt 5105.29 -600.311
f 462/2337/499 465/2338/499 458/1517/499 457/1516/499 

usemtl FrontColor
vt 1292.26 -3830.56
vn 0.288179 0.759569 -0.583102
vt 1299.53 -3827.39
vt 1291.07 -3827.39
f 464/2339/500 510/2340/500 465/2341/500

vt 342.886 -2303.11
vn 0.241525 0.445648 -0.862011
vt 335.295 -2305.42
vt 343.179 -2305.46
vt 343.174 -2305.42
f 510/2342/501 464/2343/501 511/2344/501 512/2345/501 

vt 5109.03 20.7619
f 512/2324/212 510/2346/212 467/994/212 466/1043/212 

vt 1299.53 -3059.99
vn 0.351628 0.608398 -0.711484
vt 1307.81 -3048.36
vt 1291.07 -3059.99
f 510/2347/502 509/2348/502 465/2349/502

f 493/1646/195 492/1694/195 447/1569/195 469/1558/195 494/1647/195 

f 587/2294/1 503/2318/1 481/1668/1 586/2293/1 

f 586/2293/1 481/1668/1 478/1665/1 585/2292/1 

f 503/2318/1 429/1439/1 431/1441/1 505/1768/1 

f 431/1461/195 429/1462/195 440/2321/195 433/1681/195 

f 429/1462/195 431/1461/195 499/1695/195 501/1717/195 

vt 5088.62 29.9887
f 428/981/212 439/1442/212 438/2350/212 440/2320/212 429/994/212 

f 437/1839/212 438/2350/212 439/1442/212 428/981/212 518/982/212 

vt 5082.94 18.695
f 588/2319/212 441/2351/212 443/1610/212

f 440/2320/212 441/2351/212 588/2319/212

f 307/981/212 425/2276/212 379/1187/212 310/982/212 

vt 1044.03 5125.24
f 369/2352/195 366/1432/195 425/1157/195 307/971/195 313/985/195 

f 367/1184/212 379/1187/212 425/2276/212 366/2279/212 

f 384/1193/212 383/1192/212 538/2010/212 539/2013/212 

f 388/1201/212 386/1197/212 408/1248/212 409/1927/212 

vn 9.03771e-17 1 4.27977e-16
vt 961.82 5111.31
vt 961.82 5089.57
f 113/1340/503 120/2353/503 124/2354/503 228/1338/503 298/1341/503 

vt 980.237 2778.3
vn 2.14034e-14 0.54246 0.840082
vt 961.82 2774.4
vt 997.296 2774.4
f 78/2355/504 120/2356/504 113/2357/504

vt -3556.57 3719.39
vn -0.16062 0.979991 0.117556
vt -3547.39 3735.83
vt -3556.29 3735.83
f 120/2358/505 78/2359/505 109/2360/505

vt 2989.2 2886.86
vn 0.30397 0.677918 0.669351
vt 3005.03 2891.31
vt 3009.21 2905.61
vt 2991.37 2888.89
f 120/2361/506 109/2362/506 108/2363/506 121/2364/506 

usemtl M_0128_White
vt -3564.92 1922.26
f 108/2365/14 109/199/14 112/198/14

f 107/236/14 108/2365/14 112/198/14 118/234/14 

usemtl FrontColor
f 75/77/14 74/76/14 118/234/14 112/198/14 

vt -5111.14 18.6332
vn -1 2.71368e-14 2.08066e-14
vt -5089.57 18.6332
vt -5089.74 18.6332
f 138/2366/507 137/631/507 120/1984/507 124/1985/507 125/2367/507 139/2368/507 

vn -1 -2.0282e-14 2.08066e-14
f 137/631/508 138/2366/508 139/2368/508 125/2367/508 126/319/508 148/625/508 

usemtl M_0128_White
vn -1 -2.0282e-14 2.21938e-14
vt -5075.51 18.6332
f 147/320/509 126/319/509 125/2367/509 132/2369/509 144/317/509 146/321/509 

vn -1 0 6.39921e-14
f 124/1985/510 132/2369/510 125/2367/510

usemtl FrontColor
vn -1 -7.8448e-31 2.07e-14
f 127/318/511 208/634/511 209/633/511 210/632/511 148/625/511 126/319/511 

usemtl M_0128_White
vn -1 2.26782e-14 -4.17529e-14
f 119/629/512 120/1984/512 137/631/512 136/630/512 

usemtl FrontColor
vt 551.11 -3044.66
vn -0.0604381 -0.595744 0.800897
vt 573.414 -3055.08
vt 574.472 -3031.55
f 154/2370/513 117/2371/513 208/2372/513

vt -1611.88 -869.353
vn -0.126208 0.183382 -0.974906
vt -1589.21 -878.851
vt -1588.78 -860.835
f 117/2373/514 143/2374/514 154/2375/514

vn -1 8.93494e-15 9.84545e-14
vt -5115.31 49.1901
vt -5120.85 49.1901
f 152/551/515 153/2376/515 154/2377/515 143/615/515 142/613/515 

vn -1 1.51011e-14 7.01357e-14
f 152/551/516 180/550/516 154/2377/516 153/2376/516 

vt 548.407 -4078.77
vn 0.175334 0.791322 -0.58572
vt 568.867 -4065.08
vt 565.627 -4051.4
f 117/2378/517 154/2379/517 180/2380/517

vn -1 3.55404e-31 3.70053e-14
f 152/551/518 142/613/518 130/542/518 129/547/518 

vt 5096.1 32.4404
f 436/2381/212 432/1442/212 430/981/212 520/982/212 

vt 1056.9 5112.26
vt 1056.9 5108.4
f 508/1806/195 515/2382/195 516/2383/195 428/1462/195 430/1461/195 

vt 3211.81 2515.43
vn 0.351628 0.608398 0.711484
vt 3220.09 2503.8
vt 3228.55 2503.8
f 435/2384/519 453/2385/519 455/2386/519

vt 5110.82 6.3545
vt 5112.7 6.3545
f 479/1041/212 488/2387/212 487/2388/212 486/1725/212 495/1038/212 

f 487/1623/3 490/1634/3 473/1578/3 479/1602/3 488/1624/3 

vt -1000.41 2.05304
f 340/1075/1 345/2389/1 343/1357/1 342/1072/1 

f 304/966/212 302/965/212 300/1076/212

usemtl M_0128_White
vt -5078.92 -4.23882
vn -1 3.52753e-14 1.12238e-13
vt -5077.03 -4.23882
vt -5074.82 -4.23882
vt -5074.8 -4.23882
vt -5080.29 -4.23882
f 241/2390/520 242/2391/520 243/2392/520 244/2393/520 253/770/520 238/833/520 239/2394/520 

v 27.0202 -0.107666 -128.955
vt -1063.79 5076.97
vn 2.2107e-17 -1 3.60207e-16
v 27.0202 -0.107666 -128.861
vt -1063.79 5073.27
vt -1063.79 5067.84
vt -1063.79 5062.58
vt -1015.99 5058.51
vt -1015.99 5060.29
vt -1015.99 5062.63
vt -1015.99 5063.61
vt -1015.99 5072.91
vt -1015.99 5073.45
vt -1015.99 5074.65
vt -1015.99 5074.69
vt -1015.99 5074.8
vt -1015.99 5074.82
vt -1015.99 5077.03
vt -1015.99 5078.92
vt -1015.99 5080.29
f 589/2395/521 590/2396/521 262/2397/521 261/2398/521 240/2399/521 251/2400/521 250/2401/521 249/2402/521 248/2403/521 247/2404/521 246/2405/521 245/2406/521 244/2407/521 243/2408/521 242/2409/521 241/2410/521 239/2411/521 

vn -1 0 2.09278e-13
vt -5076.97 -4.23882
vt -5073.27 -4.23882
f 259/826/522 589/2412/522 590/2413/522 258/825/522 

vt 710.17 -4.23882
vn -0.0691497 0 0.997606
vt 710.17 1.10586
vt 662.258 4.09888
vt 662.258 -4.23882
f 589/2414/523 259/2415/523 238/2416/523 239/2417/523 

f 257/810/2 258/825/2 590/2413/2 262/811/2 

vn -1 6.2777e-15 6.56636e-14
vt -5074.69 -4.23882
vt -5074.65 -4.23882
vt -5073.45 -4.23882
vt -5072.91 -4.23882
f 249/791/524 255/772/524 254/771/524 253/770/524 244/2393/524 245/2418/524 246/2419/524 247/2420/524 248/2421/524 

usemtl FrontColor
v 23.8608 1.45424 -129.728
vt 5107.39 -612.609
vn 0.718142 0.695896 5.80431e-14
vt 5107.63 -612.194
vt 5107.46 -612.194
f 591/2422/525 179/2423/525 178/2424/525

vt 5093.42 -612.194
vn 0.718142 0.695896 -5.76892e-14
vt 5093.25 -612.194
v 23.8608 1.45424 -129.375
vt 5093.49 -612.609
f 177/2425/526 176/2426/526 592/2427/526

usemtl M_0128_White
vt -2126.53 -3005.12
vn -0.192181 0.643428 -0.740991
vt -2124.38 -3003.71
vt -2145.36 -2996.81
vt -2149.23 -3019.99
f 165/2428/527 166/2429/527 156/2430/527 164/2431/527 

vt 2259.36 -2840.37
vn 0.219053 -0.616889 0.755953
vt 2257.18 -2838.99
v 22.0908 0.729787 -130.179
vt 2261.79 -2864.79
vt 2282.32 -2854.83
f 165/2432/528 166/2433/528 593/2434/528 164/2435/528 

vt 2070.86 -2938.61
vn 0.187556 -0.621024 0.76102
v 22.6056 1.34462 -129.804
vt 2087.01 -2907.73
v 22.6154 1.35636 -129.797
vt 2087.32 -2907.14
vt 2087.94 -2905.96
vt 2066.9 -2912.71
f 593/2436/529 594/2437/529 595/2438/529 156/2439/529 166/2440/529 

vt 2358.65 -2909.23
vn 0.227148 -0.638511 0.735328
vt 2343.64 -2940.68
vt 2364.06 -2930.49
vt 2359.51 -2907.42
vt 2358.93 -2908.62
f 594/2441/530 593/2442/530 164/2443/530 156/2444/530 595/2445/530 

usemtl FrontColor
vt -2018.53 -2544.39
vn -0.189291 0.537149 -0.821973
v 22.3017 0.441841 -130.416
vt -2007.88 -2567.12
vt -1997.69 -2553.68
f 164/2446/531 596/2447/531 593/2448/531

vt -272.352 -1967.86
vn 0.107963 0.381388 -0.918089
vt -286.497 -1947.11
v 22.5511 0.441841 -130.387
vt -282.238 -1967.86
f 596/2449/532 164/2450/532 597/2451/532

vt 1900.89 -1305.29
vn 0.498602 0.272564 -0.822864
vt 1893.73 -1285.36
vt 1895.17 -1294.11
f 597/2452/533 164/2453/533 207/2454/533

vt -5127.76 28.1518
vn -1 1.13447e-13 -1.53166e-14
vt -5123.19 36.5731
vt -5124.97 36.5731
f 207/2455/534 162/388/534 163/2456/534 164/2457/534 

vn -1 -6.33163e-30 3.70757e-14
f 162/388/535 207/2455/535 170/389/535

usemtl M_0128_White
vt -5119.04 -11.834
vn -0.999572 -0.0292696 7.30647e-06
vt -5109.55 2.05969
vt -5127.75 2.05514
f 206/2458/536 170/2459/536 207/2460/536

usemtl FrontColor
vt -5152.53 14.2686
vn -0.999082 0 -0.0428336
vt -5143.04 5.01904
vt -5143.04 28.1563
f 206/2461/537 202/2462/537 170/2463/537

vt -4606.97 790.844
vn -0.900542 0.329915 0.283162
vt -4615.9 800.642
v 22.5545 0.117788 -130.028
vt -4617.12 790.44
f 202/2464/538 206/2465/538 598/2466/538

v 22.0793 0.362423 -130.09
vt 265.152 3720.76
vn -0.0816219 0.715245 0.694091
vt 288.297 3707.53
vt 287.594 3720.76
v 22.5013 0.362423 -130.041
vt 281.882 3720.76
v 22.2519 0.362423 -130.07
vt 271.996 3720.76
f 599/2467/539 202/2468/539 206/2469/539 600/2470/539 601/2471/539 

usemtl M_0128_White
vt 4428.33 -2336.37
vn 0.468997 0.862864 -0.188436
vt 4408.94 -2354.67
vt 4419.07 -2355.42
f 599/2472/540 202/2473/540 598/2474/540

vt 703.02 4004.56
vn -0.020406 0.776273 0.630067
vt 703.894 3987.75
vt 725.281 3989.89
f 599/2475/541 203/2476/541 202/2477/541

usemtl FrontColor
v 21.8526 0.142964 -129.697
vt -3116.46 3081.5
vn -0.307762 -0.744256 -0.592761
vt -3131.51 3094.44
vt -3125.89 3078.57
f 602/2478/542 599/2479/542 203/2480/542

vt -4614.82 546.934
vn -0.781819 -0.230528 -0.579324
v 21.8526 0.515927 -129.845
vt -4619.51 562.024
vt -4632.57 555.814
f 602/2481/543 603/2482/543 599/2483/543

vt -5112.02 20.3121
vn -1 1.00959e-29 1.15506e-13
vt -5106.18 5.6285
f 603/2484/544 602/2485/544 196/502/544

vn -1 -1.15646e-29 -1.07655e-13
f 602/2485/545 191/487/545 193/489/545 198/504/545 197/503/545 196/502/545 

vt -5106.18 -841.043
vn -0.204301 -0.978908 -3.82613e-15
vt -5108.59 -850.622
vt -5106.18 -850.622
vt -5094.7 -850.622
vt -5092.29 -850.622
vt -5094.7 -841.043
f 602/2486/546 203/2487/546 204/2488/546 205/2489/546 190/2490/546 191/2491/546 

vt -5092.29 28.7318
vn -1 -4.01082e-15 -4.71078e-15
vt -5092.29 49.0362
vt -5108.59 49.0362
v 22.0908 0.729787 -129.758
vt -5108.59 28.7318
v 22.0908 0.282325 -129.758
vt -5108.59 11.1152
vt -5108.59 3.67164
vt -5106.18 3.67164
vt -5094.7 3.67164
vt -5092.29 3.67164
vt -5092.29 11.1152
f 200/2492/547 167/2493/547 166/2494/547 604/2495/547 605/2496/547 203/2497/547 204/2498/547 205/2499/547 190/2500/547 201/2501/547 

usemtl M_0128_White
vn -1 -9.30874e-15 1.4052e-14
v 22.0908 0.729787 -129.038
vt -5080.22 28.7318
v 22.0908 0.729787 -128.998
vt -5078.66 28.7318
vt -5075.72 28.7318
f 167/2493/548 200/2492/548 606/2502/548 607/2503/548 173/2504/548 

usemtl FrontColor
vt 5091.32 878.206
vn 0.23958 -0.970877 -1.08244e-14
vt 5092.29 856.135
vt 5108.59 856.135
vt 5109.56 878.206
f 155/2505/549 167/2506/549 166/2507/549 156/2508/549 

usemtl M_0128_White
vt 1098.9 49.0362
vn 0.0450354 -7.63439e-19 0.998985
vt 1098.9 28.7318
vt 1098.9 11.1152
vt 1098.9 3.67164
vt 1120.35 5.01904
vt 1120.35 28.1563
vt 1120.35 36.5731
vt 1120.35 54.3241
f 166/2509/550 604/2510/550 605/2511/550 203/2512/550 202/2513/550 170/2514/550 162/2515/550 156/2516/550 

vt 1613.83 49.0362
vn 0.147521 3.71493e-18 0.989059
v 21.8628 0.553404 -129.724
vt 1604.75 21.7876
vt 1613.83 11.1152
vt 1613.83 28.7318
f 166/2517/551 608/2518/551 605/2519/551 604/2520/551 

vt 3190.26 -433.025
vn 0.47361 -0.113084 0.873445
vt 3191.12 -439.671
vt 3199.65 -412.246
f 195/2521/552 608/2522/552 166/2523/552

vt 5083.85 5.6285
vn 0.936577 -8.67275e-19 0.350462
vt 5084.99 21.7876
vt 5083.85 28.391
vt 5083.85 20.3121
f 602/2524/553 608/2525/553 195/2526/553 196/2527/553 

usemtl FrontColor
vn -1 -8.3377e-30 1.15506e-13
f 603/2484/554 196/502/554 195/501/554

usemtl M_0128_White
vt 4987.8 -415.247
vn 0.856796 -0.302191 0.417829
vt 4966.63 -415.605
vt 4971.88 -424.08
f 593/2528/555 195/2529/555 603/2530/555

vt 4967.58 -464.956
vn 0.846702 -0.336396 0.412229
vt 4988.75 -464.594
vt 4973.85 -443.033
f 195/2531/556 593/2532/556 166/2533/556

vn -1 -1.77521e-16 3.49476e-14
vt -5125.16 28.7318
v 22.0908 0.729787 -130.104
vt -5122.21 28.7318
v 22.0908 0.729787 -130.065
vt -5120.66 28.7318
f 604/2495/557 166/2494/557 593/2534/557 609/2535/557 610/2536/557 

usemtl FrontColor
vt -4513.12 359.401
vn -0.766522 -0.128268 -0.629278
vt -4510.13 344.817
vt -4497.02 350.911
f 593/2537/558 599/2538/558 603/2539/558

vt -5192.07 13.9925
vn -0.990891 -0.0016081 -0.134657
vt -5195.6 28.4557
v 22.0975 0.392858 -130.224
vt -5197.39 15.1907
f 599/2540/559 593/2541/559 611/2542/559

usemtl M_0128_White
vt 4198.31 -236.336
vn 0.692306 -0.0822678 0.716899
vt 4185.87 -224.961
vt 4187.29 -238.271
f 596/2543/560 593/2544/560 611/2545/560

v 22.3966 -0.00474293 -130.464
vt -4121.94 203.56
vn -0.674614 -0.0638909 -0.735401
vt -4106.88 219.246
vt -4117.9 221.178
f 612/2546/561 611/2547/561 596/2548/561

v 22.3966 -0.00474293 -130.028
vt -5119.2 -530.226
vn -0.799128 -0.601161 7.85231e-14
vt -5126.94 -510.637
vt -5136.38 -530.226
v 22.3966 -0.00474293 -130.347
vt -5131.78 -530.226
v 22.3966 -0.00474293 -130.144
vt -5123.79 -530.226
f 613/2549/562 611/2550/562 612/2551/562 614/2552/562 615/2553/562 

vt -5130.2 570.778
vn -0.712301 -0.657399 -0.245874
vt -5126.73 550.005
vt -5124.98 569.188
f 611/2554/563 613/2555/563 599/2556/563

vt 481.208 528.244
vn -0.0785125 0.101218 0.991761
vt 462.362 537.925
vt 475.008 523.395
f 598/2557/564 599/2558/564 613/2559/564

usemtl FrontColor
vt 284.022 145.774
vn -0.116747 0.0272054 0.992789
vt 281.882 155.408
vt 271.996 155.408
vt 265.152 155.408
f 598/2560/565 600/2561/565 601/2562/565 599/2563/565 

vt 287.594 155.408
f 598/2560/565 206/2564/565 600/2561/565

vt 5157.22 234.479
vn 0.936133 -0.348509 0.046875
vt 5157.2 224.203
v 22.6634 0.392858 -130.158
vt 5162.53 235.757
f 206/2565/566 598/2566/566 616/2567/566

v 22.5545 0.117788 -130.464
vt 5136.38 331.214
vn 0.929769 -0.368144 -7.27778e-14
vt 5124.32 342.861
vt 5119.2 331.214
v 22.5545 0.117788 -130.144
vt 5123.79 331.214
v 22.5545 0.117788 -130.347
vt 5131.78 331.214
f 617/2568/567 616/2569/567 598/2570/567 618/2571/567 619/2572/567 

usemtl M_0128_White
vt 4270.86 -310.445
vn 0.901362 0.109743 -0.418932
vt 4283.61 -321.341
vt 4280.9 -308.505
f 616/2573/568 617/2574/568 597/2575/568

vt -282.015 -1204.67
vn 0.113595 0.232314 -0.965985
vt -272.352 -1191.55
vt -282.238 -1191.55
f 617/2576/569 596/2577/569 597/2578/569

vt -1243.9 -448.256
vn -0.0713951 0.092042 -0.993192
vt -1253.96 -461.068
vt -1247.76 -465.913
f 596/2579/570 617/2580/570 612/2581/570

vt -5131.78 696.608
vn -0.612907 0.790155 1.19961e-13
vt -5131.78 704.479
vt -5136.38 704.479
vt -5136.38 696.608
f 614/2582/571 619/2583/571 617/2584/571 612/2585/571 

vt -5123.79 704.479
vn -0.612907 0.790155 2.59052e-14
vt -5123.79 696.608
f 618/2586/572 619/2583/572 614/2582/572 615/2587/572 

vn -0.612907 0.790155 2.5928e-14
v 22.7197 0.245938 -130.144
vt -5123.79 712.71
v 22.7197 0.245938 -130.347
vt -5131.78 712.71
f 618/2586/573 620/2588/573 621/2589/573 619/2583/573 

vt -5119.2 704.479
vn -0.612907 0.790155 1.19836e-13
f 598/2590/574 620/2588/574 618/2586/574

usemtl FrontColor
vt -3052.67 1023.54
vn -0.427464 -0.242382 -0.870934
vt -3058.77 1034.7
vt -3060.53 1028.74
f 598/2591/575 616/2592/575 620/2593/575

vt 4385.12 -840.72
vn 0.879364 0.303861 -0.366588
vt 4396.47 -832.624
vt 4386.46 -834.649
f 620/2594/576 597/2595/576 616/2596/576

vt 5133.33 -566.022
vn 0.757894 0.652377 -7.47195e-14
vt 5123.79 -576.199
vt 5131.78 -576.199
f 597/2597/577 620/2598/577 621/2599/577

usemtl M_0128_White
v 22.8704 0.244215 -130.144
vt 5123.79 -900.24
vn 0.0114355 0.999935 -4.8302e-16
v 22.8704 0.244215 -130.347
vt 5131.78 -900.24
vt 5131.78 -894.308
vt 5123.79 -894.308
f 622/2600/578 623/2601/578 621/2602/578 620/2603/578 

v 22.8704 0.092252 -130.144
vt -5123.79 3.63197
vn -1 0 -2.84635e-14
vt -5123.79 9.61475
vt -5131.78 9.61475
v 22.8704 0.092252 -130.347
vt -5131.78 3.63197
f 624/2604/579 622/2605/579 623/2606/579 625/2607/579 

v 22.8704 0.092252 -130.028
vt -5119.2 3.63197
vn -1 -2.56362e-29 4.45202e-13
f 626/2608/580 622/2605/580 624/2604/580

vt -1724.85 2972.42
vn -0.13011 -0.60406 -0.786246
v 23.3883 0.0525247 -130.083
vt -1744.57 2962.95
vt -1724.1 2964.91
f 622/2609/581 627/2610/581 626/2611/581

vt -1290.29 2315.29
vn -0.0645225 -0.45893 -0.886126
vt -1270.13 2323.79
v 23.3883 0.210325 -130.165
vt -1290.52 2322.29
f 627/2612/582 622/2613/582 628/2614/582

vt 5123.79 -897.859
vn 0.0652952 0.997866 5.21751e-15
vt 5124.59 -918.293
v 23.3883 0.210325 -130.327
vt 5130.99 -918.293
vt 5131.78 -897.859
f 622/2615/583 628/2616/583 629/2617/583 623/2618/583 

vt -5124.59 8.28049
vn -1 0 -1.59851e-13
vt -5130.99 8.28049
v 23.3883 0.0525247 -130.327
vt -5130.99 2.0679
v 23.3883 0.0525247 -130.165
vt -5124.59 2.0679
f 628/2619/584 629/2620/584 630/2621/584 631/2622/584 

v 23.3883 0.0525247 -130.409
vt -5134.21 2.0679
f 629/2620/2 632/2623/2 630/2621/2

v 22.8704 0.092252 -130.464
vt -147.503 -2374.02
vn 0.128809 0.456057 -0.880579
vt -168.459 -2368.8
vt -167.994 -2375.78
f 633/2624/585 629/2625/585 632/2626/585

vt -461.296 -3149.02
vn 0.0705562 0.607721 -0.79101
vt -440.507 -3154.87
vt -440.915 -3147.34
f 629/2627/586 633/2628/586 623/2629/586

vn -1 2.56362e-29 -2.22601e-13
vt -5136.38 3.63197
f 623/2606/587 633/2630/587 625/2607/587

vt -580.247 -3150.57
vn 0.0491962 0.608502 -0.792026
vt -567.836 -3149.3
vt -580.532 -3143.03
f 633/2631/588 617/2632/588 623/2633/588

v 22.8704 -0.107666 -130.464
vt -900.408 -4.23882
vt -881.754 -0.18673
vt -887.973 4.63733
vt -900.408 3.63197
f 634/2634/1 612/2635/1 617/2636/1 633/2637/1 

usemtl FrontColor
v 22.8704 -0.107666 -130.028
vt -5119.2 -880.789
vn -0.212269 -0.977211 1.54791e-14
vt -5119.2 -861.7
vt -5123.79 -861.7
vt -5131.78 -861.7
vt -5136.38 -861.7
vt -5136.38 -880.789
v 22.8704 -0.107666 -130.347
vt -5131.78 -880.789
v 22.8704 -0.107666 -130.144
vt -5123.79 -880.789
f 635/2638/589 613/2639/589 615/2640/589 614/2641/589 612/2642/589 634/2643/589 636/2644/589 637/2645/589 

vt 881.754 -0.18673
vn 0 0 1
vt 900.408 -4.23882
vt 900.408 3.63197
vt 887.973 4.63733
f 613/2646/590 635/2647/590 626/2648/590 598/2649/590 

usemtl M_0128_White
vn -1 7.40139e-30 4.45202e-13
vt -5123.79 -4.23882
vt -5119.2 -4.23882
f 624/2604/591 637/2650/591 635/2651/591 626/2608/591 

vt -5131.78 -4.23882
f 624/2604/579 625/2607/579 636/2652/579 637/2650/579 

vt -5136.38 -897.493
vn -0.0764804 -0.997071 1.708e-15
vt -5134.21 -917.944
vt -5130.99 -917.944
vt -5124.59 -917.944
vt -5121.37 -917.944
vt -5119.2 -897.493
vt -5123.79 -897.493
vt -5131.78 -897.493
f 633/2653/592 632/2654/592 630/2655/592 631/2656/592 627/2657/592 626/2658/592 624/2659/592 625/2660/592 

vt -351.133 -4.23882
vn 0.105952 0 -0.994371
vt -351.133 3.63197
vt -371.639 2.0679
v 23.3883 -0.107666 -130.409
vt -371.639 -4.23882
f 634/2661/593 633/2662/593 632/2663/593 638/2664/593 

vn -1 0 -2.22601e-13
vt -5136.38 -4.23882
f 636/2652/594 625/2607/594 633/2630/594 634/2665/594 

vt -5131.78 -884.712
vn -0.0805852 -0.996748 4.95565e-15
vt -5136.38 -884.712
vt -5136.38 -897.187
vt -5131.78 -897.187
vt -5123.79 -897.187
vt -5119.2 -897.187
vt -5119.2 -884.712
vt -5123.79 -884.712
f 619/2666/595 617/2667/595 633/2668/595 625/2669/595 624/2670/595 626/2671/595 598/2672/595 618/2673/595 

vn -0.612907 0.790155 1.1998e-13
f 621/2589/596 617/2584/596 619/2583/596

usemtl FrontColor
vt 1568.31 -1038.31
vn 0.448682 0.212426 -0.868078
vt 1561.71 -1046.2
vt 1569.59 -1051.36
f 597/2674/597 621/2675/597 617/2676/597

usemtl M_0128_White
vt -841.742 -3427.02
vn 0.00763991 0.668046 -0.744081
vt -847.673 -3427.11
vt -835.191 -3433.8
f 621/2677/598 623/2678/598 617/2679/598

vt 1226.72 3212.4
vn 0.0513845 0.635568 0.770333
vt 1239.13 3211.1
vt 1233.52 3218.94
f 598/2680/599 626/2681/599 620/2682/599

vt 945.391 3124.23
vn 0.00696721 0.609224 0.792967
vt 939.46 3124.31
vt 945.351 3116.68
f 622/2683/600 620/2684/600 626/2685/600

vn -0.612907 0.790155 6.00102e-14
vt -5119.2 696.608
f 618/2586/601 615/2587/601 613/2686/601 598/2590/601 

vt -900.408 5123.79
vn 6.4466e-15 -1 -1.4421e-28
vt -900.408 5131.78
vt -900.408 5136.38
vt -920.799 5134.21
v 23.3883 -0.107666 -130.327
vt -920.799 5130.99
v 23.3883 -0.107666 -130.165
vt -920.799 5124.59
v 23.3883 -0.107666 -130.083
vt -920.799 5121.37
vt -900.408 5119.2
f 637/2687/602 636/2688/602 634/2689/602 638/2690/602 639/2691/602 640/2692/602 641/2693/602 635/2694/602 

vt -5130.99 -4.23882
vt -5134.21 -4.23882
f 639/2695/2 630/2621/2 632/2623/2 638/2696/2 

vt -5124.59 -4.23882
f 631/2622/584 630/2621/584 639/2695/584 640/2697/584 

vn -1 0 4.94669e-13
vt -5121.37 -4.23882
vt -5121.37 2.0679
f 631/2622/603 640/2697/603 641/2698/603 627/2699/603 

vt -1437.73 -4.23882
vn -0.105952 7.8414e-18 -0.994371
vt -1437.73 3.63197
vt -1458.23 2.0679
vt -1458.23 -4.23882
f 635/2700/604 626/2701/604 627/2702/604 641/2703/604 

f 627/2699/603 628/2619/603 631/2622/603

vt 287.683 5066.19
vn -0.026038 0.974831 0.22142
vt 282.238 5074.84
v 22.5195 0.392858 -130.175
vt 281.976 5066.19
v 22.6423 0.392858 -130.16
vt 286.845 5066.19
f 616/2704/605 597/2705/605 642/2706/605 643/2707/605 

vt 4191.58 150.076
vn 0.893206 -0.042895 -0.447597
vt 4185.13 160.843
vt 4181.55 148.146
f 597/2708/606 207/2709/606 616/2710/606

vt 5195.88 8.00172
vn 0.97833 0.129913 0.161226
vt 5201.2 9.2102
vt 5204.42 22.0036
f 206/2711/607 616/2712/607 207/2713/607

usemtl FrontColor
vt 281.976 5070.03
vn -0.0256525 0.97558 0.218142
vt 281.882 5064.57
vt 287.594 5064.57
vt 287.683 5070.03
vt 286.845 5070.03
f 642/2714/608 600/2715/608 206/2716/608 616/2717/608 643/2718/608 

usemtl M_0128_White
v 22.5157 0.392858 -130.175
vt 281.828 5070.03
v 22.2701 0.392858 -130.204
vt 272.09 5070.03
vt 271.996 5064.57
f 600/2715/608 642/2714/608 644/2719/608 645/2720/608 601/2721/608 

vt 272.352 5074.84
vt 272.09 5066.19
vt 281.828 5066.19
f 642/2706/605 597/2705/605 596/2722/605 645/2723/605 644/2724/605 

vt 265.246 5066.19
f 645/2723/605 596/2722/605 611/2725/605

vt 265.246 5070.03
vt 265.152 5064.57
f 601/2721/608 645/2720/608 611/2726/608 599/2727/608 

usemtl FrontColor
vt -5091.32 5.01904
vn -1 -1.53333e-30 8.63457e-14
vt -5109.56 5.01904
f 181/2728/609 169/386/609 170/389/609 202/2729/609 

vt -5109.56 54.3241
vn -1 3.46713e-42 8.63457e-14
vt -5091.32 54.3241
f 156/2730/610 162/388/610 161/387/610 155/2731/610 

usemtl M_0128_White
vn -1 -9.39918e-17 -1.53166e-14
f 162/388/611 156/2730/611 164/2457/611 163/2456/611 

vn -1 7.51934e-16 -1.22533e-13
f 155/2731/612 161/387/612 160/392/612 157/391/612 

usemtl FrontColor
vt -3374.2 -485.417
vn -0.766522 -0.128268 0.629278
vt -3371.2 -470.834
vt -3387.31 -479.324
f 188/2732/613 173/2733/613 192/2734/613

vt -4912.38 26.2468
vn -0.990891 -0.0016081 0.134657
vt -4915.9 11.7836
v 22.0975 0.392858 -128.878
vt -4910.58 12.9818
f 173/2735/614 188/2736/614 646/2737/614

usemtl M_0128_White
v 22.2701 0.392858 -128.898
vt -1463.46 -4813.64
vt -1463.36 -4819.09
vt -1456.52 -4819.09
vt -1456.61 -4813.64
f 647/2738/98 189/2739/98 188/2740/98 646/2741/98 

v 22.5157 0.392858 -128.927
vt -1473.2 -4813.64
f 185/458/98 184/457/98 189/2739/98 647/2738/98 648/2742/98 

usemtl FrontColor
vt -1456.52 -120.211
vt -1463.36 -120.211
f 184/463/99 187/462/99 188/2743/99 189/2744/99 

usemtl M_0128_White
vt -1267.39 -491.364
vn -0.0785125 0.101218 -0.991761
vt -1286.24 -501.045
v 22.3966 -0.00474293 -129.075
vt -1280.04 -505.894
f 188/2745/615 187/2746/615 649/2747/615

v 22.3966 -0.00474293 -128.958
vt -5077.08 696.608
vn -0.612907 0.790155 -1.19961e-13
v 22.5545 0.117788 -128.958
vt -5077.08 704.479
vt -5081.68 704.479
vt -5081.68 696.608
f 650/2748/616 651/2749/616 187/2750/616 649/2751/616 

v 22.5545 0.117788 -128.755
vt -5069.09 704.479
vn -0.612907 0.790155 9.49522e-14
v 22.3966 -0.00474293 -128.755
vt -5069.09 696.608
f 652/2752/617 651/2749/617 650/2748/617 653/2753/617 

usemtl FrontColor
vt 5076.56 342.861
vn 0.929769 -0.368144 -5.13053e-14
v 22.5545 0.117788 -128.638
vt 5064.5 331.214
vt 5069.09 331.214
vt 5077.08 331.214
vt 5081.68 331.214
f 183/2754/618 654/2755/618 652/2756/618 651/2757/618 187/2758/618 

usemtl M_0128_White
vt 4966.94 150.493
vn 0.901362 0.109743 0.418932
vt 4979.69 161.389
vt 4969.66 163.329
f 654/2759/619 183/2760/619 171/2761/619

vt 4934.75 -35.1913
vn 0.893206 -0.042895 0.447597
vt 4928.3 -45.9577
vt 4938.33 -47.8879
f 159/2762/620 171/2763/620 183/2764/620

usemtl FrontColor
vt 5019.01 360.063
vn 0.879364 0.303861 0.366588
v 22.7197 0.245938 -128.958
vt 5030.36 351.968
vt 5029.03 358.039
f 171/2765/621 655/2766/621 183/2767/621

vt 5077.08 -576.199
vn 0.757894 0.652377 -1.70843e-13
vt 5067.55 -566.022
v 22.7197 0.245938 -128.755
vt 5069.09 -576.199
f 655/2768/622 171/2769/622 656/2770/622

vt 3122.15 878.802
vn 0.448682 0.212426 0.868078
vt 3115.54 886.694
vt 3114.26 873.638
f 656/2771/623 171/2772/623 654/2773/623

usemtl M_0128_White
vt 1463.72 1162.04
vn 0.113595 0.232314 0.965985
vt 1473.38 1148.92
vt 1473.61 1162.04
f 172/2774/624 654/2775/624 171/2776/624

vt 522.566 475.425
vn -0.0713951 0.092042 0.993192
vt 512.502 488.237
v 22.3966 -0.00474293 -128.638
vt 516.363 470.58
f 654/2777/625 172/2778/625 657/2779/625

vt -2788.86 -261.029
vn -0.674614 -0.0638909 0.735401
vt -2773.8 -276.714
vt -2777.84 -259.096
f 646/2780/626 657/2781/626 172/2782/626

vt -5073.94 -510.637
vn -0.799128 -0.601161 6.01492e-14
vt -5081.68 -530.226
vt -5077.08 -530.226
vt -5069.09 -530.226
vt -5064.5 -530.226
f 646/2783/627 649/2784/627 650/2785/627 653/2786/627 657/2787/627 

vt -4515.85 -1638.12
vn -0.712301 -0.657399 0.245874
vt -4512.38 -1617.34
vt -4517.59 -1618.93
f 649/2788/628 646/2789/628 188/2790/628

usemtl FrontColor
v 22.8704 -0.107666 -128.638
vt -5064.5 -880.789
vn -0.212269 -0.977211 1.76304e-14
vt -5064.5 -861.7
vt -5069.09 -861.7
vt -5077.08 -861.7
vt -5081.68 -861.7
v 22.8704 -0.107666 -129.075
vt -5081.68 -880.789
v 22.8704 -0.107666 -128.958
vt -5077.08 -880.789
v 22.8704 -0.107666 -128.755
vt -5069.09 -880.789
f 658/2791/629 657/2792/629 653/2793/629 650/2794/629 649/2795/629 659/2796/629 660/2797/629 661/2798/629 

v 22.8704 0.092252 -128.638
f 657/2646/590 658/2647/590 662/2648/590 654/2649/590 

usemtl M_0128_White
v 22.8704 0.092252 -128.755
vt -5069.09 3.63197
vt -5069.09 -4.23882
vt -5064.5 -4.23882
vt -5064.5 3.63197
f 663/2799/2 661/2800/2 658/2801/2 662/2802/2 

vn -1 0 9.85673e-14
v 22.8704 0.092252 -128.958
vt -5077.08 3.63197
vt -5077.08 -4.23882
f 663/2799/630 664/2803/630 660/2804/630 661/2800/630 

v 22.8704 0.244215 -128.958
vt -5077.08 9.61475
vn -1 2.76158e-30 9.85673e-14
v 22.8704 0.244215 -128.755
vt -5069.09 9.61475
f 665/2805/631 664/2803/631 663/2799/631 666/2806/631 

v 22.8704 0.092252 -129.075
vt -5081.68 3.63197
f 665/2805/2 667/2807/2 664/2803/2

v 23.3883 0.0525247 -129.019
vt 79.1527 -3116.32
vn -0.13011 -0.60406 0.786246
vt 59.4313 -3106.85
vt 58.6809 -3114.36
f 668/2808/632 665/2809/632 667/2810/632

vt 529.324 -2345.34
vn -0.0645225 -0.45893 0.886126
vt 549.485 -2353.83
v 23.3883 0.210325 -128.938
vt 549.718 -2346.84
f 665/2811/633 668/2812/633 669/2813/633

vt -5076.29 8.28049
vt -5079.51 2.0679
v 23.3883 0.0525247 -128.938
vt -5076.29 2.0679
f 669/2814/2 668/2815/2 670/2816/2

v 23.3883 -0.107666 -128.938
vt -5076.29 -4.23882
v 23.3883 -0.107666 -129.019
vt -5079.51 -4.23882
f 671/2817/2 670/2816/2 668/2815/2 672/2818/2 

v 23.3883 0.0525247 -128.775
vt -5069.89 2.0679
vn -1 0 1.06567e-13
v 23.3883 -0.107666 -128.775
vt -5069.89 -4.23882
f 673/2819/634 670/2816/634 671/2817/634 674/2820/634 

v 23.3883 0.210325 -128.775
vt -5069.89 8.28049
f 675/2821/634 669/2814/634 670/2816/634 673/2819/634 

vt 5077.08 -897.859
vn 0.0652952 0.997866 -7.81492e-15
vt 5069.09 -897.859
vt 5069.89 -918.293
vt 5076.29 -918.293
f 665/2822/635 666/2823/635 675/2824/635 669/2825/635 

vt 5069.09 -900.24
vn 0.0114355 0.999935 -1.85168e-15
vt 5077.08 -900.24
vt 5077.08 -894.308
vt 5069.09 -894.308
f 666/2826/636 665/2827/636 655/2828/636 656/2829/636 

vt -849.836 -3090.07
vn 0.00696721 0.609224 -0.792967
vt -855.767 -3090.16
vt -855.727 -3097.7
f 655/2830/637 665/2831/637 667/2832/637

vt -560.194 -3257.88
vn 0.0513845 0.635568 -0.770333
vt -547.786 -3256.57
vt -554.582 -3250.04
f 667/2833/638 187/2834/638 655/2835/638

usemtl FrontColor
vn -5.22136e-14 2.1032e-14 -1
f 659/2634/639 649/2635/639 187/2636/639 667/2637/639 

vt 5064.5 -884.712
vn 0.0805852 0.996748 -4.806e-15
vt 5064.5 -897.187
vt 5069.09 -897.187
vt 5077.08 -897.187
vt 5081.68 -897.187
vt 5081.68 -884.712
vt 5077.08 -884.712
vt 5069.09 -884.712
f 654/2836/640 662/2837/640 663/2838/640 664/2839/640 667/2840/640 187/2841/640 651/2842/640 652/2843/640 

vt -1212.65 3044.74
vn -0.0491962 -0.608502 -0.792026
vt -1200.24 3046.01
vt -1212.93 3052.28
f 662/2844/641 654/2845/641 666/2846/641

usemtl M_0128_White
vt 952.406 3387.19
vn 0.00763991 0.668046 0.744081
vt 946.475 3387.28
vt 939.924 3380.5
f 666/2847/642 656/2848/642 654/2849/642

vt -5064.5 704.479
vt -5069.09 712.71
f 654/2850/596 656/2851/596 652/2752/596

vt -5077.08 712.71
vn -0.612907 0.790155 9.92842e-14
f 655/2852/643 651/2749/643 652/2752/643 656/2851/643 

vn -0.612907 0.790155 -1.20125e-13
f 655/2852/644 187/2750/644 651/2749/644

usemtl FrontColor
vt -1435.76 -1184.88
vn -0.427464 -0.242382 0.870934
vt -1441.86 -1196.04
vt -1434 -1190.84
f 183/2853/645 187/2854/645 655/2855/645

vt 5030.91 401.995
vn 0.936133 -0.348509 -0.046875
vt 5030.89 412.27
vt 5025.59 413.549
f 187/2856/646 182/2857/646 183/2858/646

usemtl M_0128_White
vn -0.612907 0.790155 6.00057e-14
vt -5064.5 696.608
f 652/2752/647 653/2753/647 657/2859/647 654/2850/647 

vt 1346.8 3019.9
vn 0.0705562 0.607721 0.79101
vt 1367.59 3025.75
vt 1347.21 3027.43
f 662/2860/648 675/2861/648 666/2862/648

vt 1644.9 2234.4
vn 0.128809 0.456057 0.880579
vt 1623.95 2229.18
v 23.3883 0.0525247 -128.693
vt 1644.44 2227.42
f 675/2863/649 662/2864/649 676/2865/649

vt -5081.68 -897.493
vn -0.0764804 -0.997071 5.26263e-15
vt -5079.51 -917.944
vt -5076.29 -917.944
vt -5069.89 -917.944
vt -5066.67 -917.944
vt -5064.5 -897.493
vt -5069.09 -897.493
vt -5077.08 -897.493
f 667/2866/650 668/2867/650 670/2868/650 673/2869/650 676/2870/650 662/2871/650 663/2872/650 664/2873/650 

vt 356.929 -4.23882
vn -0.105952 9.80175e-18 0.994371
vt 377.435 -4.23882
vt 377.435 2.0679
vt 356.929 3.63197
f 659/2874/651 672/2875/651 668/2876/651 667/2877/651 

vt -920.799 5079.51
vn 6.49016e-15 -1 -4.46993e-28
vt -920.799 5076.29
vt -920.799 5069.89
v 23.3883 -0.107666 -128.693
vt -920.799 5066.67
vt -900.408 5064.5
vt -900.408 5069.09
vt -900.408 5077.08
vt -900.408 5081.68
f 672/2878/652 671/2879/652 674/2880/652 677/2881/652 658/2882/652 661/2883/652 660/2884/652 659/2885/652 

vt -5066.67 -4.23882
vt -5066.67 2.0679
f 673/2819/2 674/2820/2 677/2886/2 676/2887/2 

vt 1431.93 -4.23882
vn 0.105952 1.06914e-17 0.994371
vt 1452.44 -4.23882
vt 1452.44 2.0679
vt 1431.93 3.63197
f 658/2888/653 677/2889/653 676/2890/653 662/2891/653 

f 676/2887/2 675/2821/2 673/2819/2

vt -5081.68 -4.23882
f 660/2804/2 664/2803/2 667/2807/2 659/2892/2 

f 662/2802/2 666/2806/2 663/2799/2

vt -1463.72 -4801.24
vn -0.026038 0.974831 -0.22142
vt -1463.46 -4809.89
vt -1456.61 -4809.89
f 172/2893/654 647/2894/654 646/2895/654

vt -1473.61 -4801.24
vt -1473.34 -4809.89
vt -1473.2 -4809.89
f 171/2896/654 185/2897/654 648/2898/654 647/2894/654 172/2893/654 

vt -1479.05 -4809.89
vt -1478.21 -4809.89
f 171/2896/654 183/2899/654 186/2900/654 185/2897/654 

vt 2900.28 378.709
vn 0.692306 -0.0822678 -0.716899
vt 2887.83 367.334
vt 2898.86 365.399
f 173/2901/655 172/2902/655 646/2903/655

vt -5091.33 2.06187
vn -0.999572 -0.0292696 -7.30647e-06
vt -5081.84 -11.8318
vt -5073.12 2.05732
f 169/2904/656 182/2905/656 159/2906/656

usemtl FrontColor
f 72/74/14 116/235/14 74/76/14 73/75/14 

vt 3596.2 1954.05
vn 0.463457 0.512769 0.722686
vt 3621.4 1941.1
vt 3600.33 1962.91
f 72/2907/657 97/2908/657 116/2909/657

g Mesh8 Model

v 24.0793 1.2287 -129.551
vt -5100.44 -624.974
vn -0.718142 -0.695896 -1.61038e-12
v 24.0829 1.22504 -129.543
vt -5100.13 -625.175
v 24.0777 1.23035 -129.548
vt -5100.3 -624.883
f 678/2910/658 679/2911/658 680/2912/658

vn -0.718142 -0.695896 -2.32212e-12
v 24.0735 1.23468 -129.551
vt -5100.44 -624.646
v 24.0777 1.23035 -129.555
vt -5100.58 -624.883
f 678/2910/659 680/2912/659 681/2913/659 682/2914/659 

vn -0.718142 -0.695896 -6.95598e-13
v 24.0829 1.22504 -129.559
vt -5100.74 -625.175
f 682/2914/660 683/2915/660 678/2910/660

g Mesh9 Model

v 26.2424 0.161404 -135.819
vt 1033.16 -4512.85
vn -5.30753e-17 -0.844597 0.535402
v 25.8524 0.0521472 -135.992
vt 1017.81 -4520.88
v 26.2424 0.0521472 -135.992
vt 1033.16 -4520.88
f 684/2916/661 685/2917/661 686/2918/661

vt 192.074 -3881.28
vt 208.282 -3875.14
v 25.8524 0.161404 -135.879
vt 192.747 -3875.14
f 685/2919/228 684/2920/228 687/2921/228

vt -1033.16 5347.22
vt -1017.81 5349.58
v 25.8524 0.161404 -136.231
vt -1017.81 5363.43
v 26.2424 0.161404 -136.231
vt -1033.16 5363.43
f 684/2922/3 687/2923/3 688/2924/3 689/2925/3 

vt 192.747 -2338.07
vt 208.282 -2338.07
v 26.2424 0.380699 -135.714
vt 208.915 -2328.5
v 25.8524 0.380699 -135.773
vt 193.381 -2328.5
f 687/2926/227 684/2927/227 690/2928/227 691/2929/227 

v 26.2424 0.380699 -135.819
vt 5347.22 14.9882
vt 5343.05 14.9882
vt 5347.22 6.3545
f 692/2930/212 690/2931/212 684/2932/212

vt -1033.16 5343.05
vt -1017.81 5345.41
v 25.8524 0.380699 -135.879
v 25.8524 0.380699 -136.231
v 26.2424 0.380699 -136.231
f 690/2933/3 691/2934/3 693/2923/3 694/2924/3 695/2925/3 692/2922/3 

vt 193.381 -2804.93
vt 208.915 -2804.93
v 26.2424 0.474854 -135.656
vt 209.261 -2800.6
v 25.8524 0.474854 -135.716
vt 193.726 -2800.6
f 691/2935/226 690/2936/226 696/2937/226 697/2938/226 

v 26.2424 0.474854 -135.819
vt 5347.22 18.695
vt 5340.78 18.695
f 698/2939/212 696/2940/212 690/2931/212 692/2930/212 

vt -1033.16 5340.78
vt -1017.81 5343.14
v 25.8524 0.474854 -135.879
v 25.8524 0.474854 -136.231
v 26.2424 0.474854 -136.231
f 696/2941/3 697/2942/3 699/2923/3 700/2924/3 701/2925/3 698/2922/3 

vt 193.726 18.695
vn -0.152018 0 0.988378
vt 209.261 18.695
v 26.2424 0.527352 -135.656
vt 209.261 20.7619
v 25.8524 0.527352 -135.716
vt 193.726 20.7619
f 697/2943/662 696/2944/662 702/2945/662 703/2946/662 

v 26.2424 0.527352 -135.819
vt 5347.22 20.7619
vt 5340.78 20.7619
f 704/2947/212 702/2948/212 696/2940/212 698/2939/212 

v 26.2424 0.761712 -135.819
vt 5347.22 29.9887
v 26.2424 0.761712 -135.575
vt 5337.61 29.9887
f 704/2947/212 705/2949/212 706/2950/212 702/2948/212 

v 26.2424 0.527352 -136.171
vt 5361.07 20.7619
v 26.2424 0.527352 -136.231
vt 5363.43 20.7619
v 26.2424 0.761712 -136.231
vt 5363.43 29.9887
f 704/2947/212 707/2951/212 708/2952/212 709/2953/212 705/2949/212 

vt 5363.43 18.695
f 698/2939/212 701/2954/212 708/2952/212 707/2951/212 704/2947/212 

v 26.5185 0.474854 -135.65
vt -1044.03 5340.54
v 26.5185 0.474854 -136.231
vt -1044.03 5363.43
f 710/2955/3 696/2941/3 698/2922/3 701/2925/3 711/2956/3 

vt 917.187 18.695
vt 928.06 18.695
v 26.5185 0.527352 -135.65
vt 928.06 20.7619
vt 917.187 20.7619
f 696/2957/215 710/2958/215 712/2959/215 702/2960/215 

vt 917.138 -2790.03
vt 928.06 -2785.68
vt 917.187 -2785.68
f 690/2961/216 710/2962/216 696/2963/216

vt 1265.89 -3287.08
vt 1255.14 -3291.82
v 26.5185 0.380699 -135.725
vt 1266.02 -3291.82
f 710/2964/217 690/2965/217 713/2966/217

vt 1255.31 -2296.8
vt 1266.02 -2287.21
vt 1255.14 -2287.21
f 684/2967/218 713/2968/218 690/2969/218

vt 2758.08 -2972.94
vt 2749.05 -2984.13
v 26.5185 0.161404 -135.917
vt 2760.58 -2984.13
f 713/2970/219 684/2971/219 714/2972/219

vt 2749.05 -2393.05
v 26.4593 0.0521472 -135.964
vt 2759 -2398.05
vt 2760.58 -2393.05
f 684/2973/223 715/2974/223 714/2975/223

vt 363.715 -4584.08
vt 355.957 -4576.09
vt 355.108 -4584.08
f 715/2976/222 684/2977/222 686/2978/222

vt 5354.01 2.05304
v 26.2424 0.0521472 -136.231
vt 5363.43 2.05304
vt 5363.43 6.3545
f 684/2932/212 686/2979/212 716/2980/212 689/2981/212 

vt 2751.31 -3906.33
vt 2760.58 -3898.62
vt 2749.05 -3898.62
f 686/2982/220 714/2983/220 684/2984/220

vt 366.264 -1867.6
vt 355.108 -1872.18
vt 363.715 -1872.18
f 714/2985/221 686/2986/221 715/2987/221

vt 1033.16 5354.01
vt 1041.7 5352.93
v 26.4593 0.0521472 -136.231
vt 1041.7 5363.43
vt 1033.16 5363.43
f 686/2988/195 715/2989/195 717/2990/195 716/2991/195 

vt -5363.43 498.191
vn -0.879167 0.476514 7.68376e-18
vt -5352.93 498.191
vt -5351.04 503.084
v 26.5185 0.161404 -136.231
vt -5363.43 503.084
f 717/2992/663 715/2993/663 714/2994/663 718/2995/663 

v 26.5185 0.380699 -136.231
vt 5363.43 14.9882
vt 5343.51 14.9882
vt 5351.04 6.3545
f 719/2996/212 713/2997/212 714/2998/212 718/2981/212 

vt -1044.03 5343.51
f 713/2999/3 690/2933/3 692/2922/3 695/2925/3 719/2956/3 

f 684/2932/212 689/2981/212 695/2996/212 692/2930/212 

vt -1044.03 5351.04
f 689/2925/3 718/2956/3 714/3000/3 684/2922/3 

f 695/1047/1 719/1046/1 718/2291/1 689/1073/1 

f 701/1044/1 711/1045/1 719/1046/1 695/1047/1 

v 26.5185 0.527352 -136.231
f 708/1433/1 720/1435/1 711/1045/1 701/1044/1 

v 26.5185 0.761712 -136.231
f 721/979/1 720/1435/1 708/1433/1 709/975/1 

v 26.5185 0.761712 -135.601
vt 5338.63 29.9887
vt 5340.54 20.7619
f 722/3001/212 712/3002/212 720/2952/212 721/2953/212 

vt -917.187 -1070.84
vt -928.101 -1061.42
vt -928.06 -1070.84
f 702/3003/214 722/3004/214 712/3005/214

vt -1536.01 -1660.27
vt -1525.39 -1670.02
vt -1525.09 -1660.27
f 722/3006/213 702/3007/213 706/3008/213

vt -193.726 -1727.78
vt -209.742 -1718.04
vt -209.261 -1727.78
f 703/3009/492 706/3010/492 702/3011/492

v 25.8524 0.761712 -135.656
vt 82.8398 -1292.68
vt 67.1621 -1292.68
vt 83.3172 -1302.19
f 723/3012/493 706/3013/493 703/3014/493

v 25.8524 0.761712 -136.231
vt 1017.81 5363.43
v 25.8524 0.761712 -135.879
vt 1017.81 5349.58
vt 1017.81 5340.78
vt 1033.16 5337.61
vt 1033.16 5347.22
f 709/2991/195 724/3015/195 725/3016/195 723/3017/195 706/3018/195 705/3019/195 

v 25.8524 0.527352 -136.231
f 709/975/1 708/1433/1 726/1434/1 724/976/1 

f 726/1434/1 708/1433/1 701/1044/1 700/1361/1 

vt 1017.81 5343.14
vt 1033.16 5340.78
vt 1033.16 5361.07
v 25.8524 0.527352 -135.879
f 703/3020/195 702/3021/195 704/3019/195 707/3022/195 708/2991/195 726/3015/195 727/3016/195 

vt 1044.03 5340.54
vt 1044.03 5363.43
f 702/3021/195 712/3023/195 720/3024/195 708/2991/195 707/3022/195 704/3019/195 

vt 5340.54 18.695
f 712/3002/212 710/3025/212 711/2954/212 720/2952/212 

f 710/3025/212 713/2997/212 719/2996/212 711/2954/212 

v 26.7524 0.380699 -136.231
v 26.7524 0.474854 -136.231
f 728/2293/1 719/1046/1 711/1045/1 729/2294/1 

v 26.7524 0.161404 -136.231
f 730/2292/1 718/2291/1 719/1046/1 728/2293/1 

v 26.8454 0.380699 -136.231
v 26.8454 0.161404 -136.231
f 728/2293/1 731/1668/1 732/1665/1 730/2292/1 

v 26.8454 0.474854 -136.231
f 729/2294/1 733/2318/1 731/1668/1 728/2293/1 

v 26.7524 0.527352 -136.231
v 26.8454 0.527352 -136.231
f 734/1437/1 735/1439/1 733/2318/1 729/2294/1 

v 26.8454 0.761712 -136.231
v 26.7524 0.761712 -136.231
f 736/1438/1 735/1439/1 734/1437/1 737/1436/1 

v 26.8454 0.761712 -136.029
vt 5355.47 29.9887
v 26.8454 0.761712 -135.931
vt 5351.61 29.9887
v 26.8454 0.527352 -135.808
vt 5346.78 20.7619
f 736/2953/212 738/3026/212 739/3027/212 740/3028/212 735/2952/212 

vt 1056.9 5351.61
v 26.9245 0.761712 -136.029
vt 1060.02 5355.47
v 26.9245 0.761712 -136.231
vt 1060.02 5363.43
vt 1056.9 5363.43
vt 1056.9 5355.47
f 739/3029/195 741/3030/195 742/3031/195 736/3032/195 738/3033/195 

v 26.9245 0.527352 -135.855
vt -4828.32 1088.92
vt -4828.69 1099.1
vt -4833.65 1099.1
f 743/3034/307 739/3035/307 741/3036/307

vt -3633.63 1698.17
vt -3634.79 1688.05
vt -3631.17 1688.05
f 739/3037/308 743/3038/308 740/3039/308

v 26.8454 0.474854 -135.787
vt 3630.74 1373.75
vt 3634.79 1375.94
vt 3631.17 1375.94
f 744/3040/309 743/3041/309 740/3042/309

vt 3212.1 2134
vt 3208.14 2131.64
v 26.9245 0.474585 -135.823
vt 3211.57 2131.63
f 743/3043/310 744/3044/310 745/3045/310

vt -3201.3 -881.302
v 26.8454 0.380699 -135.808
vt -3198.22 -885.078
vt -3197.86 -881.291
f 745/3046/311 746/3047/311 744/3048/311

vt -3631.17 -1124.65
vt -3634.15 -1120.8
v 26.9245 0.380699 -135.855
vt -3634.79 -1124.65
f 746/3049/312 745/3050/312 747/3051/312

v 27.047 0.474854 -135.869
vt -2873.35 -1385.53
vt -2868.64 -1389.42
vt -2868.2 -1385.54
f 748/3052/313 747/3053/313 745/3054/313

vt -1657.75 14.9882
vt -1662.61 18.695
v 27.047 0.380699 -135.869
vt -1662.61 14.9882
f 747/3055/314 748/3056/314 749/3057/314

vt 5349.17 18.695
vt 5349.17 14.9882
v 27.047 0.380699 -136.231
v 27.047 0.474854 -136.231
f 748/3058/212 749/3059/212 750/2996/212 751/2954/212 

vt -3104.79 18.695
vn -0.397786 -2.25631e-17 -0.917478
v 27.3151 0.47396 -135.985
vt -3116.3 18.6599
v 27.3151 0.380699 -135.985
vt -3116.3 14.9882
vt -3104.79 14.9882
f 748/3060/664 752/3061/664 753/3062/664 749/3063/664 

vt 3123.4 2078.1
v 27.047 0.527352 -135.899
vt 3112.36 2080.47
vt 3111.9 2078.14
f 752/3064/316 754/3065/316 748/3066/316

vt 5350.34 -1040.29
vt 5353.75 -1051.05
v 27.047 0.527352 -135.946
vt 5352.22 -1040.29
f 754/3067/317 752/3068/317 755/3069/317

vt 3075.8 1954.05
vt 3086.85 1951.73
v 27.3151 0.474854 -135.986
vt 3086.86 1951.77
v 27.3151 0.527352 -136.013
vt 3087.28 1954.05
f 754/3070/318 752/3071/318 756/3072/318 757/3073/318 

vt 5353.75 18.6599
vt 5353.75 14.9882
v 27.3151 0.380699 -136.163
vt 5360.74 14.9882
v 27.3151 0.380699 -136.231
v 27.3151 0.474854 -136.231
vt 5353.76 18.695
f 752/3074/212 753/3075/212 758/3076/212 759/2996/212 760/2954/212 756/3077/212 

v 27.5078 0.474854 -136.04
vt -2498.63 18.695
vt -2490.75 14.9882
vt -2490.75 18.6599
f 761/3078/325 753/3079/325 752/3080/325

vt -3784.62 -2043.19
vt -3792.17 -2038.84
v 27.5078 0.380699 -136.108
vt -3793.62 -2043.19
f 753/3081/326 761/3082/326 762/3083/326

usemtl Color_B08
vt 5369.11 -258.876
v 27.5443 0.474854 -136.129
vt 5370.4 -255.031
vt 5366.62 -255.031
f 762/3084/327 763/3085/327 761/3086/327

v 27.5078 0.380699 -136.231
vt 5363.43 404.73
vn 0.932639 -0.36081 -3.02967e-18
v 27.5443 0.474854 -136.231
vt 5363.43 408.705
vt 5359.39 408.705
vt 5358.58 404.73
f 764/3087/665 765/3088/665 763/3089/665 762/3090/665 

usemtl FrontColor
v 27.5078 0.474854 -136.231
f 765/1524/1 764/1525/1 766/1526/1

f 766/1526/1 764/1525/1 759/1654/1 760/1535/1 

vt 5355.89 18.695
vt 5358.58 14.9882
f 766/2954/212 761/3091/212 762/3092/212 764/2996/212 

vt 1082.99 5363.43
vt 1082.99 5355.89
vt 1084.42 5359.39
vt 1084.42 5363.43
f 766/3093/195 761/3094/195 763/3095/195 765/3096/195 

v 27.5078 0.527352 -136.231
v 27.5078 0.527352 -136.108
vt 5358.58 20.7619
f 761/3091/212 766/2954/212 767/2952/212 768/3097/212 

f 766/1526/1 767/1534/1 765/1524/1

v 27.3151 0.527352 -136.231
f 760/1535/1 769/1536/1 767/1534/1 766/1526/1 

vt 5354.83 20.7619
f 757/3098/212 756/3077/212 760/2954/212 769/2952/212 

vt 2487.83 2184.85
vt 2480.24 2187.16
vt 2479.95 2184.85
vt 2479.95 2184.81
f 761/3099/319 757/3100/319 756/3101/319 752/3102/319 

vt 3336.61 3297.95
vt 3343.88 3294.77
vt 3345.07 3297.95
f 757/3103/320 761/3104/320 768/3105/320

usemtl Color_B08
vt 5370.4 472.195
vt 5369.11 474.5
vt 5366.62 472.195
f 763/3106/321 768/3107/321 761/3108/321

vt 5358.58 -600.311
vn 0.821601 0.570063 4.29246e-18
vt 5359.39 -602.827
vt 5363.43 -602.827
vt 5363.43 -600.311
f 768/3109/666 763/3110/666 765/3111/666 767/3112/666 

usemtl FrontColor
vt 5363.43 -955.919
v 27.047 0.761712 -136.231
vt 5363.43 -935.564
v 27.047 0.761712 -136.081
vt 5357.51 -935.564
vt 5358.58 -955.919
f 767/3113/376 770/3114/376 771/3115/376 768/3116/376 

v 27.047 0.527352 -136.231
f 769/1536/1 772/1765/1 770/1766/1 767/1534/1 

f 751/1767/1 772/1765/1 769/1536/1 760/1535/1 

v 26.9245 0.474854 -136.231
v 26.9245 0.527352 -136.231
f 773/1768/1 774/1441/1 772/1765/1 751/1767/1 

vt 5348.62 20.7619
vt 5347.37 18.6844
v 26.9245 0.474854 -135.855
vt 5348.62 18.695
f 743/3117/212 745/3118/212 775/3119/212 773/2954/212 774/2952/212 

vt 2792.7 2329.98
vt 2798.23 2332.37
vt 2793.12 2332.37
f 745/3120/377 754/3121/377 743/3122/377

vt 2865.67 2191.7
vt 2860.12 2189.34
vt 2865.27 2189.36
f 754/3123/378 745/3124/378 748/3125/378

vt 5350.34 20.7619
vt 5352.22 20.7619
f 754/3126/212 748/3058/212 751/2954/212 772/2952/212 755/3127/212 

vt 1064.84 5350.34
vt 1075.4 5354.83
vt 1075.4 5363.43
vt 1064.84 5363.43
vt 1064.84 5352.22
f 754/3128/195 757/3129/195 769/3130/195 772/3131/195 755/3132/195 

vt -3087.28 2636.75
vt -3075.8 2636.75
vt -3078.61 2648.09
f 757/3133/379 754/3134/379 771/3135/379

vt 5357.51 29.9887
f 771/3136/212 754/3126/212 755/3127/212 772/2952/212 770/2953/212 

vt -3063.64 2643.55
vt -3061.19 2654.89
vt -3066.43 2654.89
f 754/3137/303 741/3138/303 771/3139/303

vt -2795.41 2711.42
vt -2798.23 2700.16
vt -2793.12 2700.16
f 741/3140/302 754/3141/302 743/3142/302

vt 1060.02 5348.62
f 743/3143/195 754/3128/195 755/3132/195 772/3131/195 774/3031/195 

f 770/1766/1 772/1765/1 774/1441/1 742/1440/1 

f 741/3026/212 743/3117/212 774/2952/212 742/2953/212 

vt 1056.9 5346.78
f 774/3031/195 735/3032/195 740/3144/195 743/3143/195 

f 733/2318/1 735/1439/1 774/1441/1 773/1768/1 

v 26.8454 0.474854 -135.808
vt 5346.78 18.695
f 776/3145/212 733/2954/212 735/2952/212 740/3028/212 

vt 5346.78 14.9882
v 26.8454 0.380699 -135.846
vt 5348.27 14.9882
f 746/3146/212 777/3147/212 731/2996/212 733/2954/212 776/3145/212 

v 26.8454 0.161404 -135.882
vt 5349.67 6.3545
f 746/3146/212 778/3148/212 732/2981/212 731/2996/212 777/3147/212 

vt -3634.79 -1112.7
vt -3632.64 -1121.68
vt -3631.17 -1112.7
f 747/3149/339 778/3150/339 746/3151/339

vt -3264.59 -1116.19
vt -3266.95 -1107.25
v 26.9245 0.161404 -135.92
vt -3268.05 -1116.19
f 778/3152/338 747/3153/338 779/3154/338

v 26.9245 0.161404 -135.967
vt 5353.05 6.3545
v 26.9245 0.161404 -136.231
v 26.9245 0.380699 -136.231
vt 5348.62 14.9882
vt 5351.17 6.3545
f 780/3155/212 781/2981/212 782/2996/212 747/3156/212 779/3157/212 

vt -1060.02 5351.17
vt -1056.9 5349.67
vt -1056.9 5363.43
vt -1060.02 5363.43
vt -1060.02 5353.05
f 779/3158/3 778/3159/3 732/3160/3 781/3161/3 780/3162/3 

vt -3268.05 -4002.37
v 27.047 0.0970622 -136.142
vt -3276.18 -4008.72
vt -3264.59 -4002.37
f 779/3163/336 783/3164/336 778/3165/336

vt -2486.28 -4583.19
vt -2479.25 -4575.64
v 27.047 0.161404 -135.954
vt -2484.26 -4575.64
f 783/3166/335 779/3167/335 784/3168/335

vt -1064.84 5352.53
v 27.047 0.161404 -136.231
vt -1064.84 5363.43
f 784/3169/3 779/3158/3 780/3162/3 781/3161/3 785/3170/3 

vt -2479.25 -1699.52
vt -2483.35 -1690.3
vt -2484.26 -1699.52
f 779/3171/354 749/3172/354 784/3173/354

vt -1662.61 -1445.87
vt -1658.04 -1454.87
vt -1657.75 -1445.87
f 749/3174/356 779/3175/356 747/3176/356

vt 5349.17 532.245
vt 5351.17 522.356
vt 5353.05 522.356
f 749/3177/358 779/3178/358 780/3179/358

vt 1064.84 5349.17
f 747/3143/195 749/3180/195 750/3131/195 782/3031/195 

vt 1075.4 5353.75
vt 1075.4 5360.74
f 749/3180/195 753/3181/195 758/3182/195 759/3130/195 750/3131/195 

v 27.3151 0.161404 -136.111
vt -3118.27 -2086.12
vt -3104.79 -2076.36
vt -3116.3 -2076.36
f 786/3183/330 749/3184/330 753/3185/330

vt -3618.41 -1286.85
vt -3632.33 -1295.96
vt -3620.11 -1295.96
f 749/3186/331 786/3187/331 784/3188/331

vt -3620.11 -3793.76
vt -3632.33 -3793.76
vt -3623.84 -3800.63
f 784/3189/332 786/3190/332 783/3191/332

vt -1075.4 5358.7
v 27.3151 0.161404 -136.231
vt -1075.4 5363.43
f 786/3192/3 784/3169/3 785/3170/3 787/3193/3 

vt -5359.93 3.82135
vn -1 -2.69277e-13 -0
vt -5352.53 6.3545
vt -5363.43 6.3545
v 27.047 0.0970622 -136.231
vt -5363.43 3.82135
f 783/3194/667 784/3195/667 785/3196/667 788/3197/667 

vt 5352.53 6.3545
f 749/3059/212 784/3198/212 785/2981/212 750/2996/212 

f 750/1656/1 785/1655/1 781/1666/1 782/1667/1 

f 759/1654/1 787/1653/1 785/1655/1 750/1656/1 

vt 5358.7 6.3545
f 758/3076/212 753/3075/212 786/3199/212 787/2981/212 759/2996/212 

vt 1082.99 5358.58
f 753/3181/195 762/3200/195 764/3093/195 759/3130/195 758/3182/195 

vt 3787.29 -1711.24
vt 3793.62 -1701.64
vt 3784.62 -1701.64
f 786/3201/328 762/3202/328 753/3203/328

vt 5363.43 726.139
vn 0.751177 -0.660101 6.87543e-17
vt 5358.58 726.139
vt 5358.7 714.645
vt 5363.43 714.645
f 764/3204/668 762/3205/668 786/3206/668 787/3207/668 

vt 5358.7 1047.2
vn 0.233334 -0.972397 -4.30187e-17
vt 5359.93 1036.34
vt 5363.43 1036.34
vt 5363.43 1047.2
f 786/3208/669 783/3209/669 788/3210/669 787/3211/669 

vt -5359.93 -1013.26
vn -0.304055 -0.952655 5.26302e-17
vt -5363.43 -1004.93
vt -5363.43 -1013.26
f 783/3212/670 732/3213/670 788/3214/670

vt -5349.67 -1004.93
f 783/3212/337 778/3215/337 732/3213/337

f 788/1657/1 732/1665/1 781/1666/1 785/1655/1 

f 782/1667/1 781/1666/1 732/1665/1 731/1668/1 

f 773/1768/1 782/1667/1 731/1668/1 733/2318/1 

f 745/3118/212 747/3156/212 782/2996/212 773/2954/212 775/3119/212 

vt 1056.9 5348.27
f 746/3144/195 747/3143/195 782/3031/195 731/3032/195 777/3216/195 

f 751/1767/1 750/1656/1 782/1667/1 773/1768/1 

f 760/1535/1 759/1654/1 750/1656/1 751/1767/1 

f 787/1653/1 788/1657/1 785/1655/1

f 764/1525/1 787/1653/1 759/1654/1

vt 5345.93 18.695
f 776/3145/212 744/3217/212 746/3146/212

f 740/3028/212 744/3217/212 776/3145/212

f 742/1440/1 774/1441/1 735/1439/1 736/1438/1 

v 26.8454 0.823986 -136.231
v 26.9245 0.823986 -136.231
f 736/1438/1 789/1845/1 790/1844/1 742/1440/1 

v 26.8454 0.823986 -135.989
vt 5353.89 32.4404
vt 5363.43 32.4404
f 791/3218/212 739/3027/212 738/3026/212 736/2953/212 789/3219/212 

vt -4830.46 1308.59
vt -4833.65 1305.75
vt -4828.69 1305.75
f 791/3220/306 741/3221/306 739/3222/306

vt -5138.55 1138.16
vt -5135.59 1141.24
v 26.9245 0.823986 -136.121
vt -5141.65 1141.24
f 741/3223/305 791/3224/305 792/3225/305

vt -5135.59 800.987
v 26.8454 0.92712 -136.081
vt -5138.71 805.456
vt -5141.65 800.987
f 791/3226/390 793/3227/390 792/3228/390

vt 5357.52 36.5008
v 26.8454 0.92712 -136.231
vt 5363.43 36.5008
f 793/3229/212 791/3218/212 789/3219/212 794/3230/212 

vt 1056.9 5353.89
vt 1060.02 5359.09
f 791/3231/195 792/3232/195 790/3031/195 789/3032/195 

vt 5357.52 -614.453
vt 5359.09 -619.571
vt 5363.43 -619.571
vt 5363.43 -614.453
f 793/3233/389 792/3234/389 790/3235/389 794/3236/389 

vt 5359.09 -930.155
vt 5363.43 -930.155
f 792/3237/385 771/3115/385 770/3114/385 790/3238/385 

vt -3061.19 3658.63
vt -3062.6 3662.77
vt -3066.43 3658.63
f 741/3239/304 792/3240/304 771/3241/304

vt 5359.09 32.4404
f 792/3242/212 741/3026/212 742/2953/212 790/3219/212 

vt 1064.84 5357.51
f 771/3243/195 770/3131/195 742/3031/195 741/3030/195 

f 742/1440/1 790/1844/1 770/1766/1

f 789/1845/1 794/1819/1 790/1844/1

v 26.7524 0.823986 -136.231
v 26.7524 0.92712 -136.231
f 795/1846/1 796/1820/1 794/1819/1 789/1845/1 

v 26.5185 0.823986 -136.231
v 26.5185 0.92712 -136.231
f 797/978/1 798/1866/1 796/1820/1 795/1846/1 

v 26.2424 0.823986 -136.231
v 26.2424 0.92712 -136.231
f 799/974/1 800/1199/1 798/1866/1 797/978/1 

v 26.2424 0.823986 -135.819
vt 5347.22 32.4404
v 26.2424 0.92712 -135.819
vt 5347.22 36.5008
f 801/3244/212 799/3219/212 800/3230/212 802/3245/212 

v 25.8524 0.823986 -136.231
v 26.2424 0.823986 -135.656
v 25.8524 0.823986 -135.716
v 25.8524 0.823986 -135.879
f 803/2924/3 799/2925/3 801/2922/3 804/2941/3 805/2942/3 806/2923/3 

f 799/974/1 709/975/1 724/976/1 803/977/1 

f 705/2949/212 709/2953/212 799/3219/212 801/3244/212 

vt 1044.03 5338.63
f 706/3018/195 722/3246/195 721/3024/195 709/2991/195 705/3019/195 

vt -1525.09 4569.37
v 26.5185 0.823986 -135.713
vt -1536.42 4574.4
vt -1536.01 4569.37
f 706/3247/392 807/3248/392 722/3249/392

vt -2105.33 3959.61
vt -2093.59 3955.66
vt -2094.23 3959.61
f 807/3250/393 706/3251/393 804/3252/393

vt -209.261 4300.5
vt -209.742 4296.52
vt -193.726 4300.5
f 804/3253/257 706/3254/257 805/3255/257

vt 5340.78 32.4404
f 801/3244/212 804/3256/212 706/2950/212 705/2949/212 

v 26.2424 0.92712 -135.714
vt 5343.05 36.5008
f 808/3257/212 804/3256/212 801/3244/212 802/3245/212 

vt 2694.6 2241.3
v 26.5185 0.92712 -135.807
vt 2706.81 2245.89
vt 2695.33 2245.89
f 804/3258/259 809/3259/259 808/3260/259

vt 2106.09 3377.76
vt 2094.23 3372.31
vt 2105.33 3372.31
f 809/3261/258 804/3262/258 807/3263/258

vt -1044.03 5343.03
f 807/3264/3 804/2941/3 801/2922/3 799/2925/3 797/2956/3 

f 709/975/1 799/974/1 797/978/1 721/979/1 

f 721/979/1 797/978/1 795/1846/1 737/1436/1 

vt 5343.03 32.4404
f 807/3265/212 722/3001/212 721/2953/212 797/3219/212 

v 26.5185 0.92712 -135.96
vt 5352.74 36.5008
vt 5346.74 36.5008
f 798/3230/212 810/3266/212 809/3267/212 807/3265/212 797/3219/212 

vt 1044.03 5346.74
v 26.7524 0.92712 -135.995
vt 1053.24 5354.13
vt 1053.24 5363.43
vt 1044.03 5352.74
f 809/3268/195 811/3269/195 796/3270/195 798/3024/195 810/3271/195 

v 26.6963 0.979619 -135.99
vt 4171.28 1817.81
vt 4161.33 1815.41
vt 4173.14 1815.41
v 26.7123 0.984331 -136.006
vt 4172.18 1818.02
f 812/3272/444 809/3273/444 811/3274/444 813/3275/444 

vt -4699.41 -564.595
vt -4689.39 -566.713
v 26.5846 0.984331 -135.862
vt -4692.74 -564.405
vt -4700.31 -564.405
f 812/3276/445 809/3277/445 814/3278/445 813/3279/445 

vt -5352.74 1011.64
vn -0.283176 0.959068 9.27418e-17
vt -5346.74 1011.64
vt -5353.92 1018.94
f 810/3280/671 809/3281/671 812/3282/671

v 26.5185 0.984331 -136.231
vt 5363.43 38.7532
v 26.5185 1.05101 -136.231
vt 5363.43 41.3782
v 26.5185 1.15596 -136.231
vt 5363.43 45.5104
v 26.5185 1.15596 -135.935
vt 5351.78 45.5104
v 26.5185 1.15596 -135.807
vt 5346.74 45.5104
f 810/3266/212 798/3230/212 815/3283/212 816/3284/212 817/3285/212 818/3286/212 819/3287/212 809/3267/212 

vt 1033.16 5343.05
f 798/3024/195 800/2991/195 802/3019/195 808/3288/195 809/3268/195 810/3271/195 

v 26.2424 1.15596 -136.231
f 800/1199/1 820/1862/1 817/1863/1 816/1864/1 815/1865/1 798/1866/1 

v 26.2424 1.15596 -135.719
vt 5343.26 45.5104
v 26.2424 1.15596 -136.171
vt 5361.07 45.5104
v 26.2424 1.15596 -135.819
vt 5347.22 45.5104
f 821/3289/212 808/3257/212 802/3245/212 800/3230/212 820/3285/212 822/3290/212 823/3291/212 

vt 2625.9 149.044
vt 2614.49 149.044
vt 2614.42 140.032
f 819/3292/262 821/3293/262 808/3294/262

vt -2614.49 3134.21
v 26.5185 1.40389 -136.03
vt -2628.57 3147.04
vt -2625.9 3134.21
f 821/3295/263 824/3296/263 819/3297/263

vt -5343.26 799.142
vn -0.668114 0.744059 -0
vt -5355.49 813.751
vt -5347.22 799.142
f 821/3298/672 824/3299/672 823/3300/672

vt -3312.73 2355.22
vt -3297.56 2343.68
v 26.2424 1.40389 -135.893
vt -3300.6 2355.22
f 824/3301/265 821/3302/265 825/3303/265

v 25.8524 1.40389 -135.953
vt 192.308 3149.26
vt 208.884 3137.38
vt 207.842 3149.26
f 826/3304/470 821/3305/470 825/3306/470

vt 174.674 2741.88
v 25.8524 1.15596 -135.807
vt 190.419 2741.88
vt 191.686 2753.13
f 821/3307/408 827/3308/408 826/3309/408

vt 1017.81 5346.74
vt 1033.16 5343.26
v 25.8524 1.15596 -136.231
v 25.8524 1.15596 -135.879
f 827/3310/195 821/3311/195 823/3019/195 822/3022/195 820/2991/195 828/3015/195 829/3016/195 

vt -190.419 166.337
vt -174.629 157.325
vt -174.674 166.337
f 827/3312/266 808/3313/266 821/3314/266

vt 5346.74 -854.807
vt 5343.05 -872.609
vt 5349.58 -854.807
f 827/3315/397 808/3316/397 829/3317/397

vt 208.915 819.661
vt 193.179 828.765
v 25.8524 0.92712 -135.773
vt 193.381 819.661
f 808/3318/268 827/3319/268 830/3320/268

vt 161.005 828.205
v 25.4105 0.92712 -135.844
vt 143.595 819.101
vt 161.214 819.101
f 827/3321/269 831/3322/269 830/3323/269

vt -5348.19 905.147
vn -0.459851 0.887996 6.9722e-17
vt -5346.74 924.74
vt -5349.58 924.74
f 831/3324/673 827/3325/673 829/3326/673

v 25.4105 1.15596 -136.028
vt -1498.38 3093.62
vt -1495.15 3082.53
vt -1478.93 3093.62
f 832/3327/271 831/3328/271 827/3329/271

vt -5348.19 36.5008
vt -5355.43 45.5104
v 25.4105 0.92712 -136.028
vt -5355.43 36.5008
f 831/3330/2 832/3331/2 833/3332/2

v 25.4105 1.15596 -136.231
vt -5363.43 45.5104
v 25.4105 0.92712 -136.231
vt -5363.43 36.5008
f 832/3331/2 834/3333/2 835/3334/2 833/3332/2 

v 25.7068 1.40389 -136.231
vt -5363.43 811.681
vn -0.641708 0.766949 2.26877e-17
vt -5363.43 796.47
vt -5355.43 796.47
v 25.7068 1.40389 -136.053
vt -5356.43 811.681
f 836/3335/674 834/3336/674 832/3337/674 837/3338/674 

v 25.8524 1.40389 -136.231
f 838/1920/1 828/1869/1 834/1871/1 836/1918/1 

vt 5352.47 55.2713
vt 5349.58 45.5104
vt 5363.43 55.2713
v 25.8524 1.40389 -136.028
vt 5355.43 55.2713
f 826/3339/212 827/3287/212 829/3340/212 828/3285/212 838/3341/212 839/3342/212 

vt 1478.93 2475.55
vt 1498.38 2475.55
vt 1481.49 2486.58
f 827/3343/409 832/3344/409 826/3345/409

vt 1000.41 5355.43
vt 1000.41 5363.43
f 832/3346/195 827/3310/195 829/3016/195 828/3015/195 834/3347/195 

vt 5345.41 36.5008
v 25.8524 0.92712 -135.879
vt 5349.58 36.5008
f 830/3348/212 840/3349/212 829/3340/212 827/3287/212 

vt 5343.14 32.4404
vt 5349.58 32.4404
f 840/3349/212 830/3348/212 805/3350/212 806/3351/212 

vt 1000.41 5348.19
vt 1017.81 5345.41
v 25.8524 0.92712 -136.231
f 831/3352/195 830/3353/195 840/3016/195 841/3015/195 835/3347/195 833/3346/195 

v 25.4105 0.823986 -135.821
vt 143.74 1218.75
vt 161.214 1222.91
vt 143.595 1222.91
f 842/3354/410 830/3355/410 831/3356/410

vt -245.41 2631.29
vt -262.767 2626.67
vt -244.885 2626.67
f 830/3357/411 842/3358/411 805/3359/411

v 25.4105 0.761712 -135.821
vt -262.767 29.9887
vn -0.231161 -3.64742e-16 0.972915
vt -244.885 32.4404
vt -262.767 32.4404
f 843/3360/675 805/3361/675 842/3362/675

vt -915.258 3616.07
vt -933.002 3612.77
vt -914.432 3612.77
f 805/3363/255 843/3364/255 723/3365/255

vt 1000.41 5347.27
v 25.4105 0.761712 -136.231
v 25.4105 0.761712 -136.028
v 25.4105 0.761712 -135.844
f 843/3366/195 723/3017/195 725/3016/195 724/3015/195 844/3347/195 845/3346/195 846/3352/195 

v 25.4105 0.527352 -135.815
vt -932.917 153.351
vt -914.432 162.58
vt -933.002 162.58
f 847/3367/196 723/3368/196 843/3369/196

vt -172.067 -1287.78
vt -190.41 -1297.29
vt -172.583 -1297.29
f 723/3370/197 847/3371/197 703/3372/197

vt -190.41 20.7619
vn -0.218199 -2.57406e-16 0.975904
vt -172.583 18.695
vt -172.583 20.7619
f 847/3373/676 697/3374/676 703/3375/676

vt -512.974 -2558.69
vt -530.767 -2556.34
v 25.4105 0.474854 -135.844
vt -531.091 -2558.69
f 697/3376/199 847/3377/199 848/3378/199

v 25.4105 0.527352 -135.844
vt -5348.19 20.7619
vt -5348.19 18.695
vt -5347.03 20.7619
f 849/3379/2 848/3380/2 847/3381/2

v 25.4105 0.527352 -136.028
vt -5355.43 20.7619
v 25.4105 0.474854 -136.028
vt -5355.43 18.695
f 848/3380/2 849/3379/2 850/3382/2 851/3383/2 

vt -5348.19 29.9887
vt -5355.43 29.9887
f 849/3379/2 846/3384/2 845/3385/2 850/3382/2 

vt -5347.27 29.9887
f 846/3384/2 849/3379/2 847/3381/2 843/3386/2 

vt 1000.41 5347.03
v 25.4105 0.527352 -136.231
f 847/3387/195 703/3020/195 727/3016/195 726/3015/195 852/3347/195 850/3346/195 849/3352/195 

vt 5349.58 20.7619
vt 5343.14 20.7619
vt 5343.14 18.695
vt 5349.58 18.695
f 727/3388/212 703/3389/212 697/3390/212 699/3391/212 

vt 5349.58 29.9887
vt 5340.78 29.9887
f 725/3392/212 723/3393/212 703/3389/212 727/3388/212 

f 806/3351/212 805/3350/212 723/3393/212 725/3392/212 

vt -1000.41 5347.27
v 25.4105 0.823986 -135.844
vt -1000.41 5348.19
v 25.4105 0.823986 -136.028
vt -1000.41 5355.43
v 25.4105 0.823986 -136.231
vt -1000.41 5363.43
v 25.4408 0.823986 -136.231
vt -1001.61 5363.43
f 805/2942/3 842/3394/3 853/3395/3 854/3396/3 855/3397/3 856/3398/3 803/2924/3 806/2923/3 

vt -5348.19 32.4404
vt -5347.27 32.4404
f 853/3399/2 846/3384/2 843/3386/2 842/3400/2 

vt -5355.43 32.4404
f 846/3384/2 853/3399/2 854/3401/2 845/3385/2 

f 853/3399/2 831/3330/2 833/3332/2 854/3401/2 

f 831/3330/2 853/3399/2 842/3400/2

vt -5363.43 32.4404
f 833/3332/2 835/3334/2 855/3402/2 854/3401/2 

f 855/2267/1 835/1870/1 841/1198/1 803/977/1 856/2268/1 

f 835/1870/1 834/1871/1 828/1869/1 841/1198/1 

f 840/3349/212 841/3230/212 828/3285/212 829/3340/212 

f 806/3351/212 803/3219/212 841/3230/212 840/3349/212 

f 725/3392/212 724/2953/212 803/3219/212 806/3351/212 

f 727/3388/212 726/2952/212 724/2953/212 725/3392/212 

f 699/3391/212 700/2954/212 726/2952/212 727/3388/212 

vt 5349.58 14.9882
f 693/3403/212 694/2996/212 700/2954/212 699/3391/212 

v 25.4105 0.380699 -135.87
vt -1000.41 5349.22
v 25.4105 0.380699 -136.028
v 25.4105 0.380699 -136.231
f 691/2934/3 857/3404/3 858/3396/3 859/3397/3 694/2924/3 693/2923/3 

vt 165.932 -1403.87
vt 165.713 -1400.03
vt 148.123 -1403.87
f 857/3405/210 848/3406/210 691/3407/210

vt -5349.22 14.9882
vt -5355.43 14.9882
f 857/3408/2 848/3380/2 851/3383/2 858/3409/2 

v 25.4105 0.474854 -136.231
f 697/2942/3 848/3395/3 851/3396/3 860/3397/3 700/2924/3 699/2923/3 

vt 513.608 -2735.05
vt 531.091 -2730.75
vt 512.974 -2730.75
f 691/3410/211 848/3411/211 697/3412/211

vt 5345.41 14.9882
f 699/3391/212 697/3390/212 691/3413/212 693/3403/212 

vt 5349.58 6.3545
f 693/3403/212 691/3413/212 687/3414/212

vt 149.013 -2316.39
vt 165.932 -2306.85
vt 148.123 -2306.85
f 687/3415/209 857/3416/209 691/3417/209

v 25.4105 0.161404 -135.987
vt 294.149 -2493.34
vt 293.062 -2483.62
vt 276.243 -2493.34
f 861/3418/208 857/3419/208 687/3420/208

vt -5353.82 6.3545
v 25.4105 0.161404 -136.028
vt -5355.43 6.3545
f 861/3421/2 857/3408/2 858/3409/2 862/3422/2 

vt -5363.43 14.9882
v 25.4105 0.161404 -136.231
f 859/3423/2 863/3196/2 862/3422/2 858/3409/2 

f 863/1357/1 859/1358/1 694/1359/1 688/1072/1 

f 694/1359/1 859/1358/1 860/1360/1 700/1361/1 

vt -5363.43 18.695
f 851/3383/2 860/3424/2 859/3423/2 858/3409/2 

vt -5363.43 20.7619
f 850/3382/2 852/3425/2 860/3424/2 851/3383/2 

vt -5363.43 29.9887
f 845/3385/2 844/3426/2 852/3425/2 850/3382/2 

f 854/3401/2 855/3402/2 844/3426/2 845/3385/2 

f 844/2315/1 855/2267/1 856/2268/1 803/977/1 724/976/1 

f 724/976/1 726/1434/1 852/2314/1 844/2315/1 

f 700/1361/1 860/1360/1 852/2314/1 726/1434/1 

f 700/1361/1 701/1044/1 695/1047/1 694/1359/1 

f 692/2930/212 695/2996/212 701/2954/212 698/2939/212 

f 694/1359/1 695/1047/1 689/1073/1 688/1072/1 

v 25.8524 0.0521472 -136.231
f 688/1072/1 689/1073/1 716/1074/1 864/1075/1 

f 689/1073/1 718/2291/1 717/2308/1 716/1074/1 

vt 1017.81 5354.01
f 685/3427/195 686/2988/195 716/2991/195 864/3015/195 

v 25.4105 0.0521472 -136.028
v 25.4105 0.0521472 -136.231
f 865/3346/195 685/3427/195 864/3015/195 866/3347/195 

vt 577.35 -3871.51
vt 559.532 -3877.67
vt 576.988 -3877.67
f 687/3428/231 865/3429/231 685/3430/231

vt 276.243 -1858.29
vt 294.531 -1862.87
vt 294.149 -1858.29
f 687/3431/230 865/3432/230 861/3433/230

vt -5355.43 2.05304
f 865/3434/2 861/3421/2 862/3422/2

vt -1000.41 5353.82
f 687/2923/3 861/3435/3 862/3396/3 863/3397/3 688/2924/3 

vt -5363.43 2.05304
f 865/3434/2 862/3422/2 863/3196/2 866/3436/2 

f 864/1075/1 866/2389/1 863/1357/1 688/1072/1 

f 687/3414/212 685/2979/212 864/2980/212 688/2981/212 

f 687/3414/212 688/2981/212 694/2996/212 693/3403/212 

f 803/977/1 841/1198/1 800/1199/1 799/974/1 

f 841/1198/1 828/1869/1 820/1862/1 800/1199/1 

v 26.2424 1.40389 -136.231
f 867/2041/1 820/1862/1 828/1869/1 838/1920/1 

v 26.2424 1.40389 -135.968
vt 5353.07 55.2713
vt 5350.11 55.2713
f 823/3291/212 822/3290/212 820/3285/212 867/3341/212 868/3437/212 825/3438/212 821/3289/212 

vt 1044.03 5351.78
f 821/3311/195 819/3268/195 818/3439/195 817/3024/195 820/2991/195 822/3022/195 823/3019/195 

vt 5355.49 55.2713
v 26.5185 1.40389 -136.231
f 824/3440/212 819/3287/212 818/3286/212 817/3285/212 869/3341/212 

v 26.7524 1.15596 -136.042
vt -4539.36 1659.06
vt -4526.3 1659.06
vt -4532.51 1670.61
f 870/3441/438 819/3442/438 824/3443/438

vt -4539.36 273.882
v 26.5846 1.05101 -135.862
vt -4529.67 269.738
vt -4526.3 273.882
f 870/3444/439 871/3445/439 819/3446/439

vt -4702.43 -109.846
v 26.7123 1.05101 -136.006
vt -4700.31 -113.985
vt -4692.74 -113.985
f 870/3447/440 872/3448/440 871/3449/440

vt 3808.69 354.24
vt 3814.69 349.347
vt 3810.79 358.385
f 872/3450/441 793/3451/441 870/3452/441

vt 3552.09 36.5008
vn 0.491172 0 0.871063
vt 3546.08 41.3782
vt 3546.08 38.7532
f 793/3453/677 872/3454/677 813/3455/677

vt -4692.74 41.3782
vt -4700.31 41.3782
vt -4700.31 38.7532
vt -4692.74 38.7532
f 871/3456/443 872/3457/443 813/3458/443 814/3459/443 

vt -1051.66 5354.57
vt -1046.64 5348.91
v 26.5846 1.05101 -136.231
vt -1046.64 5363.43
v 26.7123 1.05101 -136.231
vt -1051.66 5363.43
v 26.7123 1.05101 -136.04
vt -1051.66 5355.91
f 872/3460/3 871/3461/3 873/3462/3 874/3463/3 875/3464/3 

v 26.7524 1.05101 -136.231
v 26.7524 0.984331 -136.231
v 26.7123 0.984331 -136.231
v 26.5846 0.984331 -136.231
f 874/2088/1 876/1822/1 877/1821/1 878/2090/1 879/2091/1 815/1865/1 816/1864/1 873/2089/1 

v 26.7524 1.15596 -136.231
f 880/1818/1 876/1822/1 874/2088/1 873/2089/1 816/1864/1 817/1863/1 

f 880/1818/1 794/1819/1 796/1820/1 877/1821/1 876/1822/1 

vt 5363.43 -363.976
vn 0.926467 0.376375 7.19518e-18
vt 5363.43 -354.251
vt 5355.99 -354.251
vt 5357.52 -363.976
f 794/3465/678 880/3466/678 870/3467/678 793/3468/678 

vt 5363.43 -676.292
vn 0.727344 0.686273 2.93612e-17
vt 5355.49 -676.292
vt 5355.99 -689.712
vt 5363.43 -689.712
f 869/3469/679 824/3470/679 870/3471/679 880/3472/679 

vt 1033.16 5353.07
vt 1033.16 5350.11
vt 1044.03 5355.49
f 868/3473/195 825/3474/195 824/3475/195 869/3024/195 867/2991/195 

v 26.2424 1.52571 -136.156
vt 5360.47 60.0674
v 26.2424 1.52571 -136.231
vt 5363.43 60.0674
f 881/3476/212 825/3438/212 868/3437/212 867/3341/212 882/3477/212 

vt -1033.16 4878.2
vn 0 -0.907455 -0.42015
v 25.8524 1.52571 -136.156
vt -1017.81 4889.62
vt -1033.16 4889.62
f 825/3478/680 883/3479/680 881/3480/680

vt 207.842 4683.74
vt 191.092 4692.99
vt 192.308 4683.74
f 825/3481/433 883/3482/433 826/3483/433

vt 5360.47 -953.609
vt 5350.11 -969.695
vt 5353.07 -969.695
v 25.8524 1.52571 -136.231
vt 5363.43 -953.609
f 883/3484/435 825/3485/435 868/3486/435 884/3487/435 

vt 1017.81 5355.43
vt 1017.81 5352.47
f 839/3488/195 826/3489/195 825/3474/195 868/3473/195 867/2991/195 838/3015/195 

vt -5355.43 894.748
vt -5352.47 914.697
vt -5355.43 914.697
f 832/3490/466 826/3491/466 839/3492/466

vt -2220.07 3054.63
vt -2204.07 3066.91
vt -2211.04 3066.91
f 832/3493/467 826/3494/467 837/3495/467

vt -2208.62 4067.36
vt -2211.04 4059.22
vt -2204.07 4059.22
f 883/3496/468 837/3497/468 826/3498/468

vt -5363.43 819.155
vt -5360.47 819.155
f 884/3499/404 836/3335/404 837/3338/404 883/3500/404 

f 836/1918/1 884/1919/1 838/1920/1

v 26.0474 1.52571 -136.231
f 838/1920/1 884/1919/1 885/2044/1 882/2042/1 867/2041/1 

f 883/3476/212 826/3339/212 839/3342/212 838/3341/212 884/3477/212 

vt 5352.47 -829.284
vt 5343.26 -847.478
vt 5347.22 -847.478
vt 5355.43 -829.284
f 826/3501/469 821/3502/469 823/3503/469 839/3504/469 

vt 1012.08 5356.43
vt 1012.08 5363.43
f 837/3505/195 826/3489/195 839/3488/195 838/3015/195 836/3506/195 

vt -1033.16 5360.47
vt -1017.81 5360.47
vt -1025.49 5363.43
f 881/3507/3 883/3508/3 884/2924/3 885/3509/3 882/2925/3 

vt 5360.47 -921.007
vt 5355.49 -932.889
vt 5363.43 -932.889
vt 5363.43 -921.007
f 881/3510/437 824/3511/437 869/3512/437 882/3513/437 

vt 3312.73 3877.17
vt 3305.2 3887.62
vt 3300.6 3877.17
f 824/3514/436 881/3515/436 825/3516/436

f 867/2041/1 882/2042/1 869/2043/1

f 869/2043/1 817/1863/1 820/1862/1 867/2041/1 

f 817/1863/1 869/2043/1 880/1818/1

vt 1053.24 5355.99
f 817/3024/195 818/3439/195 819/3268/195 870/3517/195 880/3270/195 

vt 5346.74 832.875
vt 5343.05 818.756
vt 5351.78 832.875
f 819/3518/471 808/3519/471 818/3520/471

vt -2695.33 36.5008
vn -0.321345 3.36708e-17 -0.946962
vt -2706.81 45.5104
vt -2706.81 36.5008
f 808/3521/681 819/3522/681 809/3523/681

vt -4230.94 38.7532
vt -4227.55 36.5008
vt -4227.55 45.5104
vt -4230.94 41.3782
f 814/3524/476 809/3525/476 819/3526/476 871/3527/476 

vt 1056.9 5357.52
f 794/3032/195 796/3270/195 811/3269/195 793/3528/195 

vt -4409.47 1719.7
vt -4408.6 1722.35
vt -4414.45 1719.7
f 811/3529/475 813/3530/475 793/3531/475

f 877/1821/1 796/1820/1 798/1866/1 815/1865/1 879/2091/1 878/2090/1 

v 26.7123 0.984331 -136.04
f 886/3464/3 813/3460/3 814/3461/3 879/3462/3 878/3463/3 

vt -5354.57 1019.59
vn -0.283176 0.959068 5.62882e-14
vt -5355.91 1019.59
f 813/3532/682 886/3533/682 810/3280/682 812/3282/682 

f 802/3019/195 800/2991/195 841/3015/195 840/3016/195 830/3353/195 808/3288/195 

vt 193.726 2659.24
vt 208.915 2663.88
vt 193.381 2663.88
f 805/3534/412 808/3535/412 830/3536/412

vt 209.261 2659.24
f 808/3535/412 805/3534/412 804/3537/412

vt 83.3172 3755.51
vt 67.1621 3752.14
vt 82.8398 3752.14
f 805/3538/256 706/3539/256 723/3540/256

f 737/1436/1 795/1846/1 789/1845/1 736/1438/1 

f 737/1436/1 734/1437/1 720/1435/1 721/979/1 

f 729/2294/1 711/1045/1 720/1435/1 734/1437/1 

vt 3328.33 2658.87
vt 3336.61 2647.25
vt 3345.07 2647.25
f 771/3541/519 757/3542/519 768/3543/519

g Mesh10 Model

usemtl M_0128_White
v 26.2427 0.161817 -133.468
vt -1649.86 2924.29
v 26.2427 0.0280888 -133.374
vt -1649.42 2917.86
v 25.0286 0.312728 -133.429
vt -1602.22 2931.54
f 887/3544/27 888/3545/27 889/3546/27

vt -5250.95 1.10586
vn -1 -2.54511e-29 4.2938e-13
vt -5254.66 6.37077
v 26.2427 0.0280888 -133.468
vt -5254.66 1.10586
f 888/3547/683 887/3548/683 890/3549/683

vn -1 0 -1.67666e-13
v 26.2427 0.161817 -133.606
vt -5260.08 6.37077
v 26.2427 0.0280888 -133.606
vt -5260.08 1.10586
f 887/3548/684 891/3550/684 892/3551/684 890/3549/684 

vt 5253.12 -976.335
vn 0.123354 0.992363 1.56531e-15
vt 5254.66 -1024.5
vt 5260.08 -1024.5
v 25.0286 0.312728 -133.714
vt 5264.31 -976.335
v 25.0286 0.312728 -133.453
vt 5254.07 -976.335
v 25.0286 0.312728 -133.434
vt 5253.29 -976.335
f 889/3552/685 887/3553/685 891/3554/685 893/3555/685 894/3556/685 895/3557/685 

vt 84.4077 -3743.28
v 26.2427 0.0280888 -133.74
vt 85.5036 -3750.65
vt 132.039 -3734.97
f 891/3558/31 896/3559/31 893/3560/31

vn -1 0 1.72747e-13
vt -5265.35 1.10586
f 891/3550/686 896/3561/686 892/3551/686

vt 5250.95 -1031.09
vn 0.0624966 0.998045 -2.18309e-15
vt 5254.66 -1031.09
vt 5260.08 -1031.09
vt 5265.35 -1031.09
v 25.0286 0.104112 -133.843
vt 5269.41 -983.197
v 25.0286 0.104112 -133.798
vt 5267.63 -983.197
v 25.0286 0.104112 -133.714
vt 5264.31 -983.197
v 25.0286 0.104112 -133.429
vt 5253.12 -983.197
v 25.0286 0.104112 -133.29
vt 5247.64 -983.197
f 888/3562/687 890/3563/687 892/3564/687 896/3565/687 897/3566/687 898/3567/687 899/3568/687 900/3569/687 901/3570/687 

v 26.2427 -0.107666 -133.374
vt -5250.95 -4.23882
vn -1 0 4.2938e-13
v 26.2427 -0.107666 -133.468
vt -5254.66 -4.23882
f 902/3571/688 888/3547/688 890/3549/688 903/3572/688 

v 25.0286 -0.107666 -133.29
vt -1345.89 -4.23882
vt -1345.89 4.09888
vt -1393.81 1.10586
vt -1393.81 -4.23882
f 904/3573/21 901/3574/21 888/3575/21 902/3576/21 

v 25.0286 -0.107666 -133.429
vt -5253.12 -4.23882
vn -1 -3.96364e-14 3.27544e-13
v 25.0286 -0.107666 -133.325
vt -5249.01 -4.23882
v 25.0286 -0.107666 -133.294
vt -5247.81 -4.23882
vt -5247.64 -4.23882
vt -5247.64 4.09888
vt -5253.12 4.09888
f 905/3577/689 906/3578/689 907/3579/689 904/3580/689 901/3581/689 900/3582/689 

vt -985.379 5247.64
vn -1.44292e-16 -1 4.97794e-17
vt -985.379 5247.81
vt -985.379 5249.01
vt -985.379 5253.12
v 25.0286 -0.107666 -133.714
vt -985.379 5264.31
v 25.0286 -0.107666 -133.738
vt -985.379 5265.29
v 25.0286 -0.107666 -133.798
vt -985.379 5267.63
v 25.0286 -0.107666 -133.843
vt -985.379 5269.41
v 26.2427 -0.107666 -133.74
vt -1033.18 5265.35
v 26.2427 -0.107666 -133.606
vt -1033.18 5260.08
vt -1033.18 5254.66
vt -1033.18 5250.95
f 904/3583/690 907/3584/690 906/3585/690 905/3586/690 908/3587/690 909/3588/690 910/3589/690 911/3590/690 912/3591/690 913/3592/690 903/3593/690 902/3594/690 

usemtl FrontColor
vt -5269.41 -953.007
vn -0.25841 -0.966035 1.6289e-14
vt -5267.63 -953.007
vt -5265.29 -953.007
vt -5264.31 -953.007
vt -5253.12 -953.007
vt -5249.01 -953.007
vt -5247.81 -953.007
vt -5247.64 -953.007
v 24.1205 0.135256 -133.157
vt -5242.4 -915.996
f 911/3595/691 910/3596/691 909/3597/691 908/3598/691 905/3599/691 906/3600/691 907/3601/691 904/3602/691 914/3603/691 

usemtl M_0128_White
vt -5269.41 -4.23882
vt -5267.63 -4.23882
vt -5265.29 -4.23882
vt -5264.31 -4.23882
vt -5264.31 4.09888
vt -5267.63 4.09888
vt -5269.41 4.09888
f 911/3604/2 910/3605/2 909/3606/2 908/3607/2 899/3608/2 898/3609/2 897/3610/2 

vn -1 0 -4.06428e-14
f 905/3577/692 900/3582/692 899/3608/692 908/3607/692 

vn -1 3.50787e-14 -1.28333e-14
vt -5253.12 12.3121
vt -5253.29 12.3121
vt -5254.07 12.3121
vt -5264.31 12.3121
f 900/3582/693 889/3611/693 895/3612/693 894/3613/693 893/3614/693 899/3608/693 

vn -1 1.90948e-29 2.69374e-13
f 901/3581/694 889/3611/694 900/3582/694

usemtl FrontColor
v 24.399 0.594994 -133.226
vt 3587.91 1966.19
vt 3610.29 1943.98
vt 3613.19 1953.42
f 915/3615/23 901/3616/23 889/3617/23

v 24.3096 0.402184 -133.159
vt 2300.03 1006.49
vt 2328.69 994.496
vt 2304.11 1014.25
f 916/3618/15 901/3619/15 915/3620/15

vt 1907.21 4.09888
vn 0.178687 0 0.983906
vt 1878.44 15.834
vt 1907.21 -4.23882
f 901/3621/695 916/3622/695 904/3623/695

usemtl M_0128_White
vt 1594.29 -393.652
vt 1630.42 -403.245
vt 1601.69 -383.11
v 24.1793 0.218295 -133.158
vt 1596.59 -390.372
v 24.1214 0.136522 -133.157
vt 1594.33 -393.602
f 914/3624/17 904/3625/17 916/3626/17 917/3627/17 918/3628/17 

vt -3669.53 1935.92
vt -3668.21 1939.64
vt -3665.23 1948
v 24.2449 0.402184 -133.248
vt -3669.55 1948
vt -3669.55 1935.86
f 918/3629/14 917/3630/14 916/3631/14 919/3632/14 914/3633/14 

usemtl FrontColor
vt -3665.27 1956.76
v 24.3613 0.594994 -133.277
vt -3667.78 1956.76
v 24.3347 0.594994 -133.314
vt -3669.55 1956.76
f 916/3631/14 915/3634/14 920/3635/14 921/3636/14 919/3632/14 

v 24.4248 0.788374 -133.38
vt -3669.55 1965.55
f 915/3634/14 922/3637/14 921/3636/14 920/3635/14 

vt 3644.19 2027.06
vt 3640.06 2018.19
vt 3665.26 2005.25
f 922/3638/657 915/3639/657 889/3640/657

vt 5264.31 -766.461
vn 0.618779 0.785565 -5.01289e-15
vt 5251.16 -736.198
vt 5253.12 -766.461
vt 5253.29 -766.461
vt 5254.07 -766.461
f 893/3641/696 922/3642/696 889/3643/696 895/3644/696 894/3645/696 

vt 3548.91 -3252.59
vn 0.451249 0.820036 -0.352015
vt 3544.66 -3285.31
v 24.2897 0.784926 -133.561
vt 3557.81 -3252.83
f 922/3646/697 893/3647/697 923/3648/697

usemtl M_0128_White
vt 5253.12 -823.687
vn 0.538483 0.842637 -4.41186e-15
vt 5253.29 -823.687
vt 5254.07 -823.687
vt 5264.31 -823.687
vt 5258.3 -789.163
f 889/3649/698 895/3650/698 894/3651/698 893/3652/698 923/3653/698 

vt 14.4779 -2787.14
vt 40.9865 -2755.75
vt 13.5275 -2777.52
f 897/3654/33 923/3655/33 893/3656/33

vt -539.679 -2345.27
vt -567.806 -2375.22
v 24.0717 0.594994 -133.673
vt -530.775 -2353.62
f 923/3657/34 897/3658/34 924/3659/34

usemtl FrontColor
vt -2390.13 947.028
v 23.9819 0.402184 -133.607
vt -2347.95 958.997
vt -2352.06 966.739
f 897/3660/35 925/3661/35 924/3662/35

vt -2077.01 15.834
vn -0.219751 7.21447e-16 -0.975556
vt -2119.25 4.09888
vt -2119.25 -4.23882
f 925/3663/699 897/3664/699 911/3665/699

usemtl M_0128_White
vt 583.475 -4.23882
vt 583.475 1.10586
vt 535.505 4.09888
vt 535.505 -4.23882
f 912/3666/37 896/3667/37 897/3668/37 911/3669/37 

vt -5265.35 -4.23882
vt -5260.08 -4.23882
f 896/3561/686 912/3670/686 913/3671/686 892/3551/686 

f 890/3549/684 892/3551/684 913/3671/684 903/3572/684 

vt -330.143 -2802.35
vt -330.769 -2792.71
vt -378.077 -2805.87
f 897/3672/32 893/3673/32 896/3674/32

f 899/3608/2 893/3614/2 897/3610/2 898/3609/2 

vt -3881.25 2351.11
v 23.987 0.135256 -133.339
vt -3836.38 2363.51
vt -3842.39 2377.14
f 911/3675/41 926/3676/41 925/3677/41

usemtl FrontColor
vt -3670.23 -3822.11
vt -3669.55 -3776.29
vt -3678.45 -3776.29
f 911/3678/42 914/3679/42 926/3680/42

vt 5063.24 1476.79
vt 5104.01 1455.87
v 24.1741 0.125567 -133.216
vt 5066.3 1475.95
v 24.1449 0.130852 -133.184
vt 5064.63 1476.41
f 914/3681/43 911/3682/43 927/3683/43 928/3684/43 

usemtl M_0128_White
v 24.1114 0.402184 -133.43
vt -3678.45 1948
vt -3678.45 1935.86
f 914/3633/14 919/3632/14 929/3685/14 926/3686/14 

usemtl FrontColor
v 24.2012 0.594994 -133.496
vt -3678.45 1956.76
f 919/3632/14 921/3636/14 930/3687/14 929/3685/14 

vt -3678.45 1965.4
f 923/3688/14 930/3687/14 921/3636/14 922/3637/14 

usemtl M_0128_White
vt -3687.08 1956.76
f 923/3688/14 924/3689/14 930/3687/14

vt -3687.08 1948
f 924/3689/14 925/3690/14 929/3685/14 930/3687/14 

f 925/3690/14 926/3686/14 929/3685/14

vt 3558.02 -2904.45
vt 3579.88 -2877.24
vt 3570.99 -2877.04
f 889/3691/51 923/3692/51 922/3693/51

vt -1559.03 2827.99
vt -1559.64 2837.85
vt -1606.9 2824.4
f 901/3694/22 889/3695/22 888/3696/22

g Mesh11 Model

v 25.0286 -0.107666 -131.706
vt -332.794 409.174
v 24.1205 0.135256 -131.839
vt -296.666 418.768
v 24.1214 0.136522 -131.839
vt -296.702 418.818
v 24.1793 0.218295 -131.838
vt -298.969 422.047
v 24.3096 0.402184 -131.837
vt -304.067 429.309
f 931/3697/168 932/3698/168 933/3699/168 934/3700/168 935/3701/168 

usemtl FrontColor
v 25.0286 -0.107666 -131.198
vt -5165.28 -953.007
vn -0.25841 -0.966035 -1.68764e-14
v 25.0286 -0.107666 -131.153
vt -5163.5 -953.007
vt -5190.52 -915.996
vt -5185.28 -953.007
v 25.0286 -0.107666 -131.702
vt -5185.11 -953.007
v 25.0286 -0.107666 -131.671
vt -5183.91 -953.007
v 25.0286 -0.107666 -131.567
vt -5179.79 -953.007
v 25.0286 -0.107666 -131.282
vt -5168.6 -953.007
v 25.0286 -0.107666 -131.258
vt -5167.62 -953.007
f 936/3702/700 937/3703/700 932/3704/700 931/3705/700 938/3706/700 939/3707/700 940/3708/700 941/3709/700 942/3710/700 

usemtl M_0128_White
vt -985.379 5185.11
vn -1.4891e-16 -1 -4.49035e-17
vt -985.379 5185.28
v 26.2427 -0.107666 -131.622
vt -1033.18 5181.96
v 26.2427 -0.107666 -131.528
vt -1033.18 5178.26
v 26.2427 -0.107666 -131.39
vt -1033.18 5172.83
v 26.2427 -0.107666 -131.256
vt -1033.18 5167.57
vt -985.379 5163.5
vt -985.379 5165.28
vt -985.379 5167.62
vt -985.379 5168.6
vt -985.379 5179.79
vt -985.379 5183.91
f 938/3711/701 931/3712/701 943/3713/701 944/3714/701 945/3715/701 946/3716/701 937/3717/701 936/3718/701 942/3719/701 941/3720/701 940/3721/701 939/3722/701 

vt -5183.91 -4.23882
vn -1 -3.49494e-14 -3.38344e-13
vt -5179.79 -4.23882
v 25.0286 0.104112 -131.567
vt -5179.79 4.09888
v 25.0286 0.104112 -131.706
vt -5185.28 4.09888
vt -5185.28 -4.23882
vt -5185.11 -4.23882
f 939/3723/702 940/3724/702 947/3725/702 948/3726/702 931/3727/702 938/3728/702 

vn -1 0 4.06428e-14
vt -5168.6 -4.23882
v 25.0286 0.104112 -131.282
vt -5168.6 4.09888
f 947/3725/703 940/3724/703 941/3729/703 949/3730/703 

vt -5165.28 -4.23882
vt -5163.5 -4.23882
v 25.0286 0.104112 -131.153
vt -5163.5 4.09888
v 25.0286 0.104112 -131.198
vt -5165.28 4.09888
vt -5167.62 -4.23882
f 936/3731/2 937/3732/2 950/3733/2 951/3734/2 949/3730/2 941/3729/2 942/3735/2 

usemtl FrontColor
vt -173.391 4.09888
vn -0.219751 0 0.975556
v 23.9819 0.402184 -131.389
vt -215.635 15.834
vt -173.391 -4.23882
f 950/3736/704 952/3737/704 937/3738/704

vt -507.831 -1013.02
vt -465.653 -1024.99
v 24.0717 0.594994 -131.323
vt -503.721 -1005.28
f 952/3739/173 950/3740/173 953/3741/173

usemtl M_0128_White
vt 1388.51 2266.25
v 24.2897 0.784926 -131.435
vt 1360.39 2296.2
vt 1351.48 2287.85
f 950/3742/154 954/3743/154 953/3744/154

vt 1904.42 2580.07
vt 1930.92 2548.68
v 25.0286 0.312728 -131.282
vt 1931.87 2558.3
f 954/3745/153 950/3746/153 955/3747/153

vt -5168.6 12.3121
f 955/3748/2 949/3730/2 951/3734/2 950/3733/2 

v 25.0286 0.312728 -131.567
vt -5179.79 12.3121
vn -1 3.78674e-14 1.06422e-14
v 25.0286 0.312728 -131.543
vt -5178.84 12.3121
v 25.0286 0.312728 -131.562
vt -5179.62 12.3121
f 956/3749/705 947/3725/705 949/3730/705 955/3748/705 957/3750/705 958/3751/705 

vn -1 0 -2.90095e-13
f 956/3749/706 948/3726/706 947/3725/706

vt 407.161 -2897.44
vt 406.555 -2907.3
v 26.2427 0.0280888 -131.622
vt 454.426 -2910.89
f 956/3752/187 948/3753/187 959/3754/187

usemtl FrontColor
vt 1904.39 -2424.58
v 24.399 0.594994 -131.77
vt 1926.77 -2402.36
vt 1901.49 -2415.14
f 948/3755/188 960/3756/188 956/3757/188

vt 410.71 -1080.74
vt 439.375 -1068.75
vt 435.294 -1060.99
f 948/3758/166 935/3759/166 960/3760/166

vt -14.2059 15.834
vn 0.178687 -1.92769e-16 -0.983906
vt -42.9765 4.09888
vt -42.9765 -4.23882
f 935/3761/707 948/3762/707 931/3763/707

usemtl M_0128_White
vt 624.46 4.09888
vn -0.0691497 -1.61965e-17 0.997606
vt 624.46 -4.23882
vt 672.372 -4.23882
vt 672.372 1.10586
f 948/3764/708 931/3765/708 943/3766/708 959/3767/708 

vt -5181.96 1.10586
vn -1 0 -4.2938e-13
vt -5181.96 -4.23882
vt -5178.26 -4.23882
v 26.2427 0.0280888 -131.528
vt -5178.26 1.10586
f 959/3768/709 943/3769/709 944/3770/709 961/3771/709 

v 26.2427 0.0280888 -131.39
vt -5172.83 1.10586
vn -1 0 1.67666e-13
vt -5172.83 -4.23882
f 962/3772/710 961/3771/710 944/3770/710 945/3773/710 

vt 5178.26 -1031.09
vn 0.0624966 0.998045 2.37241e-15
vt 5181.96 -1031.09
vt 5185.28 -983.197
vt 5179.79 -983.197
vt 5168.6 -983.197
vt 5165.28 -983.197
vt 5163.5 -983.197
v 26.2427 0.0280888 -131.256
vt 5167.57 -1031.09
vt 5172.83 -1031.09
f 961/3774/711 959/3775/711 948/3776/711 947/3777/711 949/3778/711 951/3779/711 950/3780/711 963/3781/711 962/3782/711 

v 26.2427 0.161817 -131.528
vt -5178.26 6.37077
vn -1 -5.09022e-29 -4.2938e-13
f 964/3783/712 959/3768/712 961/3771/712

vt 410.506 -3017.4
vt 410.947 -3010.97
vt 363.305 -3003.72
f 959/3784/186 964/3785/186 956/3786/186

vt 5178.26 -1024.5
vn 0.123354 0.992363 -1.15096e-15
vt 5179.79 -976.335
vt 5179.62 -976.335
vt 5178.84 -976.335
vt 5168.6 -976.335
v 26.2427 0.161817 -131.39
vt 5172.83 -1024.5
f 964/3787/713 956/3788/713 958/3789/713 957/3790/713 955/3791/713 965/3792/713 

usemtl FrontColor
v 24.4248 0.788374 -131.616
vt 5181.75 -736.198
vn 0.618779 0.785565 7.3045e-15
vt 5168.6 -766.461
vt 5178.84 -766.461
vt 5179.62 -766.461
vt 5179.79 -766.461
f 966/3793/714 955/3794/714 957/3795/714 958/3796/714 956/3797/714 

vt 4681.36 1976.89
vt 4677.1 2009.61
vt 4668.21 2009.38
f 955/3798/174 966/3799/174 954/3800/174

usemtl M_0128_White
vt 4681.61 1776.01
vt 4703.48 1748.8
vt 4690.51 1776.21
f 954/3801/151 956/3802/151 966/3803/151

vt 5179.62 -823.687
vn 0.538483 0.842637 6.41259e-15
vt 5179.79 -823.687
vt 5174.62 -789.163
vt 5168.6 -823.687
vt 5178.84 -823.687
f 958/3804/715 956/3805/715 954/3806/715 955/3807/715 957/3808/715 

usemtl FrontColor
vt 1991.93 -2485.03
vt 1987.8 -2476.16
vt 1966.73 -2497.97
f 960/3809/189 966/3810/189 956/3811/189

vt -4749.4 -1115.32
vt -4753.68 -1124.11
v 24.3613 0.594994 -131.719
vt -4751.17 -1124.11
v 24.3347 0.594994 -131.682
vt -4749.4 -1124.11
f 966/3812/155 960/3813/155 967/3814/155 968/3815/155 

vt -4753.71 -1132.87
v 24.2449 0.402184 -131.748
vt -4749.4 -1132.87
f 960/3813/155 935/3816/155 969/3817/155 968/3815/155 967/3814/155 

usemtl M_0128_White
vt -4750.74 -1141.23
vt -4749.42 -1144.95
vt -4749.4 -1145.01
f 934/3818/155 933/3819/155 932/3820/155 969/3817/155 935/3816/155 

v 23.987 0.135256 -131.657
vt -4740.5 -1145.01
v 24.1114 0.402184 -131.566
vt -4740.5 -1132.87
f 969/3817/155 932/3820/155 970/3821/155 971/3822/155 

usemtl FrontColor
vt -4749.4 2249.7
vn -0.168453 -0.977969 -0.123289
vt -4748.71 2203.88
vt -4740.5 2249.7
f 932/3823/716 937/3824/716 970/3825/716

vt 4073.62 -2956.8
vn 0.40217 0.889376 -0.217418
vt 4114.39 -2935.88
v 24.1449 0.130852 -131.812
vt 4112.99 -2936.26
v 24.1741 0.125567 -131.78
vt 4111.32 -2936.72
f 937/3826/717 932/3827/717 972/3828/717 973/3829/717 

usemtl M_0128_White
vt -2265.65 -3024.45
vt -2220.79 -3036.85
vt -2259.64 -3010.82
f 970/3830/171 937/3831/171 952/3832/171

vt -4731.87 -1132.87
f 970/3821/155 952/3833/155 971/3822/155

vt -4731.87 -1124.11
v 24.2012 0.594994 -131.5
vt -4740.5 -1124.11
f 952/3833/155 953/3834/155 974/3835/155 971/3822/155 

vt -4740.5 -1115.47
f 953/3834/155 954/3836/155 974/3835/155

usemtl FrontColor
f 974/3835/155 954/3836/155 966/3812/155 968/3815/155 

f 968/3815/155 969/3817/155 971/3822/155 974/3835/155 

usemtl M_0128_White
vt 2086.24 3384.59
vt 2087.33 3391.95
vt 2039.7 3400.27
f 963/3837/183 965/3838/183 955/3839/183

vt -5167.57 1.10586
vn -1 0 -1.72747e-13
vt -5172.83 6.37077
f 963/3840/718 965/3841/718 962/3772/718

f 965/3841/710 964/3783/710 961/3771/710 962/3772/710 

vt -5167.57 -4.23882
f 946/3842/718 963/3840/718 962/3772/718 945/3773/718 

vt -1467.17 1.10586
vn -0.0847027 3.23539e-17 -0.996406
vt -1467.17 -4.23882
vt -1419.2 -4.23882
vt -1419.2 4.09888
f 963/3843/719 946/3844/719 937/3845/719 950/3846/719 

vt 1613.28 2636.82
vt 1612.65 2627.17
vt 1660.58 2623.66
f 955/3847/178 950/3848/178 963/3849/178

g Mesh12 Model

v 25.5593 0.092252 -138.045
vt -642.317 -3486.32
v 25.2434 0.117788 -138.045
vt -629.909 -3485.02
v 25.4086 0.245938 -137.928
vt -636.705 -3478.48
f 975/3850/638 976/3851/638 977/3852/638

v 25.2434 0.117788 -137.609
vt -5417.66 -990.23
vn -0.0805852 -0.996748 4.48216e-15
v 25.2434 0.117788 -137.725
vt -5422.26 -990.23
v 25.2434 0.117788 -137.928
vt -5430.25 -990.23
vt -5434.84 -990.23
vt -5434.84 -1002.71
v 25.5593 0.092252 -137.928
vt -5430.25 -1002.71
v 25.5593 0.092252 -137.725
vt -5422.26 -1002.71
v 25.5593 0.092252 -137.609
vt -5417.66 -1002.71
f 978/3853/720 979/3854/720 980/3855/720 976/3856/720 975/3857/720 981/3858/720 982/3859/720 983/3860/720 

vt -5422.26 788.127
vn -0.612907 0.790155 5.30518e-14
v 25.0855 -0.00474293 -137.725
vt -5422.26 780.256
v 25.0855 -0.00474293 -137.609
vt -5417.66 780.256
vt -5417.66 788.127
f 979/3861/721 984/3862/721 985/3863/721 978/3864/721 

vn -0.612907 0.790155 1.13392e-13
vt -5430.25 788.127
v 25.0855 -0.00474293 -137.928
vt -5430.25 780.256
f 979/3861/722 980/3865/722 986/3866/722 984/3862/722 

usemtl FrontColor
v 25.3524 0.392858 -137.915
vt 5429.73 381.834
vn 0.929769 -0.368144 -4.40974e-14
vt 5417.66 370.187
vt 5422.26 370.187
vt 5430.25 370.187
vt 5434.84 370.187
f 987/3867/723 978/3868/723 979/3869/723 980/3870/723 976/3871/723 

usemtl M_0128_White
vt 5331.83 156.293
vt 5344.57 167.189
v 25.24 0.441841 -137.686
vt 5334.54 169.129
f 978/3872/619 987/3873/619 988/3874/619

usemtl FrontColor
vt 5385.72 371.664
vt 5397.07 363.569
vt 5395.74 369.64
f 988/3875/621 977/3876/621 987/3877/621

vt 5430.25 -645.261
vn 0.757894 0.652377 -1.72691e-13
vt 5420.72 -635.085
v 25.4086 0.245938 -137.725
vt 5422.26 -645.261
f 977/3878/724 988/3879/724 989/3880/724

vt 3378.35 935.121
vt 3371.74 943.014
vt 3370.46 929.958
f 989/3881/623 988/3882/623 978/3883/623

usemtl M_0128_White
v 24.9906 0.441841 -137.657
vt 1610.1 1240.65
vt 1619.77 1227.53
vt 1619.99 1240.65
f 990/3884/624 978/3885/624 988/3886/624

vt 602.835 508.546
vt 592.771 521.358
vt 596.632 503.701
f 978/3887/625 990/3888/625 985/3889/625

v 24.7864 0.392858 -137.848
vt -2949.59 -282.228
vt -2934.53 -297.914
vt -2938.56 -280.296
f 991/3890/626 985/3891/626 990/3892/626

vt -5427.11 -574.278
vn -0.799128 -0.601161 7.55098e-14
v 25.0855 -0.00474293 -138.045
vt -5434.84 -593.866
vt -5430.25 -593.866
vt -5422.26 -593.866
vt -5417.66 -593.866
f 991/3893/725 992/3894/725 986/3895/725 984/3896/725 985/3897/725 

vt -4815.14 -1779.66
vt -4811.67 -1758.88
v 24.7682 0.362423 -137.982
vt -4816.89 -1760.47
f 992/3898/628 991/3899/628 993/3900/628

v 24.959 0.392858 -137.869
vt -1609.84 -5143.76
v 24.9408 0.362423 -138.003
vt -1609.75 -5149.21
vt -1602.9 -5149.21
vt -1603 -5143.76
f 994/3901/98 995/3902/98 993/3903/98 991/3904/98 

v 25.2084 0.392858 -137.898
vt -1619.73 -5143.76
v 25.1902 0.362423 -138.032
vt -1619.63 -5149.21
v 25.2047 0.392858 -137.898
vt -1619.58 -5143.76
f 996/3905/98 997/3906/98 995/3902/98 994/3901/98 998/3907/98 

usemtl FrontColor
v 25.3343 0.362423 -138.049
vt -1625.35 -5149.21
v 25.3312 0.392858 -137.913
vt -1624.6 -5143.76
vt -1625.43 -5143.76
f 999/3908/98 997/3906/98 996/3905/98 1000/3909/98 987/3910/98 

vt -1625.35 -129.417
vt -1621.77 -139.052
vt -1619.63 -129.417
f 999/3911/99 976/3912/99 997/3913/99

vt 5378.34 444.998
vt 5378.32 455.274
vt 5373.01 456.552
f 976/3914/646 999/3915/646 987/3916/646

vt -1496.33 -1273.03
vt -1502.43 -1284.19
vt -1494.57 -1278.99
f 987/3917/645 976/3918/645 977/3919/645

usemtl M_0128_White
vt -5430.25 796.359
vn -0.612907 0.790155 -1.51506e-13
vt -5434.84 788.127
f 977/3920/726 976/3921/726 980/3865/726

vn -0.612907 0.790155 -1.44005e-13
vt -5434.84 780.256
f 986/3866/727 980/3865/727 976/3921/727 992/3922/727 

vt -1400.8 -526.154
vt -1419.64 -535.835
vt -1413.44 -540.684
f 993/3923/615 976/3924/615 992/3925/615

usemtl FrontColor
vt -1602.9 -129.417
vt -1609.75 -129.417
f 997/3913/99 976/3912/99 993/3926/99 995/3927/99 

v 25.5593 -0.107666 -138.045
vt -1006.27 -4.23882
vt -987.617 -0.18673
vt -993.836 4.63733
vt -1006.27 3.63197
f 1001/3928/639 992/3929/639 976/3930/639 975/3931/639 

usemtl M_0128_White
vt -5422.26 -965.15
vn -0.212269 -0.977211 1.67895e-14
vt -5430.25 -965.15
vt -5434.84 -965.15
vt -5434.84 -984.239
v 25.5593 -0.107666 -137.928
vt -5430.25 -984.239
v 25.5593 -0.107666 -137.725
vt -5422.26 -984.239
v 25.5593 -0.107666 -137.609
vt -5417.66 -984.239
vt -5417.66 -965.15
f 984/3932/728 986/3933/728 992/3934/728 1001/3935/728 1002/3936/728 1003/3937/728 1004/3938/728 985/3939/728 

vt -5430.25 -4.23882
vt -5430.25 3.63197
vt -5434.84 3.63197
vt -5434.84 -4.23882
f 1002/3940/2 981/3941/2 975/3942/2 1001/3943/2 

vt -5422.26 3.63197
vn -1 0 1.13854e-13
vt -5422.26 -4.23882
f 982/3944/729 981/3941/729 1002/3940/729 1003/3945/729 

v 25.5593 0.244215 -137.928
vt -5430.25 9.61475
v 25.5593 0.244215 -137.725
vt -5422.26 9.61475
f 1005/3946/729 981/3941/729 982/3944/729 1006/3947/729 

f 1005/3946/2 975/3942/2 981/3941/2

vt -952.592 -3305.79
vt -958.523 -3305.87
vt -958.483 -3313.42
f 977/3948/637 1005/3949/637 975/3950/637

vt 5422.26 -1006.1
vn 0.0114355 0.999935 -1.95296e-15
vt 5430.25 -1006.1
vt 5430.25 -1000.16
vt 5422.26 -1000.16
f 1006/3951/730 1005/3952/730 977/3953/730 989/3954/730 

vt 5430.25 -1003.5
vn 0.0652952 0.997866 -6.33646e-15
vt 5422.26 -1003.5
v 26.0772 0.210325 -137.746
vt 5423.05 -1023.93
v 26.0772 0.210325 -137.908
vt 5429.45 -1023.93
f 1005/3955/731 1006/3956/731 1007/3957/731 1008/3958/731 

vt 1483.62 3227.96
vt 1504.41 3233.81
vt 1484.03 3235.49
f 983/3959/648 1007/3960/648 1006/3961/648

vt 1800.77 2386.78
vt 1779.81 2381.56
v 26.0772 0.0525247 -137.664
vt 1800.3 2379.8
f 1007/3962/649 983/3963/649 1009/3964/649

vt -5434.84 -1003.05
vn -0.0764804 -0.997071 4.28568e-15
v 26.0772 0.0525247 -137.99
vt -5432.67 -1023.5
v 26.0772 0.0525247 -137.908
vt -5429.45 -1023.5
v 26.0772 0.0525247 -137.746
vt -5423.05 -1023.5
vt -5419.84 -1023.5
vt -5417.66 -1003.05
vt -5422.26 -1003.05
vt -5430.25 -1003.05
f 975/3965/732 1010/3966/732 1011/3967/732 1012/3968/732 1009/3969/732 983/3970/732 982/3971/732 981/3972/732 

vt 424.777 -4.23882
vn -0.105952 0 0.994371
v 26.0772 -0.107666 -137.99
vt 445.284 -4.23882
vt 445.284 2.0679
vt 424.777 3.63197
f 1001/3973/733 1013/3974/733 1010/3975/733 975/3976/733 

vt -1026.66 5432.67
vn 6.49016e-15 -1 -3.63702e-28
v 26.0772 -0.107666 -137.908
vt -1026.66 5429.45
v 26.0772 -0.107666 -137.746
vt -1026.66 5423.05
v 26.0772 -0.107666 -137.664
vt -1026.66 5419.84
vt -1006.27 5417.66
vt -1006.27 5422.26
vt -1006.27 5430.25
vt -1006.27 5434.84
f 1013/3977/734 1014/3978/734 1015/3979/734 1016/3980/734 1004/3981/734 1003/3982/734 1002/3983/734 1001/3984/734 

vt -5429.45 -4.23882
vt -5429.45 2.0679
vt -5432.67 2.0679
vt -5432.67 -4.23882
f 1014/3985/2 1011/3986/2 1010/3987/2 1013/3988/2 

vt -5423.05 2.0679
vn -1 0 7.10448e-14
vt -5423.05 -4.23882
f 1012/3989/735 1011/3986/735 1014/3985/735 1015/3990/735 

vt -5423.05 8.28049
vn -1 -1.48692e-42 7.10448e-14
vt -5429.45 8.28049
f 1007/3991/736 1008/3992/736 1011/3986/736 1012/3989/736 

f 1008/3992/2 1010/3987/2 1011/3986/2

vt 609.26 -2510.52
vt 629.421 -2519.01
vt 629.654 -2512.02
f 1005/3993/633 1010/3994/633 1008/3995/633

vt 125.937 -3337.23
vt 106.215 -3327.76
vt 105.465 -3335.27
f 1010/3996/632 1005/3997/632 975/3998/632

vt -5419.84 2.0679
f 1009/3999/2 1007/3991/2 1012/3989/2

vt -5419.84 -4.23882
f 1012/3989/2 1015/3990/2 1016/4000/2 1009/3999/2 

vt 1574.62 -4.23882
vn 0.105952 -5.34568e-18 0.994371
vt 1595.12 -4.23882
vt 1595.12 2.0679
vt 1574.62 3.63197
f 1004/4001/737 1016/4002/737 1009/4003/737 983/4004/737 

vt 987.617 -0.18673
vt 1006.27 -4.23882
vt 1006.27 3.63197
vt 993.836 4.63733
f 985/4005/590 1004/4006/590 983/4007/590 978/4008/590 

vt -5417.66 -4.23882
vt -5417.66 3.63197
f 982/3944/2 1003/3945/2 1004/4009/2 983/4010/2 

f 983/4010/2 1006/3947/2 982/3944/2

vt 1327.79 3256.5
vn 0.0491962 0.608502 0.792026
vt 1340.2 3255.24
vt 1340.49 3262.78
f 978/4011/738 983/4012/738 1006/4013/738

vt 1061.89 3622.38
vt 1055.96 3622.47
vt 1049.41 3615.69
f 1006/4014/642 989/4015/642 978/4016/642

vn -0.612907 0.790155 1.06129e-13
vt -5422.26 796.359
f 978/3864/739 989/4017/739 979/3861/739

vn -0.612907 0.790155 1.04673e-13
f 977/3920/740 980/3865/740 979/3861/740 989/4017/740 

vt -1619.99 -5131.11
vt -1625.43 -5139.75
vt -1624.6 -5139.75
vt -1619.73 -5139.75
f 988/4018/654 987/4019/654 1000/4020/654 996/4021/654 

vt -1619.58 -5139.75
vt -1609.84 -5139.75
vt -1610.1 -5131.11
f 988/4018/654 996/4021/654 998/4022/654 994/4023/654 990/4024/654 

vt -1603 -5139.75
f 990/4024/654 994/4023/654 991/4025/654

g Mesh13 Model

v 25.3524 0.392858 -139.912
vt 4574.5 -338.744
v 25.2434 0.117788 -140.219
vt 4587.25 -349.639
v 25.24 0.441841 -140.141
vt 4584.54 -336.804
f 1017/4026/568 1018/4027/568 1019/4028/568

usemtl FrontColor
vt 5520.42 370.187
vn 0.929769 -0.368144 4.40974e-14
vt 5508.36 381.834
v 25.2434 0.117788 -139.782
vt 5503.24 370.187
v 25.2434 0.117788 -139.899
vt 5507.83 370.187
v 25.2434 0.117788 -140.102
vt 5515.82 370.187
f 1018/4029/741 1017/4030/741 1020/4031/741 1021/4032/741 1022/4033/741 

v 25.3343 0.362423 -139.778
vt 5546.08 264.633
vt 5546.05 254.358
vt 5551.38 265.912
f 1023/4034/566 1020/4035/566 1017/4036/566

vt 344.308 156.486
vt 347.88 166.121
v 25.1902 0.362423 -139.795
vt 342.168 166.121
f 1020/4037/565 1023/4038/565 1024/4039/565

vt 342.168 5448.73
vt 347.88 5448.73
vt 347.969 5454.19
v 25.3312 0.392858 -139.915
vt 347.131 5454.19
v 25.2084 0.392858 -139.929
vt 342.262 5454.19
f 1024/4040/608 1023/4041/608 1017/4042/608 1025/4043/608 1026/4044/608 

usemtl M_0128_White
vt 347.969 5450.05
vt 342.524 5458.7
vt 342.262 5450.05
vt 347.131 5450.05
f 1017/4045/605 1019/4046/605 1026/4047/605 1025/4048/605 

usemtl FrontColor
v 25.4086 0.245938 -139.899
vt 4698.86 -915.313
vt 4710.21 -907.217
vt 4700.19 -909.241
f 1027/4049/576 1019/4050/576 1017/4051/576

vt 5517.37 -635.085
vn 0.757894 0.652377 1.72691e-13
vt 5507.83 -645.261
v 25.4086 0.245938 -140.102
vt 5515.82 -645.261
f 1019/4052/742 1027/4053/742 1028/4054/742

usemtl M_0128_White
vt -5507.83 788.127
vn -0.612907 0.790155 -1.04673e-13
vt -5507.83 796.359
vt -5515.82 796.359
vt -5515.82 788.127
f 1021/4055/743 1027/4056/743 1028/4057/743 1022/4058/743 

vt -5503.24 788.127
vn -0.612907 0.790155 1.51506e-13
f 1020/4059/744 1027/4056/744 1021/4055/744

vt 1357.91 3451.47
v 25.5593 0.092252 -139.782
vt 1370.32 3450.17
vt 1364.7 3458
f 1020/4060/599 1029/4061/599 1027/4062/599

usemtl FrontColor
v 25.0855 -0.00474293 -139.782
vn -5.22136e-14 2.1032e-14 1
v 25.5593 -0.107666 -139.782
f 1030/4005/745 1031/4006/745 1029/4007/745 1020/4008/745 

usemtl M_0128_White
v 25.0855 -0.00474293 -139.899
vt -5507.83 -965.15
vn -0.212269 -0.977211 -1.67895e-14
v 25.0855 -0.00474293 -140.102
vt -5515.82 -965.15
v 25.0855 -0.00474293 -140.219
vt -5520.42 -965.15
v 25.5593 -0.107666 -140.219
vt -5520.42 -984.239
v 25.5593 -0.107666 -140.102
vt -5515.82 -984.239
v 25.5593 -0.107666 -139.899
vt -5507.83 -984.239
vt -5503.24 -984.239
vt -5503.24 -965.15
f 1032/4063/746 1033/4064/746 1034/4065/746 1035/4066/746 1036/4067/746 1037/4068/746 1031/4069/746 1030/4070/746 

vt -5503.24 -593.866
vn -0.799128 -0.601161 -7.55098e-14
v 24.7864 0.392858 -139.979
vt -5510.98 -574.278
vt -5520.42 -593.866
vt -5515.82 -593.866
vt -5507.83 -593.866
f 1030/4071/747 1038/4072/747 1034/4073/747 1033/4074/747 1032/4075/747 

vt -5527.77 587.37
vt -5524.29 566.597
v 24.7682 0.362423 -139.845
vt -5522.55 585.78
f 1038/4076/563 1030/4077/563 1039/4078/563

vt 556.433 567.84
vt 537.587 577.521
vt 550.233 562.991
f 1020/4079/564 1039/4080/564 1030/4081/564

usemtl FrontColor
v 24.9408 0.362423 -139.825
vt 332.282 166.121
vt 325.439 166.121
f 1020/4037/565 1024/4039/565 1040/4082/565 1039/4083/565 

usemtl M_0128_White
v 25.2047 0.392858 -139.93
vt 342.114 5454.19
v 24.959 0.392858 -139.958
vt 332.376 5454.19
vt 332.282 5448.73
f 1024/4040/608 1026/4044/608 1041/4084/608 1042/4085/608 1040/4086/608 

v 24.9906 0.441841 -140.17
vt 332.638 5458.7
vt 332.376 5450.05
vt 342.114 5450.05
f 1026/4047/605 1019/4046/605 1043/4087/605 1042/4088/605 1041/4089/605 

vt -342.302 -1296.15
vt -332.638 -1283.03
vt -342.524 -1283.03
f 1018/4090/569 1043/4091/569 1019/4092/569

vt -1377.03 -482.814
vt -1387.09 -495.627
vt -1380.89 -500.471
f 1043/4093/570 1018/4094/570 1034/4095/570

v 25.5593 0.092252 -140.219
f 1035/3928/1 1034/3929/1 1018/3930/1 1044/3931/1 

vt -5515.82 780.256
vn -0.612907 0.790155 -5.30518e-14
vt -5520.42 788.127
vt -5520.42 780.256
f 1033/4096/748 1022/4058/748 1018/4097/748 1034/4098/748 

vn -0.612907 0.790155 -1.13392e-13
vt -5507.83 780.256
f 1021/4055/749 1022/4058/749 1033/4096/749 1032/4099/749 

vt -5515.82 -990.23
vn -0.0805852 -0.996748 -4.48216e-15
vt -5520.42 -990.23
vt -5520.42 -1002.71
v 25.5593 0.092252 -140.102
vt -5515.82 -1002.71
v 25.5593 0.092252 -139.899
vt -5507.83 -1002.71
vt -5503.24 -1002.71
vt -5503.24 -990.23
vt -5507.83 -990.23
f 1022/4100/750 1018/4101/750 1044/4102/750 1045/4103/750 1046/4104/750 1029/4105/750 1020/4106/750 1021/4107/750 

vn -0.612907 0.790155 -1.06129e-13
f 1028/4057/751 1018/4097/751 1022/4058/751

vt -943.657 -3684.29
v 25.5593 0.244215 -140.102
vt -949.587 -3684.38
vt -937.105 -3691.07
f 1028/4108/598 1047/4109/598 1018/4110/598

v 25.5593 0.244215 -139.899
vt 5507.83 -1006.1
vn 0.0114355 0.999935 1.95296e-15
vt 5515.82 -1006.1
vt 5515.82 -1000.16
vt 5507.83 -1000.16
f 1048/4111/752 1047/4112/752 1028/4113/752 1027/4114/752 

vt 5515.82 -1003.5
vn 0.0652952 0.997866 6.33646e-15
vt 5507.83 -1003.5
v 26.0772 0.210325 -139.919
vt 5508.63 -1023.93
v 26.0772 0.210325 -140.082
vt 5515.03 -1023.93
f 1047/4115/753 1048/4116/753 1049/4117/753 1050/4118/753 

vt -5507.83 3.63197
vn -1 0 -1.13854e-13
vt -5507.83 9.61475
vt -5515.82 9.61475
vt -5515.82 3.63197
f 1046/4119/754 1048/4120/754 1047/4121/754 1045/4122/754 

vt -5503.24 3.63197
f 1029/4123/2 1048/4120/2 1046/4119/2

vt -1891.99 3190.85
v 26.0772 0.0525247 -139.837
vt -1911.71 3181.38
vt -1891.24 3183.34
f 1048/4124/581 1051/4125/581 1029/4126/581

vt -1423.76 2487.55
vt -1403.6 2496.04
vt -1424 2494.54
f 1051/4127/582 1048/4128/582 1049/4129/582

vt -5505.41 2.0679
vt -5508.63 8.28049
v 26.0772 0.0525247 -139.919
vt -5508.63 2.0679
f 1051/4130/2 1049/4131/2 1052/4132/2

vn -1 -1.48692e-42 -7.10448e-14
vt -5515.03 8.28049
v 26.0772 0.0525247 -140.082
vt -5515.03 2.0679
f 1049/4131/755 1050/4133/755 1053/4134/755 1052/4132/755 

v 26.0772 0.0525247 -140.163
vt -5518.25 2.0679
f 1050/4133/2 1054/4135/2 1053/4134/2

vt -196.667 -2554.31
vt -217.623 -2549.08
vt -217.157 -2556.06
f 1044/4136/585 1050/4137/585 1054/4138/585

vt -532.62 -3387.2
vt -511.831 -3393.05
vt -512.24 -3385.52
f 1050/4139/586 1044/4140/586 1047/4141/586

vt -5520.42 3.63197
f 1047/4121/2 1044/4142/2 1045/4122/2

vt -662.098 -3387.8
vt -649.687 -3386.53
vt -662.383 -3380.26
f 1044/4143/588 1018/4144/588 1047/4145/588

vt -5515.82 -4.23882
vt -5520.42 -4.23882
f 1036/4146/2 1045/4122/2 1044/4142/2 1035/4147/2 

vt -5507.83 -4.23882
f 1046/4119/754 1045/4122/754 1036/4146/754 1037/4148/754 

vt -5505.41 -1023.5
vn -0.0764804 -0.997071 -4.28568e-15
vt -5503.24 -1003.05
vt -5507.83 -1003.05
vt -5515.82 -1003.05
vt -5520.42 -1003.05
vt -5518.25 -1023.5
vt -5515.03 -1023.5
vt -5508.63 -1023.5
f 1051/4149/756 1029/4150/756 1046/4151/756 1045/4152/756 1044/4153/756 1054/4154/756 1053/4155/756 1052/4156/756 

v 26.0772 -0.107666 -139.837
vt -1604.19 -4.23882
vn -0.105952 0 -0.994371
vt -1583.68 -4.23882
vt -1583.68 3.63197
vt -1604.19 2.0679
f 1055/4157/757 1031/4158/757 1029/4159/757 1051/4160/757 

v 26.0772 -0.107666 -139.919
vt -1026.66 5508.63
vn 6.49016e-15 -1 3.63702e-28
vt -1026.66 5505.41
vt -1006.27 5503.24
vt -1006.27 5507.83
vt -1006.27 5515.82
vt -1006.27 5520.42
v 26.0772 -0.107666 -140.163
vt -1026.66 5518.25
v 26.0772 -0.107666 -140.082
vt -1026.66 5515.03
f 1056/4161/758 1055/4162/758 1031/4163/758 1037/4164/758 1036/4165/758 1035/4166/758 1057/4167/758 1058/4168/758 

vt -5508.63 -4.23882
vt -5505.41 -4.23882
f 1052/4132/2 1056/4169/2 1055/4170/2 1051/4130/2 

vn -1 0 -7.10448e-14
vt -5515.03 -4.23882
f 1052/4132/759 1053/4134/759 1058/4171/759 1056/4169/759 

vt -5518.25 -4.23882
f 1058/4171/2 1053/4134/2 1054/4135/2 1057/4172/2 

vt -436.217 -4.23882
vn 0.105952 -5.34568e-18 -0.994371
vt -415.711 -4.23882
vt -415.711 3.63197
vt -436.217 2.0679
f 1057/4173/760 1035/4174/760 1044/4175/760 1054/4176/760 

vt -5503.24 -4.23882
f 1046/4119/2 1037/4148/2 1031/4177/2 1029/4123/2 

vt 1054.62 3357.62
vt 1048.69 3357.7
vt 1054.58 3350.07
f 1048/4178/600 1027/4179/600 1029/4180/600

usemtl FrontColor
vt 1650.6 -1121.1
vt 1644 -1129
vt 1651.89 -1134.16
f 1019/4181/597 1028/4182/597 1018/4183/597

usemtl M_0128_White
vn -0.612907 0.790155 1.44005e-13
vt -5503.24 780.256
f 1021/4055/761 1032/4099/761 1030/4184/761 1020/4059/761 

vt -4459.56 217.069
vt -4444.49 232.755
vt -4455.52 234.687
f 1034/4185/561 1038/4186/561 1043/4187/561

vt 325.533 5450.05
f 1042/4088/605 1043/4087/605 1038/4188/605

vt 325.533 5454.19
vt 325.439 5448.73
f 1040/4086/608 1042/4085/608 1038/4189/608 1039/4190/608 

usemtl FrontColor
vt -3316.91 1095.8
vt -3323.01 1106.96
vt -3324.77 1101
f 1020/4191/575 1017/4192/575 1027/4193/575

g Mesh14 Model

usemtl M_0128_White
v 24.5993 0.340827 -143.427
vt -5646.72 13.4184
vn -1 -2.5606e-14 9.84332e-14
v 24.5993 0.340827 -143.134
vt -5635.21 13.4184
v 24.5993 0.639778 -143.134
vt -5635.21 25.1881
v 24.5993 0.639778 -143.506
vt -5649.84 25.1881
f 1059/4194/762 1060/4195/762 1061/4196/762 1062/4197/762 

vn -1 0 6.91316e-14
v 24.5993 -0.0174885 -143.134
vt -5635.21 -0.688522
f 1060/4195/763 1059/4194/763 1063/4198/763

usemtl FrontColor
v 25.1761 0.31347 -142.27
vt -5601.16 -989.488
vn -0.0473779 -0.998877 8.09371e-16
v 24.5993 0.340827 -142.379
vt -5605.46 -966.754
v 24.5993 0.340827 -142.671
vt -5616.97 -966.754
vt -5635.21 -966.754
vt -5646.72 -966.754
v 25.1761 0.31347 -143.536
vt -5651.02 -989.488
v 25.1761 0.31347 -143.23
vt -5638.99 -989.488
v 25.1761 0.31347 -143.179
vt -5636.96 -989.488
v 25.1761 0.31347 -143.175
vt -5636.79 -989.488
v 25.1761 0.31347 -142.631
vt -5615.39 -989.488
v 25.1761 0.31347 -142.627
vt -5615.22 -989.488
f 1064/4199/764 1065/4200/764 1066/4201/764 1060/4202/764 1059/4203/764 1067/4204/764 1068/4205/764 1069/4206/764 1070/4207/764 1071/4208/764 1072/4209/764 

vt 302.092 -3526.11
vt 278.996 -3527.49
v 24.5993 -0.0174885 -142.671
vt 304.651 -3544.14
f 1065/4210/61 1064/4211/61 1073/4212/61

v 24.5993 0.639778 -142.3
vt 159.438 -1403.29
vt 136.946 -1416.57
vt 160.055 -1415.45
f 1074/4213/63 1064/4214/63 1065/4215/63

vt -5601.16 -856.618
vn -0.492404 -0.870367 8.33132e-15
vt -5602.35 -830.528
v 24.5993 0.639778 -142.379
vt -5605.46 -830.528
v 24.5993 0.639778 -142.671
vt -5616.97 -830.528
vt -5635.21 -830.528
vt -5649.84 -830.528
vt -5651.02 -856.618
vt -5638.99 -856.618
vt -5636.96 -856.618
vt -5636.79 -856.618
vt -5615.39 -856.618
vt -5615.22 -856.618
f 1064/4216/765 1074/4217/765 1075/4218/765 1076/4219/765 1061/4220/765 1062/4221/765 1067/4222/765 1068/4223/765 1069/4224/765 1070/4225/765 1071/4226/765 1072/4227/765 

vt -698.348 12.3413
vn 0.0520417 0 -0.998645
vt -675.61 25.1881
v 25.1761 0.87694 -142.27
vt -698.348 34.5252
f 1064/4228/766 1074/4229/766 1077/4230/766

vt -5602.35 905.292
vn -0.380291 0.924867 1.25471e-15
vt -5601.16 929.844
v 25.1761 0.87694 -142.274
vt -5601.33 929.844
v 25.1761 0.87694 -142.622
vt -5615.06 929.844
v 25.1761 0.87694 -142.627
vt -5615.22 929.844
v 25.1761 0.87694 -143.179
vt -5636.96 929.844
v 25.1761 0.87694 -143.183
vt -5637.13 929.844
v 25.1761 0.87694 -143.532
vt -5650.85 929.844
v 25.1761 0.87694 -143.536
vt -5651.02 929.844
vt -5649.84 905.292
vt -5635.21 905.292
vt -5616.97 905.292
vt -5605.46 905.292
f 1074/4231/767 1077/4232/767 1078/4233/767 1079/4234/767 1080/4235/767 1081/4236/767 1082/4237/767 1083/4238/767 1084/4239/767 1062/4240/767 1061/4241/767 1076/4242/767 1075/4243/767 

vt -263.874 1075.93
vt -241.202 1066.43
v 24.5993 1.08962 -142.384
vt -240.774 1084.45
f 1077/4244/66 1074/4245/66 1085/4246/66

v 24.5993 1.08962 -142.525
vt -5611.22 42.8983
vn -1 -9.24888e-15 -7.90983e-14
v 24.5993 1.08962 -142.671
vt -5616.97 42.8983
vt -5616.97 25.1881
vt -5605.46 25.1881
vt -5602.35 25.1881
vt -5605.68 42.8983
f 1086/4247/768 1087/4248/768 1076/4249/768 1075/4250/768 1074/4251/768 1085/4252/768 

vt -5605.68 -958.412
vn -0.106423 -0.994321 2.38049e-15
v 23.381 1.22002 -142.671
vt -5616.97 -910.171
v 23.381 1.22002 -143.134
vt -5635.21 -910.171
v 24.5993 1.08962 -143.421
vt -5646.51 -958.412
v 24.5993 1.08962 -143.281
vt -5640.97 -958.412
v 24.5993 1.08962 -143.134
vt -5635.21 -958.412
vt -5616.97 -958.412
vt -5611.22 -958.412
f 1085/4253/769 1088/4254/769 1089/4255/769 1090/4256/769 1091/4257/769 1092/4258/769 1087/4259/769 1086/4260/769 

vt 408.239 4585.21
vt 457.032 4576.6
v 24.5993 1.302 -142.671
vt 456.009 4590.62
f 1088/4261/74 1085/4262/74 1093/4263/74

vt -118.536 3746.07
vt -167.617 3739.3
v 23.381 0.769144 -142.28
vt -120.711 3722.67
f 1088/4264/73 1085/4265/73 1094/4266/73

vt -568.955 4500.95
vt -523.712 4521.69
vt -526.652 4535.44
v 24.4937 1.25581 -142.637
vt -530.318 4532.45
f 1094/4267/75 1085/4268/75 1093/4269/75 1095/4270/75 

vt 1123.44 1057.74
vt 1171.4 1052.56
vt 1171.52 1070.58
f 1094/4271/76 1074/4272/76 1085/4273/76

vt -5602.35 -960.405
vn -0.105586 -0.99441 9.15536e-16
vt -5601.56 -912.168
v 23.381 0.769144 -142.325
vt -5603.34 -912.168
v 23.381 0.769144 -142.671
vt -5616.97 -912.168
v 23.381 0.769144 -143.134
vt -5635.21 -912.168
v 23.381 0.769144 -143.481
vt -5648.85 -912.168
v 23.381 0.769144 -143.526
vt -5650.63 -912.168
vt -5649.84 -960.405
vt -5635.21 -960.405
vt -5616.97 -960.405
vt -5605.46 -960.405
f 1074/4274/770 1094/4275/770 1096/4276/770 1097/4277/770 1098/4278/770 1099/4279/770 1100/4280/770 1062/4281/770 1061/4282/770 1076/4283/770 1075/4284/770 

vt 1255.65 1765.4
vt 1207.71 1770.76
v 23.381 0.555242 -142.209
vt 1207.57 1761.89
f 1074/4285/77 1094/4286/77 1101/4287/77

vt -5616.97 30.2813
vn -1 -1.57968e-13 -1.16104e-13
vt -5598.77 21.8599
vt -5601.56 30.2813
vt -5603.34 30.2813
f 1097/4288/771 1101/4289/771 1094/4290/771 1096/4291/771 

vn -1 0 -4.37179e-14
v 23.381 0.555357 -142.671
vt -5616.97 21.8645
f 1101/4289/772 1097/4288/772 1102/4292/772

v 23.381 -0.0323296 -142.671
vt 920.51 -1.27282
vn -5.68821e-14 -4.24039e-31 1
vt 968.478 -0.688522
vt 968.478 13.4184
vt 968.478 25.1881
vt 968.478 42.8983
vt 968.478 51.2597
vt 920.51 48.0323
vt 920.51 30.2813
vt 920.51 21.8645
f 1103/4293/773 1073/4294/773 1066/4295/773 1076/4296/773 1087/4297/773 1093/4298/773 1088/4299/773 1097/4300/773 1102/4301/773 

v 23.3913 0.202609 -142.43
vt -990.912 -4001.1
vt -1038.59 -4013.52
vt -990.624 -4014.35
f 1104/4302/93 1073/4303/93 1103/4304/93

vt -1251.8 -3513.48
vt -1203.82 -3502.3
vt -1251.22 -3495.28
f 1073/4305/94 1104/4306/94 1065/4307/94

vt -1131.26 -2949.94
vt -1083.78 -2956.36
vt -1083.12 -2939.98
f 1065/4308/96 1104/4309/96 1101/4310/96

vt -1338 -3948.94
vt -1385.28 -3941.15
vt -1338.31 -3962.19
f 1104/4311/95 1065/4312/95 1103/4313/95

vt -1024.26 -3545.4
vt -976.295 -3546.16
vt -1024.15 -3527.2
f 1073/4314/117 1103/4315/117 1065/4316/117

vt -5616.97 920.427
vn -0.0121803 0.999926 1.23006e-15
vt -5616.97 968.398
vt -5635.21 968.398
v 23.381 -0.0323296 -143.134
vt -5635.21 920.427
f 1103/4317/774 1073/4318/774 1063/4319/774 1105/4320/774 

vt 5616.97 -956.96
vn 0.15447 0.987997 -2.71345e-15
v 25.1761 -0.107666 -142.627
vt 5615.22 -979.944
v 25.1761 -0.107666 -143.179
vt 5636.96 -979.944
vt 5635.21 -956.96
f 1073/4321/775 1106/4322/775 1107/4323/775 1063/4324/775 

vt 181.948 -3643.35
vt 204.532 -3638.74
vt 179.063 -3621.8
f 1106/4325/60 1073/4326/60 1064/4327/60

vt 534.265 -0.688522
vn -0.0767945 0 0.997047
vt 557.04 -4.23882
vt 557.04 12.3413
vt 557.04 34.5252
v 25.1761 1.35712 -142.627
vt 557.04 53.4298
vt 534.265 51.2597
vt 534.265 42.8983
vt 534.265 25.1881
vt 534.265 13.4184
f 1073/4328/776 1106/4329/776 1072/4330/776 1080/4331/776 1108/4332/776 1093/4333/776 1087/4334/776 1076/4335/776 1066/4336/776 

usemtl M_0128_White
vt -5615.22 -4.23882
vn -1 -1.14126e-29 7.27616e-14
vt -5601.16 12.3413
vt -5615.22 12.3413
f 1106/4337/777 1064/4338/777 1072/4339/777

usemtl FrontColor
vt -2198.64 -3059.98
v 25.5105 -0.0245567 -142.342
vt -2181.5 -3055.96
vt -2191.05 -3039.61
f 1106/4340/160 1109/4341/160 1064/4342/160

v 25.6439 -0.0245567 -142.524
vt -5124.28 -2455.68
vt -5116.66 -2473.24
vt -5115.38 -2455.68
f 1110/4343/161 1106/4344/161 1109/4345/161

vt -991.186 -4367.93
vn -1.61224e-14 0.777398 -0.629009
vt -1009.6 -4362.73
v 26.0772 -0.107666 -142.627
vt -1026.66 -4367.93
f 1106/4346/778 1110/4347/778 1111/4348/778

v 25.833 0.242371 -142.521
vt -2133.77 -790.156
vt -2144.03 -804.098
vt -2126.5 -800.788
v 25.6739 0.0177193 -142.524
vt -2127.66 -799.104
v 25.7027 0.0584814 -142.523
vt -2128.77 -797.48
v 25.8236 0.228999 -142.522
vt -2133.41 -790.689
f 1112/4349/163 1111/4350/163 1110/4351/163 1113/4352/163 1114/4353/163 1115/4354/163 

vt -1308.65 -1427.85
vt -1298.84 -1413.59
v 26.0772 0.288841 -142.521
vt -1308.44 -1411.7
f 1111/4355/164 1112/4356/164 1116/4357/164

vt -1426.35 -1936.63
vt -1416.77 -1938.58
v 25.9224 0.435181 -142.455
vt -1420.09 -1930.47
f 1116/4358/165 1112/4359/165 1117/4360/165

vt -5128.56 -1229.58
vt -5128.59 -1238.35
v 25.7683 0.242371 -142.433
vt -5124.28 -1238.35
v 25.8581 0.435181 -142.367
vt -5124.28 -1229.58
v 25.8847 0.435181 -142.404
vt -5126.05 -1229.58
f 1117/4361/155 1112/4362/155 1118/4363/155 1119/4364/155 1120/4365/155 

usemtl M_0128_White
vt -5124.96 -1248.56
vt -5124.28 -1250.48
vt -5128.38 -1238.95
vt -5125.62 -1246.71
f 1113/4366/155 1110/4367/155 1118/4363/155 1112/4362/155 1115/4368/155 1114/4369/155 

vt -5115.38 -1250.48
v 25.6348 0.242371 -142.251
vt -5115.38 -1238.35
f 1118/4363/155 1110/4367/155 1109/4370/155 1121/4371/155 

v 25.5053 0.242371 -142.074
vt -5106.75 -1238.35
f 1109/4370/155 1122/4372/155 1121/4371/155

usemtl FrontColor
vt -2771.2 -3070.58
vt -2762.79 -3087.54
vt -2756.28 -3074.14
f 1064/4373/159 1109/4374/159 1122/4375/159

v 25.5951 0.435181 -142.008
vt -2041.81 -245
vt -2061.25 -249.798
vt -2046.17 -252.601
f 1123/4376/158 1064/4377/158 1122/4378/158

vt -2125.76 12.3413
vn -0.529626 -1.72818e-17 0.848232
vt -2106.32 17.1331
vt -2125.76 34.5252
f 1064/4379/779 1123/4380/779 1077/4381/779

v 25.8131 0.625113 -142.12
vt 1012.48 2870.43
vt 987.4 2881.95
vt 1003.9 2861.74
f 1124/4382/156 1077/4383/156 1123/4384/156

vt -4988.45 2527.61
v 25.9482 0.628561 -142.301
vt -5008.46 2502.69
vt -4999.57 2502.34
f 1077/4385/150 1125/4386/150 1124/4387/150

vt -3208.92 3560.62
vt -3180.63 3575.49
v 26.0772 0.758441 -142.521
vt -3217.08 3568.39
f 1125/4388/149 1077/4389/149 1126/4390/149

vt 5601.16 -978.223
vn 0.130382 0.991464 4.95498e-16
vt 5611.08 -1014.01
v 26.0772 0.758441 -142.627
vt 5615.22 -1014.01
v 26.0772 0.758441 -143.179
vt 5636.96 -1014.01
v 26.0772 0.758441 -143.288
vt 5641.25 -1014.01
vt 5651.02 -978.223
vt 5650.85 -978.223
vt 5637.13 -978.223
vt 5636.96 -978.223
vt 5615.22 -978.223
vt 5615.06 -978.223
vt 5601.33 -978.223
f 1077/4391/780 1126/4392/780 1127/4393/780 1128/4394/780 1129/4395/780 1084/4396/780 1083/4397/780 1082/4398/780 1081/4399/780 1080/4400/780 1079/4401/780 1078/4402/780 

v 26.0772 0.988823 -142.627
vt 2778.04 2015.49
vt 2739.93 2010.69
vt 2776.71 2005.61
f 1130/4403/276 1077/4404/276 1126/4405/276

vt -2615.6 2973.67
vt -2577.57 2968.27
vt -2581.66 2991.47
f 1130/4406/278 1077/4407/278 1108/4408/278

vt -5601.16 987.887
vn -0.123216 0.99238 -7.1463e-16
vt -5615.22 1023.64
v 26.0772 0.988823 -143.179
vt -5636.96 1023.64
vt -5651.02 987.887
vt -5650.85 987.887
vt -5637.13 987.887
vt -5636.96 987.887
vt -5615.22 987.887
vt -5615.06 987.887
vt -5601.33 987.887
f 1077/4409/781 1130/4410/781 1131/4411/781 1084/4412/781 1083/4413/781 1082/4414/781 1081/4415/781 1080/4416/781 1079/4417/781 1078/4418/781 

vt -5615.22 29.8599
vn -1 2.50683e-14 -1.04607e-14
vt -5615.22 38.93
vt -5636.96 38.93
vt -5636.96 29.8599
f 1127/4419/782 1130/4420/782 1131/4421/782 1128/4422/782 

vt -991.186 53.4298
vn -2.56365e-14 7.7817e-29 -1
vt -1026.66 38.93
vt -1026.66 29.8599
v 26.0772 0.288841 -142.627
vt -1026.66 11.3717
vt -1026.66 -4.23882
vt -991.186 -4.23882
vt -991.186 12.3413
vt -991.186 34.5252
f 1108/4423/783 1130/4424/783 1127/4425/783 1132/4426/783 1111/4427/783 1106/4428/783 1072/4429/783 1080/4430/783 

vt -5615.22 -935.621
vn -0.378335 -0.925669 2.96483e-15
vt -5615.22 -897.295
v 25.1761 1.35712 -143.179
vt -5636.96 -897.295
vt -5636.96 -935.621
f 1130/4431/784 1108/4432/784 1133/4433/784 1131/4434/784 

vt -5636.96 991.773
vn -0.0951349 0.995464 1.6865e-15
v 24.5993 1.302 -143.134
vt -5635.21 968.962
v 24.5993 1.302 -143.085
vt -5633.28 968.962
v 24.5993 1.302 -143.081
vt -5633.11 968.962
v 24.5993 1.302 -142.724
vt -5619.07 968.962
v 24.5993 1.302 -142.72
vt -5618.91 968.962
vt -5616.97 968.962
vt -5615.22 991.773
f 1133/4435/785 1134/4436/785 1135/4437/785 1136/4438/785 1137/4439/785 1138/4440/785 1093/4441/785 1108/4442/785 

vt -2086.24 -4216.27
vt -2108.83 -4212.67
vt -2088.52 -4230.14
f 1134/4443/135 1133/4444/135 1090/4445/135

vt 1806.37 -3175.67
vt 1783.65 -3178.37
vt 1808.43 -3199.14
f 1133/4446/136 1134/4447/136 1084/4448/136

vt -1421.15 -4.23882
vn -0.0767945 0 -0.997047
vt -1398.37 -0.688522
vt -1398.37 13.4184
vt -1398.37 25.1881
vt -1398.37 42.8983
vt -1398.37 51.2597
vt -1421.15 53.4298
v 25.1761 1.31709 -143.179
vt -1421.15 51.8538
v 25.1761 1.22804 -143.179
vt -1421.15 48.348
vt -1421.15 34.5252
vt -1421.15 12.3413
f 1107/4449/786 1063/4450/786 1060/4451/786 1061/4452/786 1092/4453/786 1134/4454/786 1133/4455/786 1139/4456/786 1140/4457/786 1081/4458/786 1069/4459/786 

vt 2104.02 3395.26
vt 2126.61 3390.64
vt 2129.49 3412.19
f 1063/4460/57 1107/4461/57 1067/4462/57

usemtl M_0128_White
vt -5651.02 12.3413
vn -1 2.00558e-14 -3.69247e-14
vt -5636.96 -4.23882
vt -5636.96 12.3413
vt -5638.99 12.3413
f 1067/4463/787 1107/4464/787 1069/4465/787 1068/4466/787 

usemtl FrontColor
v 25.5053 0.242371 -143.683
vt 3862.55 2487.92
vt 3848.5 2491.37
vt 3841.01 2470.96
v 25.2118 -0.0697419 -143.233
vt 3843.34 2472.8
f 1141/4467/56 1067/4468/56 1107/4469/56 1142/4470/56 

vt 3309.13 522.035
vt 3323.32 519.219
v 25.5951 0.435181 -143.749
vt 3327.62 526.855
f 1067/4471/55 1141/4472/55 1143/4473/55

usemtl M_0128_White
vt -3971.76 2092.65
vt -3971.76 2083.89
v 25.6348 0.242371 -143.506
vt -3963.13 2083.89
v 25.7246 0.435181 -143.572
vt -3963.13 2092.65
f 1143/4474/14 1141/4475/14 1144/4476/14 1145/4477/14 

v 25.5105 -0.0245567 -143.415
vt -3963.13 2071.75
f 1141/4475/14 1146/4478/14 1144/4476/14

usemtl FrontColor
vt 3233.29 3198.46
vt 3249.12 3202.92
vt 3253.3 3217.21
vt 3235.46 3200.5
f 1107/4479/506 1146/4480/506 1141/4481/506 1142/4482/506 

vt -3963.4 4045.6
v 25.6439 -0.0245567 -143.232
vt -3954.23 4062.04
vt -3963.13 4062.04
f 1107/4483/505 1147/4484/505 1146/4485/505

vt 1009.6 3058.16
vn 2.16468e-14 0.54246 0.840082
vt 991.186 3054.26
v 26.0772 -0.107666 -143.179
vt 1026.66 3054.26
f 1147/4486/788 1107/4487/788 1148/4488/788

vt 1026.66 5636.96
vn 1.04393e-16 1 4.94351e-16
vt 991.186 5636.96
vt 991.186 5615.22
vt 1026.66 5615.22
v 26.0772 -0.107666 -142.743
vt 1026.66 5619.82
f 1148/4489/789 1107/4490/789 1106/4491/789 1111/4492/789 1149/4493/789 

v 26.0772 0.288841 -143.179
vt -991.186 48.348
vt -991.186 51.8538
f 1133/4423/421 1131/4424/421 1128/4425/421 1150/4426/421 1148/4427/421 1107/4428/421 1069/4429/421 1081/4430/421 1140/4494/421 1139/4495/421 

vt -657.382 -3268.61
vt -691.324 -3250.81
vt -695.415 -3274.01
f 1131/4496/420 1133/4497/420 1084/4498/420

vt 540.838 -3363.3
vt 563.142 -3373.72
vt 564.2 -3350.18
f 1090/4499/513 1084/4500/513 1133/4501/513

vt 671.019 -4487.77
vt 691.478 -4474.08
vt 688.239 -4460.4
f 1084/4502/517 1090/4503/517 1134/4504/517

vt -5601.16 -918.034
vn -0.345962 -0.938249 6.6201e-16
vt -5605.68 -893.832
vt -5611.22 -893.832
vt -5616.97 -893.832
vt -5635.21 -893.832
vt -5640.97 -893.832
vt -5646.51 -893.832
vt -5651.02 -918.034
vt -5650.85 -918.034
vt -5637.13 -918.034
vt -5636.96 -918.034
vt -5615.22 -918.034
vt -5615.06 -918.034
vt -5601.33 -918.034
f 1077/4505/790 1085/4506/790 1086/4507/790 1087/4508/790 1092/4509/790 1091/4510/790 1090/4511/790 1084/4512/790 1083/4513/790 1082/4514/790 1081/4515/790 1080/4516/790 1079/4517/790 1078/4518/790 

vt -1409.86 3310.69
vt -1387.55 3321.12
vt -1410.92 3334.23
f 1077/4519/69 1085/4520/69 1108/4521/69

vt 2535.37 4056.03
vt 2555.83 4042.33
vt 2538.61 4069.7
f 1085/4522/70 1077/4523/70 1093/4524/70

vt -135.074 3418.44
vt -157.793 3421.13
vt -159.853 3397.66
f 1093/4525/279 1108/4526/279 1077/4527/279

vt -162.896 4579.42
vt -185.489 4575.82
vt -183.208 4561.95
f 1108/4528/280 1093/4529/280 1085/4530/280

vt -5616.97 51.2597
vn -1 1.7443e-14 -8.10128e-14
f 1093/4531/791 1087/4248/791 1086/4247/791 1085/4252/791 

vt -5635.21 51.2597
vn -1 -4.53221e-14 1.63766e-14
vt -5635.21 42.8983
vt -5618.91 51.2597
vt -5619.07 51.2597
vt -5633.11 51.2597
vt -5633.28 51.2597
f 1134/4532/792 1092/4533/792 1087/4248/792 1093/4531/792 1138/4534/792 1137/4535/792 1136/4536/792 1135/4537/792 

vn -1 1.52627e-14 7.08862e-14
vt -5646.51 42.8983
vt -5640.97 42.8983
f 1092/4533/793 1134/4532/793 1090/4538/793 1091/4539/793 

vn -5.68821e-14 4.24039e-31 1
v 23.381 0.555357 -143.134
f 1105/4293/794 1063/4294/794 1060/4295/794 1061/4296/794 1092/4297/794 1134/4298/794 1089/4299/794 1098/4300/794 1151/4301/794 

vt 897.989 4042.94
v 23.3913 0.202609 -143.375
vt 850.314 4055.36
vt 850.026 4042.11
f 1063/4540/125 1152/4541/125 1105/4542/125

vt 633.76 3597.09
vt 681.74 3585.91
vt 681.157 3604.11
f 1152/4543/126 1063/4544/126 1059/4545/126

vt 2222.83 3302.65
vt 2199.74 3304.03
vt 2197.18 3286
f 1067/4546/143 1059/4547/143 1063/4548/143

vt 2089.97 1354.18
vt 2067.48 1367.45
vt 2066.86 1355.29
f 1067/4549/144 1062/4550/144 1059/4551/144

vt 1261.19 25.1881
vn 0.0520417 0 0.998645
vt 1283.93 12.3413
vt 1283.93 34.5252
f 1062/4552/795 1067/4553/795 1084/4554/795

usemtl M_0128_White
vt -5636.96 34.5252
vn -1 5.8585e-16 -3.19575e-14
vt -5637.13 34.5252
vt -5650.85 34.5252
vt -5651.02 34.5252
f 1081/4555/796 1082/4556/796 1083/4557/796 1084/4558/796 1067/4463/796 1068/4466/796 1069/4465/796 

usemtl FrontColor
vn -1 -2.26342e-14 -2.96523e-14
vt -5636.96 48.348
vt -5636.96 51.8538
vt -5636.96 53.4298
f 1082/4556/797 1081/4555/797 1140/4559/797 1139/4560/797 1133/4561/797 1084/4558/797 1083/4557/797 

vt -5615.22 53.4298
vn -1 1.22791e-30 1.56911e-14
vt -5615.22 34.5252
f 1108/4562/798 1133/4561/798 1139/4560/798 1140/4559/798 1081/4555/798 1080/4563/798 

vn -1 -2.0499e-14 1.92403e-14
vt -5636.79 12.3413
vt -5615.39 12.3413
f 1069/4465/799 1070/4564/799 1071/4565/799 1072/4339/799 1080/4563/799 1081/4555/799 

vn -1 2.74272e-14 1.92403e-14
f 1070/4564/800 1069/4465/800 1107/4464/800 1106/4337/800 1072/4339/800 1071/4565/800 

usemtl M_0128_White
vt -5615.06 34.5252
vn -1 -1.92178e-14 3.32526e-14
vt -5601.16 34.5252
vt -5601.33 34.5252
f 1079/4566/801 1080/4563/801 1072/4339/801 1064/4338/801 1077/4567/801 1078/4568/801 

usemtl FrontColor
vn -1 3.31432e-16 1.30181e-14
f 1077/4567/802 1108/4562/802 1080/4563/802 1079/4566/802 1078/4568/802 

vt -3440.64 34.5252
vn -0.452432 -1.81695e-17 -0.891799
vt -3459.14 17.1331
vt -3440.64 12.3413
f 1084/4569/803 1143/4570/803 1067/4571/803

vt -710.787 -2656.4
vt -694.751 -2636.72
v 25.8131 0.625113 -143.636
vt -719.59 -2647.94
f 1143/4572/53 1084/4573/53 1153/4574/53

vt 3794.27 -3910.96
v 25.9482 0.628561 -143.455
vt 3772.8 -3934.8
vt 3781.69 -3935.14
f 1084/4575/50 1154/4576/50 1153/4577/50

vt 1111.7 -3585.6
vt 1118.84 -3592.26
vt 1148.29 -3579.51
f 1129/4578/49 1154/4579/49 1084/4580/49

vt 4831.8 1238.17
vt 4823.76 1243.73
v 25.9224 0.435181 -143.301
vt 4826.59 1229.89
f 1154/4581/48 1129/4582/48 1155/4583/48

vt 522.957 29.8599
vn -0.0885744 -8.35806e-19 0.99607
vt 516.837 17.1331
v 26.0772 0.288841 -143.288
vt 522.957 11.3717
f 1129/4584/804 1155/4585/804 1156/4586/804

v 25.833 0.242371 -143.235
vt 1919.12 1390.45
vt 1928.94 1392.34
vt 1923.02 1398.3
f 1157/4587/46 1156/4588/46 1155/4589/46

vt 1922.63 1423.43
vt 1912.81 1421.54
vt 1921.94 1407.26
f 1156/4590/45 1157/4591/45 1148/4592/45

vt 418.653 480.351
vt 408.858 494.182
v 25.7027 0.0584814 -143.233
vt 403.765 486.916
v 25.6448 -0.0232911 -143.232
vt 401.501 483.685
vt 401.466 483.635
f 1148/4593/44 1157/4594/44 1158/4595/44 1159/4596/44 1147/4597/44 

usemtl M_0128_White
vt -3954.21 2071.81
vt -3952.89 2075.53
vt -3949.91 2083.89
v 25.7683 0.242371 -143.323
vt -3954.23 2083.89
vt -3954.23 2071.75
f 1159/4598/14 1158/4599/14 1157/4600/14 1160/4601/14 1147/4602/14 

usemtl FrontColor
vt -3949.95 2092.65
v 25.8847 0.435181 -143.353
vt -3952.46 2092.65
v 25.8581 0.435181 -143.389
vt -3954.23 2092.65
f 1157/4600/14 1155/4603/14 1161/4604/14 1162/4605/14 1160/4601/14 

vt -3954.23 2101.44
f 1155/4603/14 1154/4606/14 1162/4605/14 1161/4604/14 

vt -3963.13 2101.29
f 1153/4607/14 1145/4477/14 1162/4605/14 1154/4606/14 

usemtl M_0128_White
f 1153/4607/14 1143/4474/14 1145/4477/14

usemtl FrontColor
f 1160/4601/14 1162/4605/14 1145/4477/14 1144/4476/14 

usemtl M_0128_White
f 1147/4602/14 1160/4601/14 1144/4476/14 1146/4478/14 

usemtl FrontColor
vt -5641.25 11.3717
vn -1 -4.33316e-30 1.59194e-13
vt -5636.96 11.3717
f 1156/4608/805 1148/4464/805 1150/4609/805

vn -1 2.03448e-14 -2.93532e-14
vt -5615.22 11.3717
vt -5619.82 -4.23882
f 1111/4337/806 1132/4610/806 1150/4609/806 1148/4464/806 1149/4611/806 

vt -5611.08 11.3717
f 1111/4337/2 1116/4612/2 1132/4610/2

vt -5611.08 29.8599
f 1116/4612/2 1126/4613/2 1127/4419/2 1132/4610/2 

vt -3148.65 17.1331
vn -0.394173 6.16934e-18 -0.919036
vt -3155.28 29.8599
vt -3155.28 11.3717
f 1117/4614/807 1126/4615/807 1116/4616/807

vt -5638.9 -281.934
vt -5634.44 -295.575
vt -5629.05 -287.415
f 1126/4617/190 1117/4618/190 1125/4619/190

vt -5124.28 -1220.79
f 1125/4620/155 1117/4361/155 1120/4365/155 1119/4364/155 

v 25.7246 0.435181 -142.185
vt -5115.38 -1229.58
vt -5115.38 -1220.95
f 1163/4621/155 1124/4622/155 1125/4620/155 1119/4364/155 

usemtl M_0128_White
vt -5106.75 -1229.58
f 1123/4623/155 1124/4622/155 1163/4621/155

f 1122/4372/155 1123/4623/155 1163/4621/155 1121/4371/155 

usemtl FrontColor
f 1119/4364/155 1118/4363/155 1121/4371/155 1163/4621/155 

vn -1 5.01367e-14 2.74522e-29
f 1126/4613/808 1130/4420/808 1127/4419/808

vn -1 1.97772e-43 -2.09215e-14
f 1132/4610/809 1127/4419/809 1128/4422/809 1150/4609/809 

vn -1 1.65462e-30 1.59194e-13
vt -5641.25 29.8599
f 1128/4422/810 1129/4624/810 1156/4608/810 1150/4609/810 

vn -1 6.41771e-30 1.59194e-13
f 1131/4421/811 1129/4624/811 1128/4422/811

vt -830.957 -2280.44
vt -869.068 -2285.27
vt -832.328 -2290.38
f 1131/4625/419 1084/4626/419 1129/4627/419

vt -1708.49 -970.444
vt -1685.82 -979.943
vt -1685.39 -961.927
f 1084/4628/514 1062/4629/514 1090/4630/514

vn -1 9.03056e-15 9.95081e-14
f 1092/4533/812 1091/4539/812 1090/4538/812 1062/4197/812 1061/4196/812 

vt -762.548 -1024.82
vt -714.584 -1019.64
vt -762.669 -1006.8
f 1062/4631/132 1100/4632/132 1090/4633/132

vt -628.343 -1758.42
vt -676.287 -1763.79
v 23.381 0.555242 -143.597
vt -628.199 -1767.29
f 1100/4634/131 1062/4635/131 1164/4636/131

vt -441.931 1469.12
vt -393.55 1477.85
vt -441.643 1481.3
f 1059/4637/130 1164/4638/130 1062/4639/130

vt 756.189 3018.12
vt 803.671 3024.54
vt 755.529 3034.5
f 1152/4640/129 1059/4641/129 1164/4642/129

vt 543.159 4093.14
vt 495.883 4085.34
vt 496.187 4072.09
f 1059/4643/128 1152/4644/128 1105/4645/128

vt -5678.96 7.97675
vn -0.999082 -4.42319e-19 -0.0428336
vt -5669.47 -1.27282
vt -5669.47 21.8645
f 1152/4646/813 1105/4647/813 1151/4648/813

v 22.8252 0.202609 -143.442
vt 232.926 4092.22
vt 256.071 4078.98
vt 255.367 4092.22
v 23.2472 0.202609 -143.392
vt 249.655 4092.22
v 22.9978 0.202609 -143.422
vt 239.769 4092.22
f 1165/4649/539 1105/4650/539 1152/4651/539 1166/4652/539 1167/4653/539 

usemtl M_0128_White
vt 715.355 4409.17
v 22.8367 -0.0665535 -143.11
vt 716.23 4392.36
vt 737.616 4394.5
f 1165/4654/541 1168/4655/541 1105/4656/541

usemtl FrontColor
v 22.5985 -0.0168494 -143.049
vt -3384.74 3414.44
vt -3399.79 3427.38
vt -3394.17 3411.51
f 1169/4657/542 1165/4658/542 1168/4659/542

vt -5054.64 607.517
v 22.5985 0.356113 -143.197
vt -5059.34 622.607
vt -5072.4 616.397
f 1169/4660/543 1170/4661/543 1165/4662/543

vt -5637.68 14.0202
vn -1 -5.26755e-30 1.16742e-13
vt -5631.83 -0.663361
v 22.5985 0.356113 -143.049
vt -5631.83 14.0202
f 1170/4663/814 1169/4664/814 1171/4665/814

usemtl M_0128_White
vt 5586.45 -0.663361
vn 0.936577 -1.3575e-18 0.350462
v 22.6087 0.393591 -143.076
vt 5587.6 15.4957
v 22.5985 0.561317 -143.049
vt 5586.45 22.0991
vt 5586.45 14.0202
f 1169/4666/815 1172/4667/815 1173/4668/815 1171/4669/815 

vt 3466.64 -489.949
vt 3467.5 -496.595
v 22.8367 1.08571 -143.11
vt 3476.03 -469.17
f 1173/4670/552 1172/4671/552 1174/4672/552

vt 1720.42 42.7443
vn 0.147521 -3.87652e-18 0.989059
vt 1711.34 15.4957
v 22.8367 0.122512 -143.11
vt 1720.42 4.82331
v 22.8367 0.569974 -143.11
vt 1720.42 22.4399
f 1174/4673/816 1172/4674/816 1175/4675/816 1176/4676/816 

usemtl FrontColor
v 22.8367 0.569974 -142.696
vt -5617.94 22.4399
vn -1 -3.47463e-15 -1.09642e-14
v 22.8367 1.08571 -142.696
vt -5617.94 42.7443
vt -5634.25 42.7443
vt -5634.25 22.4399
vt -5634.25 4.82331
vt -5634.25 -2.62022
v 22.8367 -0.0665535 -143.049
vt -5631.83 -2.62022
v 22.8367 -0.0665535 -142.757
vt -5620.35 -2.62022
v 22.8367 -0.0665535 -142.696
vt -5617.94 -2.62022
v 22.8367 0.122512 -142.696
vt -5617.94 4.82331
f 1177/4677/817 1178/4678/817 1174/4679/817 1176/4680/817 1175/4681/817 1168/4682/817 1179/4683/817 1180/4684/817 1181/4685/817 1182/4686/817 

usemtl M_0128_White
vn -1 -8.30163e-15 1.09486e-14
v 22.8367 0.569974 -142.389
vt -5605.88 22.4399
v 22.8367 0.569974 -142.35
vt -5604.32 22.4399
v 22.8367 0.569974 -142.275
vt -5601.37 22.4399
f 1178/4678/818 1177/4677/818 1183/4687/818 1184/4688/818 1185/4689/818 

v 22.6087 0.393591 -142.73
vt -51.4045 15.4957
vn 0.147521 2.58435e-18 -0.989059
vt -60.4787 42.7443
vt -60.4787 22.4399
vt -60.4787 4.82331
f 1186/4690/819 1178/4691/819 1177/4692/819 1182/4693/819 

vt 1896.05 621.993
v 22.5985 0.561317 -142.757
vt 1896.91 628.639
vt 1887.52 649.417
f 1186/4694/112 1187/4695/112 1178/4696/112

vt 4952.08 22.0991
vn 0.936577 -4.525e-19 -0.350462
vt 4950.94 15.4957
v 22.5985 -0.0168494 -142.757
vt 4952.08 -0.663361
v 22.5985 0.356113 -142.757
vt 4952.08 14.0202
f 1187/4697/820 1186/4698/820 1188/4699/820 1189/4700/820 

usemtl FrontColor
vt -5620.35 -0.663361
v 22.5985 0.356113 -142.608
vt -5614.51 14.0202
vt -5620.35 14.0202
f 1188/4701/2 1190/4702/2 1189/4703/2

vt -3981.33 -921.725
vt -3986.03 -936.815
v 22.8252 0.202609 -142.364
vt -3968.28 -927.936
f 1190/4704/106 1188/4705/106 1191/4706/106

vt -1785.15 -4005.05
vt -1800.21 -4017.99
vt -1790.78 -4020.92
f 1191/4707/105 1188/4708/105 1181/4709/105

vt -5631.83 -871.075
vn -0.204301 -0.978908 -5.69851e-15
vt -5634.25 -880.654
vt -5631.83 -880.654
vt -5620.35 -880.654
vt -5617.94 -880.654
vt -5620.35 -871.075
f 1169/4710/821 1168/4711/821 1179/4712/821 1180/4713/821 1181/4714/821 1188/4715/821 

vt -5616.97 918.616
vn -0.0627536 0.998029 3.16105e-15
vt -5635.21 918.616
vt -5634.25 897.145
vt -5631.83 897.145
vt -5620.35 897.145
vt -5617.94 897.145
f 1103/4716/822 1105/4717/822 1168/4718/822 1179/4719/822 1180/4720/822 1181/4721/822 

vt -5616.97 -1.27282
vn -1 1.03221e-30 7.48026e-14
vt -5635.21 21.8645
vt -5635.21 -1.27282
f 1103/4722/823 1102/4292/823 1151/4723/823 1105/4724/823 

vt -5572.39 -1.27282
vn -0.999082 -8.84637e-19 0.0428336
vt -5562.9 7.97675
vt -5572.39 21.8645
f 1103/4725/824 1104/4726/824 1102/4727/824

vt -1570.22 -3914.02
vt -1547.08 -3900.78
v 22.9978 0.202609 -142.384
vt -1553.92 -3900.78
v 23.2472 0.202609 -142.413
vt -1563.81 -3900.78
vt -1569.52 -3900.78
f 1103/4728/102 1191/4729/102 1192/4730/102 1193/4731/102 1104/4732/102 

usemtl M_0128_White
vt -1080.46 -4337.83
vt -1079.59 -4321.02
vt -1101.85 -4335.69
f 1181/4733/104 1191/4734/104 1103/4735/104

vt -666.614 -1.27282
vn 0.0450354 -1.5933e-18 -0.998985
vt -645.163 -2.62022
vt -645.163 4.82331
vt -645.163 22.4399
vt -645.163 42.7443
vt -666.614 48.0323
vt -666.614 30.2813
vt -666.614 21.8645
f 1103/4736/825 1181/4737/825 1182/4738/825 1177/4739/825 1178/4740/825 1088/4741/825 1097/4742/825 1102/4743/825 

v 23.3515 1.18481 -142.65
vt 451.26 3559.6
vt 467.407 3528.72
vt 471.372 3554.63
vt 450.335 3561.37
v 23.3613 1.19654 -142.657
vt 450.951 3560.19
f 1194/4744/87 1185/4745/87 1178/4746/87 1088/4747/87 1195/4748/87 

vt 794.188 3603.92
vt 779.179 3635.37
vt 778.892 3635.97
vt 778.319 3637.17
vt 773.77 3614.1
f 1185/4749/86 1194/4750/86 1195/4751/86 1088/4752/86 1094/4753/86 

vt -5616.97 48.0323
vn -1 7.12482e-16 -1.16104e-13
f 1088/4754/826 1097/4288/826 1096/4291/826 1094/4290/826 

usemtl FrontColor
vt -5635.21 48.0323
vn -1 -4.01284e-31 7.48026e-14
vt -5635.21 30.2813
f 1089/4755/827 1098/4756/827 1097/4288/827 1088/4754/827 

usemtl M_0128_White
vn -1 -9.49976e-17 -1.54805e-14
vt -5650.63 30.2813
vt -5648.85 30.2813
f 1098/4756/828 1089/4755/828 1100/4757/828 1099/4758/828 

vt 1151.91 42.7443
vn 0.0450354 -7.96648e-19 0.998985
vt 1151.91 22.4399
vt 1151.91 4.82331
vt 1151.91 -2.62022
vt 1173.36 -1.27282
vt 1173.36 21.8645
vt 1173.36 30.2813
vt 1173.36 48.0323
f 1174/4759/829 1176/4760/829 1175/4761/829 1168/4762/829 1105/4763/829 1151/4764/829 1098/4765/829 1089/4766/829 

vn -1 8.46103e-17 3.75046e-14
v 22.8367 0.569974 -143.531
vt -5650.81 22.4399
v 22.8367 0.569974 -143.456
vt -5647.87 22.4399
v 22.8367 0.569974 -143.416
vt -5646.31 22.4399
f 1176/4680/830 1174/4679/830 1196/4767/830 1197/4768/830 1198/4769/830 

vt 5453.05 -539.404
vt 5474.22 -539.042
vt 5459.32 -517.481
f 1173/4770/556 1196/4771/556 1174/4772/556

vt 5473.14 -482.895
vt 5451.97 -483.252
vt 5457.22 -491.728
f 1196/4773/555 1173/4774/555 1170/4775/555

usemtl FrontColor
vn -1 -8.70038e-30 1.16742e-13
vt -5631.83 22.0991
f 1170/4663/831 1171/4665/831 1173/4776/831

vn -1 -1.47605e-26 -1.30568e-13
vt -5620.35 22.0991
v 22.5985 0.356113 -142.993
vt -5629.64 14.0202
v 22.5985 0.356113 -142.813
vt -5622.54 14.0202
f 1189/4703/832 1187/4777/832 1173/4776/832 1171/4665/832 1199/4778/832 1200/4779/832 

f 1189/4703/2 1190/4702/2 1187/4777/2

usemtl M_0128_White
vt 4661.7 1007.18
vt 4640.53 1007.53
vt 4656.44 998.702
f 1187/4780/107 1185/4781/107 1190/4782/107

vt 4642.64 1117.89
vt 4663.81 1117.53
vt 4657.53 1139.45
f 1185/4783/108 1187/4784/108 1178/4785/108

usemtl FrontColor
vt 5620.35 388.027
vn 0.910498 -0.413514 4.80755e-14
vt 5631.83 388.027
vt 5634.25 410.702
vt 5617.94 410.702
f 1187/4786/833 1173/4787/833 1174/4788/833 1178/4789/833 

vt 5616.97 905.21
vn 0.23958 -0.970877 -8.9552e-15
vt 5617.94 883.138
vt 5634.25 883.138
vt 5635.21 905.21
f 1088/4790/834 1178/4791/834 1174/4792/834 1089/4793/834 

usemtl M_0128_White
vt -540.102 3676.92
v 22.8838 1.05827 -142.66
vt -537.948 3675.51
vt -515.247 3660.64
vt -519.117 3683.83
f 1178/4794/89 1201/4795/89 1094/4796/89 1088/4797/89 

vt 700.036 3516.72
vt 697.857 3515.34
vt 674.895 3500.88
vt 695.425 3490.92
f 1178/4798/88 1201/4799/88 1094/4800/88 1185/4801/88 

usemtl FrontColor
vt 5616.97 -780.493
vn 0.502752 0.864431 1.91933e-15
vt 5635.21 -780.493
vt 5648.85 -780.493
v 22.8838 1.05827 -143.146
vt 5635.67 -757.852
vt 5634.25 -755.704
vt 5617.94 -755.704
vt 5616.52 -757.852
vt 5601.56 -780.493
vt 5603.34 -780.493
f 1097/4802/835 1098/4803/835 1099/4804/835 1202/4805/835 1174/4806/835 1178/4807/835 1201/4808/835 1094/4809/835 1096/4810/835 

vn -1 2.67727e-30 7.48026e-14
f 1102/4292/836 1097/4288/836 1098/4756/836 1151/4723/836 

vn -1 -1.32141e-29 4.37179e-14
vt -5653.41 21.8599
f 1098/4756/837 1164/4811/837 1151/4723/837

vn -1 1.28161e-13 -1.54805e-14
f 1164/4811/838 1098/4756/838 1099/4758/838 1100/4757/838 

v 23.297 0.282027 -143.738
vt 2148.18 -1438.03
vt 2141.02 -1418.1
vt 2142.47 -1426.85
f 1203/4812/533 1100/4813/533 1164/4814/533

v 23.0476 0.282027 -143.767
vt -240.126 -2174.09
vt -254.271 -2153.34
vt -250.012 -2174.09
f 1204/4815/532 1100/4816/532 1203/4817/532

vt -2165.11 -2821.31
vt -2154.46 -2844.04
vt -2144.27 -2830.6
f 1100/4818/531 1204/4819/531 1196/4820/531

usemtl M_0128_White
vt 4584.59 -272.036
vt 4572.14 -260.661
v 22.8433 0.233045 -143.576
vt 4573.56 -273.971
f 1204/4821/560 1196/4822/560 1205/4823/560

usemtl FrontColor
vt -5716.89 7.76769
vt -5720.42 22.2309
vt -5722.21 8.96593
f 1165/4824/559 1196/4825/559 1205/4826/559

vt -4938.04 393.032
vt -4935.05 378.448
vt -4921.93 384.542
f 1196/4827/558 1165/4828/558 1170/4829/558

usemtl M_0128_White
vt 239.769 5575.85
v 23.016 0.233045 -143.556
vt 239.863 5581.3
vt 233.02 5581.3
vt 232.926 5575.85
f 1167/4830/608 1206/4831/608 1205/4832/608 1165/4833/608 

vt 249.655 5575.85
v 23.2654 0.233045 -143.526
vt 249.749 5581.3
v 23.2616 0.233045 -143.527
vt 249.602 5581.3
f 1166/4834/608 1207/4835/608 1208/4836/608 1206/4831/608 1167/4830/608 

usemtl FrontColor
vt 255.367 5575.85
v 23.4093 0.233045 -143.509
vt 255.456 5581.3
v 23.3882 0.233045 -143.512
vt 254.619 5581.3
f 1207/4835/608 1166/4834/608 1152/4837/608 1209/4838/608 1210/4839/608 

usemtl M_0128_White
vt 5719.32 9.10307
vt 5724.64 10.3115
vt 5727.85 23.1049
f 1152/4840/607 1209/4841/607 1164/4842/607

vt 4648.38 155.018
vt 4641.92 165.785
vt 4638.34 153.088
f 1203/4843/606 1164/4844/606 1209/4845/606

vt 255.456 5577.05
vt 250.012 5585.7
vt 249.749 5577.05
vt 254.619 5577.05
f 1209/4846/605 1203/4847/605 1207/4848/605 1210/4849/605 

vt 240.126 5585.7
vt 239.863 5577.05
vt 249.602 5577.05
f 1207/4848/605 1203/4847/605 1204/4850/605 1206/4851/605 1208/4852/605 

vt 233.02 5577.05
f 1206/4851/605 1204/4850/605 1205/4853/605

vt -5644.69 -18.9828
vt -5635.2 -5.08912
vt -5653.41 -5.09366
f 1152/4854/536 1151/4855/536 1164/4856/536

vt 2433.87 -3151.73
vt 2431.69 -3150.36
vt 2436.3 -3176.16
vt 2456.83 -3166.2
f 1202/4857/528 1174/4858/528 1196/4859/528 1100/4860/528 

vt -2286.92 -3332.59
vt -2284.77 -3331.17
vt -2305.76 -3324.27
vt -2309.63 -3347.46
f 1202/4861/527 1174/4862/527 1089/4863/527 1100/4864/527 

vt 2225.16 -3256.14
v 23.3515 1.18481 -143.156
vt 2241.31 -3225.26
v 23.3613 1.19654 -143.149
vt 2241.62 -3224.67
vt 2242.23 -3223.49
vt 2221.2 -3230.23
f 1196/4865/529 1211/4866/529 1212/4867/529 1089/4868/529 1174/4869/529 

vt 2541.85 -3229.22
vt 2526.84 -3260.67
vt 2547.26 -3250.48
vt 2542.71 -3227.42
vt 2542.14 -3228.62
f 1211/4870/530 1196/4871/530 1100/4872/530 1089/4873/530 1212/4874/530 

usemtl FrontColor
vt -1706.63 -3515.61
vt -1755.71 -3522.38
vt -1708.81 -3539.02
f 1089/4875/133 1090/4876/133 1100/4877/133

vt -1475.67 -4417.32
vt -1426.87 -4408.72
vt -1474.64 -4403.31
f 1090/4878/134 1089/4879/134 1134/4880/134

vt -5616.97 921.658
vn -0.0671313 0.997744 3.11165e-15
vt -5616.97 969.734
vt -5618.91 969.734
vt -5619.07 969.734
vt -5633.11 969.734
vt -5633.28 969.734
vt -5635.21 969.734
vt -5635.21 921.658
f 1088/4881/839 1093/4882/839 1138/4883/839 1137/4884/839 1136/4885/839 1135/4886/839 1134/4887/839 1089/4888/839 

vt 639.22 3748.66
vt 591.335 3744.38
vt 592.234 3720.89
vt 635.148 3746.25
f 1093/4889/90 1088/4890/90 1094/4891/90 1095/4892/90 

vt 5619.07 -637.148
vn 0.718142 0.695896 -5.85367e-14
vt 5618.91 -637.148
v 24.6067 1.29443 -142.726
vt 5619.15 -637.563
f 1137/4893/840 1138/4894/840 1213/4895/840

v 24.6067 1.29443 -143.079
vt 5633.04 -637.563
vn 0.718142 0.695896 5.85367e-14
vt 5633.28 -637.148
vt 5633.11 -637.148
f 1214/4896/841 1135/4897/841 1136/4898/841

v 23.0476 0.282027 -142.038
vt -370.694 3045.89
vt -360.039 3068.63
vt -380.879 3059.33
f 1215/4899/85 1094/4900/85 1185/4901/85

vt 1568.42 2108.74
vt 1554.28 2087.99
v 23.297 0.282027 -142.067
vt 1564.16 2087.99
f 1094/4902/84 1215/4903/84 1216/4904/84

usemtl M_0128_White
vt -1564.16 -5308.21
v 23.2654 0.233045 -142.279
vt -1563.9 -5316.86
v 23.2616 0.233045 -142.279
vt -1563.75 -5316.86
v 23.016 0.233045 -142.25
vt -1554.01 -5316.86
vt -1554.28 -5308.21
f 1216/4905/654 1217/4906/654 1218/4907/654 1219/4908/654 1215/4909/654 

v 23.4093 0.233045 -142.296
vt -1569.61 -5316.86
v 23.3882 0.233045 -142.294
vt -1568.77 -5316.86
f 1216/4905/654 1220/4910/654 1221/4911/654 1217/4906/654 

vt 5417.86 -50.4529
vt 5411.4 -61.2192
vt 5421.44 -63.1495
f 1101/4912/620 1216/4913/620 1220/4914/620

usemtl FrontColor
vt 3690.12 1204.89
vt 3682.96 1184.95
vt 3688.67 1196.13
f 1094/4915/83 1216/4916/83 1101/4917/83

usemtl M_0128_White
vt 5377.8 -227.385
vt 5383.12 -228.593
vt 5374.58 -214.591
f 1220/4918/97 1104/4919/97 1101/4920/97

usemtl FrontColor
vt -1569.52 -5326.44
vt -1563.81 -5326.44
vt -1563.9 -5320.98
vt -1568.77 -5320.98
vt -1569.61 -5320.98
f 1104/4921/98 1193/4922/98 1217/4923/98 1221/4924/98 1220/4925/98 

usemtl M_0128_White
vt -1553.92 -5326.44
vt -1554.01 -5320.98
vt -1563.75 -5320.98
f 1217/4923/98 1193/4922/98 1192/4926/98 1219/4927/98 1218/4928/98 

vt -1547.08 -5326.44
v 22.8433 0.233045 -142.23
vt -1547.17 -5320.98
f 1219/4927/98 1192/4926/98 1191/4929/98 1222/4930/98 

usemtl FrontColor
vt -5429.29 19.7943
vt -5432.81 5.33112
vt -5427.49 6.52936
f 1185/4931/614 1191/4932/614 1222/4933/614

vt -3761.84 -537.351
vt -3758.85 -522.767
vt -3774.96 -531.257
f 1191/4934/613 1185/4935/613 1190/4936/613

usemtl M_0128_White
vt 3244.31 405.224
vt 3231.86 393.849
vt 3242.88 391.914
f 1185/4937/655 1215/4938/655 1222/4939/655

vt -1547.17 -5316.86
f 1215/4909/654 1219/4908/654 1222/4940/654

vt -5616.98 -5.08671
vt -5607.5 -18.9804
vt -5598.78 -5.09126
f 1102/4941/656 1104/4942/656 1101/4943/656

usemtl FrontColor
vn -1 8.06341e-27 -1.30568e-13
f 1169/4664/842 1188/4701/842 1189/4703/842 1200/4779/842 1199/4778/842 1171/4665/842 

vt -912.418 3568.04
vt -864.453 3567.28
vt -912.304 3586.25
f 1063/4944/127 1105/4945/127 1059/4946/127

vn -1 -4.54115e-31 3.11677e-14
f 1092/4533/843 1061/4196/843 1076/4249/843 1087/4248/843 

vn -1 -4.57718e-31 3.11677e-14
vt -5616.97 13.4184
f 1061/4196/844 1060/4195/844 1066/4947/844 1076/4249/844 

vt -5616.97 -0.688522
vn -1 -4.73072e-31 3.11677e-14
f 1073/4948/845 1066/4947/845 1060/4195/845 1063/4198/845 

usemtl M_0128_White
vt -5605.46 13.4184
vn -1 5.88131e-30 -7.90075e-14
f 1065/4949/846 1066/4947/846 1073/4948/846

vn -1 3.82096e-16 -7.84053e-14
f 1066/4947/847 1065/4949/847 1074/4251/847 1075/4250/847 1076/4249/847 

usemtl FrontColor
vt 1434.52 -1378.29
vt 1482.9 -1387.02
vt 1482.61 -1374.85
f 1101/4950/120 1065/4951/120 1074/4952/120

g Mesh15 Model

v 21.5693 1.23035 -134.189
vt -5283.05 -556.159
v 21.5745 1.22504 -134.194
vt -5283.21 -556.451
v 21.5709 1.2287 -134.186
vt -5282.91 -556.25
f 1223/4953/660 1224/4954/660 1225/4955/660

v 21.5693 1.23035 -134.182
vt -5282.77 -556.159
v 21.5651 1.23468 -134.186
vt -5282.91 -555.922
f 1225/4955/659 1226/4956/659 1227/4957/659 1223/4953/659 

v 21.5745 1.22504 -134.178
vt -5282.6 -556.451
f 1225/4955/658 1228/4958/658 1226/4956/658

g Mesh16 Model

v 26.1572 0.759978 -149.176
vt 1029.81 5873.06
v 26.5991 0.759978 -149.105
vt 1047.21 5870.28
v 26.5991 0.759978 -149.211
vt 1047.21 5874.45
v 26.5991 0.759978 -149.563
vt 1047.21 5888.3
v 26.1572 0.759978 -149.563
vt 1029.81 5888.3
v 26.1572 0.759978 -149.36
vt 1029.81 5880.3
f 1229/4959/195 1230/4960/195 1231/4961/195 1232/4962/195 1233/4963/195 1234/4964/195 

usemtl Color_M05
v 26.1572 0.656845 -149.152
vt 89.9148 1326.48
vt 107.389 1330.64
vt 89.7696 1330.64
f 1235/4965/410 1230/4966/410 1229/4967/410

vt -338.136 2872.94
vt -355.494 2868.31
v 26.5991 0.656845 -149.047
vt -337.611 2868.31
f 1230/4968/411 1235/4969/411 1236/4970/411

v 26.1572 0.594571 -149.152
vt -355.494 23.4083
vn -0.231161 0 0.972915
vt -337.611 25.86
vt -355.494 25.86
f 1237/4971/848 1236/4972/848 1235/4973/848

vt -1071.29 3947.49
vt -1089.03 3944.19
v 26.5991 0.594571 -148.987
vt -1070.46 3944.19
f 1236/4974/255 1237/4975/255 1238/4976/255

v 26.1572 0.36021 -149.146
vt -1088.95 159.192
vt -1070.46 168.422
vt -1089.03 168.422
f 1239/4977/196 1238/4978/196 1237/4979/196

vt -257.902 -1419.85
vt -276.245 -1429.36
v 26.5991 0.36021 -149.047
vt -258.418 -1429.36
f 1238/4980/197 1239/4981/197 1240/4982/197

usemtl FrontColor
vt 1029.81 5871.9
vt 1047.21 5868.01
v 26.5991 0.36021 -149.211
v 26.5991 0.36021 -149.563
v 26.1572 0.36021 -149.563
v 26.1572 0.36021 -149.36
v 26.1572 0.36021 -149.176
f 1239/4983/195 1240/4984/195 1241/4961/195 1242/4962/195 1243/4963/195 1244/4964/195 1245/4959/195 

usemtl Color_M05
vt -276.245 14.1815
v 26.5991 0.307712 -149.047
vt -258.418 12.1146
vt -258.418 14.1815
f 1239/4985/676 1246/4986/676 1240/4987/676

vt -631.146 -2808.08
vt -648.938 -2805.73
v 26.1572 0.307712 -149.176
vt -649.263 -2808.08
f 1246/4988/199 1239/4989/199 1247/4990/199

usemtl FrontColor
vt -5873.06 14.1815
vt -5873.06 12.1146
vt -5871.9 14.1815
f 1245/4991/2 1247/4992/2 1239/4993/2

vt -5880.3 14.1815
v 26.1572 0.307712 -149.36
vt -5880.3 12.1146
f 1247/4992/2 1245/4991/2 1244/4994/2 1248/4995/2 

vt -612.649 12.1146
vn 0.0705924 -6.17008e-19 -0.997505
v 26.0772 0.288841 -149.181
vt -609.492 11.3717
v 26.0772 0.758441 -149.181
vt -609.492 29.8599
vt -612.649 29.9204
v 26.1572 0.656845 -149.176
vt -612.649 25.86
v 26.1572 0.594571 -149.176
vt -612.649 23.4083
vt -612.649 14.1815
f 1247/4996/849 1249/4997/849 1250/4998/849 1229/4999/849 1251/5000/849 1252/5001/849 1245/5002/849 

vt -5873.29 1001.85
vn -0.229583 0.973289 -2.66271e-16
vt -5873.06 1005.09
vt -5880.3 1005.09
v 26.1572 0.307712 -149.563
vt -5888.3 1005.09
v 26.1572 0.307712 -149.766
vt -5896.29 1005.09
v 26.1572 0.307712 -149.95
vt -5903.53 1005.09
v 26.0772 0.288841 -149.948
vt -5903.45 1001.85
v 26.0772 0.288841 -149.839
vt -5899.17 1001.85
v 26.0772 0.288841 -149.287
vt -5877.43 1001.85
f 1249/5003/850 1247/5004/850 1248/5005/850 1253/5006/850 1254/5007/850 1255/5008/850 1256/5009/850 1257/5010/850 1258/5011/850 

vt -1391.39 -2829.56
vn -0.0539664 0.48984 -0.87014
vt -1388.26 -2830.41
vt -1391.32 -2827.19
f 1247/5012/851 1249/5013/851 1239/5014/851

v 26.1572 0.213558 -149.202
vt -997.188 -1558.73
vn 0.00535046 0.266481 -0.963825
vt -994.043 -1555.65
vt -997.193 -1554.88
f 1259/5015/852 1249/5016/852 1247/5017/852

vt -5874.09 -744.196
vn -0.685314 -0.728248 -8.36288e-16
vt -5873.29 -739.871
vt -5877.43 -739.871
vt -5899.17 -739.871
vt -5903.45 -739.871
v 26.1572 0.213558 -149.924
vt -5902.51 -744.196
v 26.1572 0.213558 -149.766
vt -5896.29 -744.196
v 26.1572 0.213558 -149.563
vt -5888.3 -744.196
v 26.1572 0.213558 -149.36
vt -5880.3 -744.196
f 1259/5018/853 1249/5019/853 1258/5020/853 1257/5021/853 1256/5022/853 1260/5023/853 1261/5024/853 1262/5025/853 1263/5026/853 

vt -1055.13 -1494.47
vn -0.00468727 0.256544 -0.966521
vt -1058.29 -1497.53
v 26.0772 -0.107666 -149.287
vt -1055.15 -1510.62
f 1249/5027/854 1259/5028/854 1264/5029/854

vt -5877.43 243.996
vn -0.97036 0.241666 -1.13053e-14
vt -5874.09 257.029
vt -5880.3 257.029
vt -5888.3 257.029
vt -5896.29 257.029
vt -5902.51 257.029
v 26.0772 -0.107666 -149.839
vt -5899.17 243.996
v 26.0772 -0.107666 -149.621
vt -5890.6 243.996
v 26.0772 -0.107666 -149.403
vt -5882.03 243.996
f 1264/5030/855 1259/5031/855 1263/5032/855 1262/5033/855 1261/5034/855 1260/5035/855 1265/5036/855 1266/5037/855 1267/5038/855 

vt 5005.37 -1096.46
vn 0.688999 -0.340625 0.63973
vt 5005.67 -1109.91
v 26.1572 -0.00573718 -149.319
vt 5008.74 -1105.64
f 1259/5039/856 1264/5040/856 1268/5041/856

vt -5877.43 630.534
vn -0.786644 0.617407 -1.25112e-14
vt -5878.68 635.635
v 26.1572 -0.00573718 -149.36
vt -5880.3 635.635
v 26.1572 -0.00573718 -149.563
vt -5888.3 635.635
v 26.1572 -0.00573718 -149.766
vt -5896.29 635.635
v 26.1572 -0.00573718 -149.807
vt -5897.91 635.635
vt -5899.17 630.534
vt -5890.6 630.534
vt -5882.03 630.534
f 1264/5042/857 1268/5043/857 1269/5044/857 1270/5045/857 1271/5046/857 1272/5047/857 1265/5048/857 1266/5049/857 1267/5050/857 

vt 4650.61 -1016.56
vn 0.634593 -0.271713 0.723508
vt 4647.42 -1020.73
v 26.1572 -0.114994 -149.36
vt 4651.68 -1021.03
f 1268/5051/858 1264/5052/858 1273/5053/858

vt -5880.3 -1025.93
vn -0.0912219 -0.995831 -2.36541e-15
vt -5877.43 -1022.77
vt -5882.03 -1022.77
vt -5890.6 -1022.77
vt -5899.17 -1022.77
v 26.1572 -0.114994 -149.766
vt -5896.29 -1025.93
v 26.1572 -0.114994 -149.563
vt -5888.3 -1025.93
f 1273/5054/859 1264/5055/859 1267/5056/859 1266/5057/859 1265/5058/859 1274/5059/859 1275/5060/859 

v 26.1572 0.594571 -149.36
vt 4722.35 23.4083
vn 0.67365 -2.25077e-15 0.73905
v 26.1572 0.656845 -149.36
vt 4722.35 25.86
vt 4722.35 29.9204
v 26.1572 0.988823 -149.36
vt 4722.35 38.93
v 26.0772 1.00063 -149.287
vt 4718.09 39.3948
v 26.0772 0.758441 -149.287
vt 4718.09 29.8599
vt 4718.09 11.3717
vt 4718.09 -4.23882
vt 4722.35 -4.52733
vt 4722.35 -0.225873
vt 4722.35 8.40779
vt 4722.35 12.1146
vt 4722.35 14.1815
f 1276/5061/860 1277/5062/860 1234/5063/860 1278/5064/860 1279/5065/860 1280/5066/860 1258/5067/860 1264/5068/860 1273/5069/860 1269/5070/860 1263/5071/860 1248/5072/860 1244/5073/860 

vt -5873.06 23.4083
vt -5873.06 25.86
vt -5880.3 25.86
vt -5880.3 23.4083
f 1252/5074/2 1251/5075/2 1277/5076/2 1276/5077/2 

vt -5872.14 23.4083
vt -5872.14 25.86
f 1251/5075/2 1252/5074/2 1237/5078/2 1235/5079/2 

f 1252/5074/2 1245/4991/2 1239/4993/2 1237/5078/2 

f 1245/4991/2 1252/5074/2 1276/5077/2 1244/4994/2 

vt 1029.81 5872.14
vt 1047.21 5865.65
v 26.5991 0.594571 -149.211
v 26.5991 0.594571 -149.563
v 26.1572 0.594571 -149.563
f 1237/5080/195 1238/5081/195 1281/4961/195 1282/4962/195 1283/4963/195 1276/4964/195 1252/4959/195 

v 26.9891 0.594571 -149.563
vt 1062.56 5888.3
v 26.9891 0.594571 -148.907
vt 1062.56 5862.48
v 26.9891 0.594571 -149.151
vt 1062.56 5872.09
f 1284/5082/195 1282/4962/195 1281/4961/195 1238/5081/195 1285/5083/195 1286/5084/195 

vt -1062.56 23.4083
v 26.9891 0.36021 -149.563
vt -1062.56 14.1815
vt -1047.21 14.1815
vt -1047.21 23.4083
f 1284/5085/1 1287/5086/1 1242/5087/1 1282/5088/1 

v 26.9891 0.36021 -149.151
vt 5872.09 14.1815
v 26.9891 0.36021 -149.503
vt 5885.94 14.1815
vt 5888.3 14.1815
vt 5888.3 23.4083
vt 5872.09 23.4083
f 1288/5089/212 1289/5090/212 1287/5091/212 1284/5092/212 1286/5093/212 

v 26.9891 0.307712 -149.151
vt 5872.09 12.1146
v 26.9891 0.307712 -149.563
vt 5888.3 12.1146
f 1290/5094/212 1291/5095/212 1287/5091/212 1289/5090/212 1288/5089/212 

v 26.9891 0.213558 -149.151
vt 5872.09 8.40779
v 26.9891 0.213558 -149.563
vt 5888.3 8.40779
f 1292/5096/212 1293/5097/212 1291/5095/212 1290/5094/212 

v 26.9891 -0.00573718 -149.151
vt 5872.09 -0.225873
v 26.9891 -0.00573718 -149.563
vt 5888.3 -0.225873
f 1294/5098/212 1295/5099/212 1293/5097/212 1292/5096/212 

vt -1062.56 5888.3
v 27.2652 -0.00573718 -149.563
vt -1073.43 5888.3
v 27.2652 -0.00573718 -149.248
vt -1073.43 5875.91
vt -1062.56 5872.09
f 1295/5100/3 1296/5101/3 1297/5102/3 1294/5103/3 

vt -1062.56 -0.225873
vt -1073.43 -0.225873
v 27.206 -0.114994 -149.563
vt -1071.1 -4.52733
v 26.9891 -0.114994 -149.563
vt -1062.56 -4.52733
f 1295/5104/1 1296/5105/1 1298/5106/1 1299/5107/1 

vt -1062.56 8.40779
v 27.2652 0.213558 -149.563
vt -1073.43 8.40779
f 1293/5108/1 1300/5109/1 1296/5105/1 1295/5104/1 

v 27.2652 0.213558 -149.057
vt -1073.43 5868.37
v 26.9891 0.213558 -149.045
vt -1062.56 5867.92
f 1301/5110/3 1302/5111/3 1292/5103/3 1293/5100/3 1300/5101/3 

usemtl Color_M05
v 27.2652 0.307712 -148.981
vt 1317.16 -3618.62
vt 1306.41 -3623.36
vt 1317.28 -3623.36
f 1303/5112/217 1302/5113/217 1301/5114/217

vt 935.156 -3070.16
vt 946.078 -3065.81
v 26.9891 0.307712 -148.987
vt 935.205 -3065.81
f 1302/5115/216 1303/5116/216 1304/5117/216

usemtl FrontColor
vt -1073.43 5865.41
vt -1062.56 5865.65
v 27.2652 0.307712 -149.563
f 1303/5118/3 1304/5119/3 1290/5103/3 1291/5100/3 1305/5101/3 

usemtl Color_M05
vt 935.205 12.1146
vt 946.078 12.1146
v 27.2652 0.36021 -148.981
vt 946.078 14.1815
v 26.9891 0.36021 -148.987
vt 935.205 14.1815
f 1304/5120/215 1303/5121/215 1306/5122/215 1307/5123/215 

usemtl FrontColor
vt 5865.41 14.1815
vt 5865.41 12.1146
v 27.2652 0.36021 -149.563
f 1306/5124/212 1303/5125/212 1305/5095/212 1308/5091/212 

usemtl Color_M05
vt 2524.73 12.1146
vn 0.253406 -1.13818e-16 0.96736
v 27.4992 0.36021 -149.043
vt 2534.25 14.1815
vt 2524.73 14.1815
f 1303/5126/861 1309/5127/861 1306/5128/861

vt 2745.95 -935.677
vn 0.286752 -0.179261 0.941084
vt 2736.44 -937.778
v 27.4992 0.307712 -149.053
vt 2746.07 -937.778
f 1309/5129/862 1303/5130/862 1310/5131/862

usemtl FrontColor
vt -1082.64 5868.22
v 27.4992 0.307712 -149.563
vt -1082.64 5888.3
v 27.4992 0.307712 -149.178
vt -1082.64 5873.13
v 27.4992 0.307712 -149.103
vt -1082.64 5870.19
f 1310/5132/3 1303/5118/3 1305/5101/3 1311/5133/3 1312/5134/3 1313/5135/3 

usemtl Color_M05
vt 2736.44 -2388.59
vn 0.259867 -0.4529 0.852849
v 27.4992 0.213558 -149.103
vt 2746.64 -2392.75
vt 2746.07 -2388.59
f 1303/5136/863 1314/5137/863 1310/5138/863

vt 2196.18 -3417.7
vn 0.152025 -0.616938 0.772189
vt 2186.22 -3412.99
vt 2186.79 -3417.7
f 1314/5139/864 1303/5140/864 1301/5141/864

usemtl FrontColor
vt 5868.37 8.40779
f 1303/5125/212 1301/5142/212 1300/5097/212 1305/5095/212 

vt 5875.91 -0.225873
f 1300/5097/212 1301/5142/212 1297/5143/212 1296/5099/212 

v 27.4992 0.213558 -149.563
f 1314/5135/3 1301/5110/3 1300/5101/3 1315/5133/3 

usemtl Color_M05
vt 2186.79 -1650.89
vn 0.184338 -0.298877 0.936318
v 27.4992 -0.00573718 -149.173
vt 2196.71 -1659.94
vt 2196.18 -1650.89
f 1301/5144/865 1316/5145/865 1314/5146/865

vt -771.84 -3785.04
vn -0.236013 -0.63914 0.731982
vt -779.203 -3773.81
vt -781.517 -3785.04
f 1316/5147/866 1301/5148/866 1297/5149/866

vt 2959.98 -3286.61
vt 2950.96 -3297.79
vt 2962.48 -3297.79
f 1301/5150/219 1294/5151/219 1297/5152/219

vt 1306.58 -2530.04
vt 1317.28 -2520.46
vt 1306.41 -2520.46
f 1294/5153/218 1301/5154/218 1302/5155/218

v 26.5991 -0.00573718 -149.211
vt 142.015 -2569.35
vt 157.55 -2569.35
vt 158.183 -2559.79
v 26.5991 0.213558 -149.105
vt 142.649 -2559.79
f 1317/5156/227 1294/5157/227 1302/5158/227 1318/5159/227 

usemtl FrontColor
vt -1047.21 5874.45
v 26.5991 -0.00573718 -149.563
vt -1047.21 5888.3
f 1294/5103/3 1317/5160/3 1319/5161/3 1295/5100/3 

usemtl Color_M05
v 26.5991 -0.114994 -149.323
vt 141.342 -4258.9
vt 157.55 -4252.76
vt 142.015 -4252.76
f 1320/5162/228 1294/5163/228 1317/5164/228

vt 1062.56 -4959.67
vn 7.96129e-17 -0.844597 0.535402
vt 1047.21 -4967.71
v 26.9891 -0.114994 -149.323
vt 1062.56 -4967.71
f 1294/5165/867 1320/5166/867 1321/5167/867

usemtl FrontColor
vt 1047.21 5878.87
vt 1062.56 5878.87
v 26.5991 -0.114994 -149.563
f 1320/5168/195 1321/5169/195 1299/5082/195 1322/4962/195 

v 27.206 -0.114994 -149.296
vt 1071.1 5877.8
vt 1071.1 5888.3
f 1321/5169/195 1323/5170/195 1298/5171/195 1299/5082/195 

usemtl Color_M05
vt 327.208 -5029.54
vt 319.45 -5021.55
vt 318.601 -5029.54
f 1323/5172/222 1294/5173/222 1321/5174/222

vt 2950.96 -2646.33
vt 2960.91 -2651.33
vt 2962.48 -2646.33
f 1294/5175/223 1323/5176/223 1297/5177/223

usemtl FrontColor
vt -5888.3 506.415
vt -5877.8 506.415
vt -5875.91 511.308
vt -5888.3 511.308
f 1298/5178/663 1323/5179/663 1297/5180/663 1296/5181/663 

vt 329.757 -2054.4
vt 318.601 -2058.99
vt 327.208 -2058.99
f 1297/5182/221 1321/5183/221 1323/5184/221

vt 2953.21 -4312.86
vt 2962.48 -4305.15
vt 2950.96 -4305.15
f 1321/5185/220 1297/5186/220 1294/5187/220

vt 5878.87 -4.52733
vt 5888.3 -4.52733
f 1294/5098/212 1321/5188/212 1299/5189/212 1295/5099/212 

vt -1047.21 -0.225873
vt -1047.21 -4.52733
f 1319/5190/1 1295/5104/1 1299/5107/1 1322/5191/1 

v 26.5991 0.213558 -149.563
vt -1047.21 8.40779
f 1324/5192/1 1293/5108/1 1295/5104/1 1319/5190/1 

vt -1047.21 5870.28
v 26.5991 0.213558 -149.211
f 1302/5111/3 1318/5193/3 1325/5160/3 1324/5161/3 1293/5100/3 1292/5103/3 

usemtl Color_M05
vt 142.649 -3081.68
vt 158.183 -3081.68
vt 158.529 -3077.34
vt 142.994 -3077.34
f 1318/5194/226 1302/5195/226 1304/5196/226 1246/5197/226 

usemtl FrontColor
vt 5865.65 12.1146
vt 5867.92 8.40779
f 1290/5094/212 1304/5198/212 1302/5199/212 1292/5096/212 

vt 5865.65 14.1815
f 1288/5089/212 1307/5200/212 1304/5198/212 1290/5094/212 

vt 1062.56 5865.65
vt 1062.56 5885.94
f 1240/4984/195 1307/5201/195 1288/5084/195 1289/5202/195 1287/5082/195 1242/4962/195 1241/4961/195 

usemtl Color_M05
vt 142.994 12.1146
vt 158.529 12.1146
vt 158.529 14.1815
vt 142.994 14.1815
f 1246/5203/662 1304/5204/662 1307/5205/662 1240/5206/662 

usemtl FrontColor
vt -1047.21 5868.01
v 26.5991 0.307712 -149.211
v 26.5991 0.307712 -149.563
f 1304/5119/3 1246/5207/3 1326/5160/3 1327/5161/3 1291/5100/3 1290/5103/3 

vt -1029.81 5873.06
vt -1029.81 5880.3
vt -1029.81 5888.3
f 1246/5207/3 1247/5208/3 1248/5209/3 1253/5210/3 1327/5161/3 1326/5160/3 

vt 631.779 -3000.56
vt 649.263 -2996.26
vt 631.146 -2996.26
f 1318/5211/211 1247/5212/211 1246/5213/211

vt 249.386 -1545.56
vt 249.167 -1541.72
vt 231.577 -1545.56
f 1259/5214/210 1247/5215/210 1318/5216/210

vt -5874.09 8.40779
vt -5880.3 8.40779
f 1259/5217/2 1247/4992/2 1248/4995/2 1263/5218/2 

vt -5888.3 12.1146
vt -5888.3 8.40779
f 1248/4995/2 1253/5219/2 1262/5220/2 1263/5218/2 

vt -5888.3 14.1815
f 1244/4994/2 1243/5221/2 1253/5219/2 1248/4995/2 

vt -5888.3 23.4083
f 1276/5077/2 1283/5222/2 1243/5221/2 1244/4994/2 

v 26.1572 0.656845 -149.563
vt -5888.3 25.86
f 1277/5076/2 1328/5223/2 1283/5222/2 1276/5077/2 

vt -5880.3 29.9204
vt -5888.3 29.9204
f 1234/5224/2 1233/5225/2 1328/5223/2 1277/5076/2 

vt -5880.3 38.93
v 26.1572 0.988823 -149.563
vt -5888.3 38.93
f 1278/5226/2 1329/5227/2 1233/5225/2 1234/5224/2 

usemtl Color_M05
v 26.4535 1.23675 -149.563
vt -5888.3 830.006
vt -5888.3 814.795
vt -5880.3 814.795
v 26.4535 1.23675 -149.385
vt -5881.3 830.006
f 1330/5228/674 1329/5229/674 1278/5230/674 1331/5231/674 

vn -0.641708 0.766949 -1.13438e-17
v 26.4535 1.23675 -149.741
vt -5895.3 830.006
v 26.1572 0.988823 -149.766
vt -5896.29 814.795
f 1329/5229/868 1330/5228/868 1332/5232/868 1333/5233/868 

usemtl FrontColor
v 26.5991 1.23675 -149.563
vt -1047.21 48.691
v 26.5991 0.988823 -149.563
vt -1047.21 38.93
vt -1029.81 38.93
vt -1041.48 48.691
f 1334/5234/1 1335/5235/1 1329/5236/1 1330/5237/1 

v 26.5991 1.23675 -149.284
vt 5877.34 48.691
v 26.5991 0.988823 -149.139
vt 5871.61 38.93
v 26.5991 0.988823 -149.211
vt 5874.45 38.93
vt 5888.3 38.93
vt 5888.3 48.691
v 26.5991 1.23675 -149.36
vt 5880.3 48.691
f 1336/5238/212 1337/5239/212 1338/5240/212 1335/5241/212 1334/5242/212 1339/5243/212 

vt 1687.2 2694.14
vt 1706.65 2694.14
vt 1689.76 2705.16
f 1337/5244/409 1278/5245/409 1336/5246/409

usemtl Color_M05
vt -1706.65 3369.95
vt -1703.41 3358.85
vt -1687.2 3369.95
f 1278/5247/271 1229/5248/271 1337/5249/271

usemtl FrontColor
vt -5873.06 29.9204
f 1229/5250/2 1278/5226/2 1234/5224/2

vt -518.413 3734.75
vn 0.0670583 -0.624845 -0.777863
vt -520.949 3746.36
vt -521.57 3734.82
f 1250/5251/869 1278/5252/869 1229/5253/869

vt -4843.52 1073.68
vn -0.666821 -0.29701 -0.683473
vt -4836.37 1064.18
vt -4839.26 1074.17
f 1278/5254/870 1250/5255/870 1279/5256/870

vt -5873.29 29.8599
vn -1 4.76927e-14 -0
vt -5877.43 39.3948
vt -5877.43 29.8599
f 1250/5257/871 1279/5258/871 1280/5259/871

usemtl Color_M05
vt 2848.6 2032.81
vn 0.295078 0.380808 0.876307
v 25.1761 0.87694 -148.93
vt 2810.49 2027.54
vt 2847.28 2022.5
f 1279/5260/872 1340/5261/872 1250/5262/872

usemtl FrontColor
vt -2644.13 3138.83
vn -0.229797 -0.580863 -0.780892
vt -2606.13 3132.85
v 25.1761 1.35712 -149.287
vt -2610.1 3156.07
f 1279/5263/873 1340/5264/873 1341/5265/873

v 25.1761 0.87694 -148.934
vt -5863.54 986.673
vn -0.135988 0.99071 -7.7569e-16
vt -5863.37 986.673
vt -5877.43 1022.48
v 26.0772 1.00063 -149.563
vt -5888.3 1022.48
v 26.0772 1.00063 -149.839
vt -5899.17 1022.48
v 25.1761 0.87694 -150.196
vt -5913.23 986.673
v 25.1761 0.87694 -150.192
vt -5913.06 986.673
v 25.1761 0.87694 -149.843
vt -5899.33 986.673
v 25.1761 0.87694 -149.839
vt -5899.17 986.673
v 25.1761 0.87694 -149.287
vt -5877.43 986.673
v 25.1761 0.87694 -149.282
vt -5877.26 986.673
f 1342/5266/874 1340/5267/874 1279/5268/874 1343/5269/874 1344/5270/874 1345/5271/874 1346/5272/874 1347/5273/874 1348/5274/874 1349/5275/874 1350/5276/874 

vt -5863.37 34.5252
vt -5877.43 53.4298
vt -5877.43 34.5252
vt -5877.26 34.5252
vt -5863.54 34.5252
f 1340/5277/802 1341/5278/802 1349/5279/802 1350/5280/802 1342/5281/802 

v 24.5993 1.302 -149.331
vt -96.6578 3572.16
vt -119.377 3574.86
vt -121.437 3551.39
f 1351/5282/279 1341/5283/279 1340/5284/279

v 24.5993 -0.0174885 -149.331
vt 514.129 -0.688522
vn -0.0767945 -2.13639e-18 0.997047
v 25.1761 -0.107666 -149.287
vt 536.904 -4.23882
v 25.1761 0.31347 -149.287
vt 536.904 12.3413
vt 536.904 34.5252
vt 536.904 53.4298
vt 514.129 51.2597
v 24.5993 1.08962 -149.331
vt 514.129 42.8983
v 24.5993 0.639778 -149.331
vt 514.129 25.1881
v 24.5993 0.340827 -149.331
vt 514.129 13.4184
f 1352/5285/875 1353/5286/875 1354/5287/875 1349/5288/875 1341/5289/875 1351/5290/875 1355/5291/875 1356/5292/875 1357/5293/875 

vt 235.743 -3807.26
vt 258.327 -3802.65
v 25.1761 0.31347 -148.93
vt 232.858 -3785.71
f 1353/5294/60 1352/5295/60 1358/5296/60

vt 5879.18 -956.96
vt 5877.43 -979.944
v 25.1761 -0.107666 -149.839
vt 5899.17 -979.944
v 24.5993 -0.0174885 -149.794
vt 5897.42 -956.96
f 1352/5297/775 1353/5298/775 1359/5299/775 1360/5300/775 

v 25.1761 0.31347 -149.835
vt -5899 12.3413
v 25.1761 0.31347 -149.839
vt -5899.17 12.3413
vt -5899.17 -4.23882
vt -5877.43 -4.23882
vt -5877.43 12.3413
v 25.1761 0.31347 -149.291
vt -5877.6 12.3413
f 1361/5301/800 1362/5302/800 1359/5303/800 1353/5304/800 1354/5305/800 1363/5306/800 

vt -5863.37 -856.618
v 24.5993 0.639778 -148.96
vt -5864.55 -830.528
v 24.5993 0.639778 -149.039
vt -5867.67 -830.528
vt -5879.18 -830.528
v 24.5993 0.639778 -149.794
vt -5897.42 -830.528
v 24.5993 0.639778 -150.166
vt -5912.04 -830.528
v 25.1761 0.31347 -150.196
vt -5913.23 -856.618
v 25.1761 0.31347 -149.89
vt -5901.19 -856.618
vt -5899.17 -856.618
vt -5899 -856.618
vt -5877.6 -856.618
vt -5877.43 -856.618
f 1358/5307/765 1364/5308/765 1365/5309/765 1356/5310/765 1366/5311/765 1367/5312/765 1368/5313/765 1369/5314/765 1362/5315/765 1361/5316/765 1363/5317/765 1354/5318/765 

vt -684.703 12.3413
vt -661.964 25.1881
vt -684.703 34.5252
f 1358/5319/766 1364/5320/766 1340/5321/766

vt 211.331 -1467.86
vt 188.838 -1481.13
v 24.5993 0.340827 -149.039
vt 211.948 -1480.02
f 1364/5322/63 1358/5323/63 1370/5324/63

vt -5863.37 -989.488
vt -5867.67 -966.754
vt -5879.18 -966.754
v 24.5993 0.340827 -149.794
vt -5897.42 -966.754
v 24.5993 0.340827 -150.087
vt -5908.93 -966.754
vt -5913.23 -989.488
vt -5901.19 -989.488
vt -5899.17 -989.488
vt -5899 -989.488
vt -5877.6 -989.488
vt -5877.43 -989.488
f 1358/5325/764 1370/5326/764 1357/5327/764 1371/5328/764 1372/5329/764 1368/5330/764 1369/5331/764 1362/5332/764 1361/5333/764 1363/5334/764 1354/5335/764 

vt 360.391 -3685.27
vt 337.295 -3686.65
vt 362.95 -3703.3
f 1370/5336/61 1358/5337/61 1352/5338/61

vt -1026.87 -3711.17
v 23.381 -0.0323296 -149.331
vt -978.901 -3711.92
vt -1026.75 -3692.96
f 1352/5339/117 1373/5340/117 1370/5341/117

vt -5879.18 920.427
vt -5879.18 968.398
vt -5897.42 968.398
v 23.381 -0.0323296 -149.794
vt -5897.42 920.427
f 1373/5342/774 1352/5343/774 1360/5344/774 1374/5345/774 

v 23.3913 0.202609 -149.09
vt -994.188 -4188.84
vt -1041.86 -4201.25
vt -993.9 -4202.09
f 1375/5346/93 1352/5347/93 1373/5348/93

vt -1265.09 -3678.91
vt -1217.11 -3667.73
vt -1264.5 -3660.71
f 1352/5349/94 1375/5350/94 1370/5351/94

vt -1138.9 -3089.16
vt -1091.41 -3095.58
v 23.381 0.555242 -148.869
vt -1090.75 -3079.2
f 1370/5352/96 1375/5353/96 1376/5354/96

vt -1357.62 -4136.16
vt -1404.9 -4128.37
vt -1357.93 -4149.41
f 1375/5355/95 1370/5356/95 1373/5357/95

vt -5834.35 -1.27282
vn -0.999082 8.84637e-19 0.0428336
vt -5824.86 7.97675
v 23.381 0.555357 -149.331
vt -5834.35 21.8645
f 1373/5358/876 1375/5359/876 1377/5360/876

vt -1600.84 -4100.27
v 22.8252 0.202609 -149.024
vt -1577.7 -4087.04
v 22.9978 0.202609 -149.044
vt -1584.54 -4087.04
v 23.2472 0.202609 -149.073
vt -1594.43 -4087.04
vt -1600.14 -4087.04
f 1373/5361/102 1378/5362/102 1379/5363/102 1380/5364/102 1375/5365/102 

usemtl M_0128_White
v 22.8367 -0.0665535 -149.356
vt -1088.95 -4541.26
vt -1088.08 -4524.45
vt -1110.34 -4539.13
f 1381/5366/104 1378/5367/104 1373/5368/104

usemtl FrontColor
vt -1905.98 -4178.25
v 22.5985 -0.0168494 -149.417
vt -1921.03 -4191.18
vt -1911.6 -4194.11
f 1378/5369/105 1382/5370/105 1381/5371/105

v 22.5985 0.356113 -149.268
vt -4192 -957.712
vt -4196.7 -972.802
vt -4178.95 -963.923
f 1383/5372/106 1382/5373/106 1378/5374/106

vt -5882.56 -0.663361
vt -5876.71 14.0202
v 22.5985 0.356113 -149.417
vt -5882.56 14.0202
f 1382/5375/2 1383/5376/2 1384/5377/2

v 22.5985 0.561317 -149.417
vt -5882.56 22.0991
f 1384/5377/2 1383/5376/2 1385/5378/2

usemtl M_0128_White
vt 4897.37 1041.91
v 22.8367 0.569974 -148.935
vt 4876.2 1042.27
vt 4892.12 1033.43
f 1385/5379/107 1386/5380/107 1383/5381/107

vt 4878.39 1156.5
vt 4899.55 1156.14
v 22.8367 1.08571 -149.356
vt 4893.28 1178.06
f 1386/5382/108 1385/5383/108 1387/5384/108

v 22.6087 0.393591 -149.39
vt 2021.03 648.059
vt 2021.9 654.705
vt 2012.51 675.483
f 1388/5385/112 1385/5386/112 1387/5387/112

vt 5197.66 22.0991
vn 0.936577 -9.05e-19 -0.350462
vt 5196.51 15.4957
vt 5197.66 -0.663361
vt 5197.66 14.0202
f 1385/5388/877 1388/5389/877 1382/5390/877 1384/5391/877 

usemtl FrontColor
v 22.5985 -0.0168494 -149.709
vt -5894.04 -0.663361
v 22.5985 0.356113 -149.473
vt -5884.75 14.0202
v 22.5985 0.356113 -149.653
vt -5891.85 14.0202
v 22.5985 0.356113 -149.709
vt -5894.04 14.0202
f 1389/5392/842 1382/5375/842 1384/5377/842 1390/5393/842 1391/5394/842 1392/5395/842 

vt -5894.04 -871.075
v 22.8367 -0.0665535 -149.77
vt -5896.45 -880.654
v 22.8367 -0.0665535 -149.709
vt -5894.04 -880.654
v 22.8367 -0.0665535 -149.417
vt -5882.56 -880.654
vt -5880.14 -880.654
vt -5882.56 -871.075
f 1389/5396/821 1393/5397/821 1394/5398/821 1395/5399/821 1381/5400/821 1382/5401/821 

vt -3505.56 3587.63
v 22.8252 0.202609 -150.102
vt -3520.62 3600.57
vt -3514.99 3584.7
f 1389/5402/542 1396/5403/542 1393/5404/542

vt -5265.31 643.504
v 22.5985 0.356113 -149.857
vt -5270.01 658.594
vt -5283.07 652.384
f 1389/5405/543 1397/5406/543 1396/5407/543

vt -5899.88 14.0202
f 1397/5408/814 1389/5392/814 1392/5395/814

usemtl M_0128_White
vt 5832.03 -0.663361
vn 0.936577 0 0.350462
v 22.6087 0.393591 -149.736
vt 5833.17 15.4957
v 22.5985 0.561317 -149.709
vt 5832.03 22.0991
vt 5832.03 14.0202
f 1389/5409/878 1398/5410/878 1399/5411/878 1392/5412/878 

vt 3591.62 -516.015
vt 3592.49 -522.661
v 22.8367 1.08571 -149.77
vt 3601.01 -495.236
f 1399/5413/552 1398/5414/552 1400/5415/552

vt 1759.1 42.7443
vt 1750.02 15.4957
v 22.8367 0.122512 -149.77
vt 1759.1 4.82331
v 22.8367 0.569974 -149.77
vt 1759.1 22.4399
f 1400/5416/816 1398/5417/816 1401/5418/816 1402/5419/816 

vt 1163.72 42.7443
vt 1163.72 22.4399
vt 1163.72 4.82331
vt 1163.72 -2.62022
vt 1185.17 -1.27282
v 23.381 0.555357 -149.794
vt 1185.17 21.8645
v 23.381 0.769144 -149.794
vt 1185.17 30.2813
v 23.381 1.22002 -149.794
vt 1185.17 48.0323
f 1400/5420/829 1402/5421/829 1401/5422/829 1393/5423/829 1374/5424/829 1403/5425/829 1404/5426/829 1405/5427/829 

usemtl FrontColor
v 22.8367 0.569974 -149.356
vt -5880.14 22.4399
vt -5880.14 42.7443
vt -5896.45 42.7443
vt -5896.45 22.4399
vt -5896.45 4.82331
vt -5896.45 -2.62022
vt -5894.04 -2.62022
vt -5882.56 -2.62022
vt -5880.14 -2.62022
v 22.8367 0.122512 -149.356
vt -5880.14 4.82331
f 1406/5428/817 1387/5429/817 1400/5430/817 1402/5431/817 1401/5432/817 1393/5433/817 1394/5434/817 1395/5435/817 1381/5436/817 1407/5437/817 

usemtl M_0128_White
vt -654.805 -1.27282
vt -633.355 -2.62022
vt -633.355 4.82331
vt -633.355 22.4399
vt -633.355 42.7443
v 23.381 1.22002 -149.331
vt -654.805 48.0323
v 23.381 0.769144 -149.331
vt -654.805 30.2813
vt -654.805 21.8645
f 1373/5438/825 1381/5439/825 1407/5440/825 1406/5441/825 1387/5442/825 1408/5443/825 1409/5444/825 1377/5445/825 

usemtl FrontColor
vt -5879.18 918.616
vt -5897.42 918.616
vt -5896.45 897.145
vt -5894.04 897.145
vt -5882.56 897.145
vt -5880.14 897.145
f 1373/5446/822 1374/5447/822 1393/5448/822 1394/5449/822 1395/5450/822 1381/5451/822 

vt -5879.18 -1.27282
vt -5879.18 21.8645
vt -5897.42 21.8645
vt -5897.42 -1.27282
f 1373/5452/823 1377/5453/823 1403/5454/823 1374/5455/823 

f 1373/4293/773 1352/4294/773 1357/4295/773 1356/4296/773 1355/4297/773 1351/4298/773 1408/4299/773 1409/4300/773 1377/4301/773 

vt -5879.18 -0.688522
vt -5879.18 13.4184
vt -5897.42 13.4184
vt -5897.42 -0.688522
f 1352/5456/845 1357/5457/845 1371/5458/845 1360/5459/845 

usemtl M_0128_White
vt -5867.67 13.4184
f 1370/5460/846 1357/5457/846 1352/5456/846

vt -5864.55 25.1881
vt -5867.67 25.1881
vt -5879.18 25.1881
f 1357/5457/847 1370/5460/847 1364/5461/847 1365/5462/847 1356/5463/847 

usemtl FrontColor
vt 1458.78 -1444.85
vt 1507.16 -1453.58
vt 1506.87 -1441.4
f 1376/5464/120 1370/5465/120 1364/5466/120

vt 1269.15 1847.64
v 23.381 0.769144 -148.94
vt 1221.21 1853
vt 1221.07 1844.13
f 1364/5467/77 1410/5468/77 1376/5469/77

vt -5864.55 -960.405
vt -5863.76 -912.168
v 23.381 0.769144 -148.985
vt -5865.54 -912.168
vt -5879.18 -912.168
vt -5897.42 -912.168
v 23.381 0.769144 -150.141
vt -5911.05 -912.168
v 23.381 0.769144 -150.186
vt -5912.83 -912.168
vt -5912.04 -960.405
vt -5897.42 -960.405
vt -5879.18 -960.405
vt -5867.67 -960.405
f 1364/5470/770 1410/5471/770 1411/5472/770 1409/5473/770 1404/5474/770 1412/5475/770 1413/5476/770 1367/5477/770 1366/5478/770 1356/5479/770 1365/5480/770 

vt 1132.97 1106.15
vt 1180.93 1100.97
v 24.5993 1.08962 -149.044
vt 1181.05 1118.99
f 1410/5481/76 1364/5482/76 1414/5483/76

vt -230.211 1123.61
vt -207.539 1114.12
vt -207.111 1132.13
f 1340/5484/66 1364/5485/66 1414/5486/66

vt -5864.55 905.292
vn -0.380291 0.924867 1.25842e-15
vt -5863.37 929.844
vt -5863.54 929.844
vt -5877.26 929.844
vt -5877.43 929.844
vt -5899.17 929.844
vt -5899.33 929.844
vt -5913.06 929.844
vt -5913.23 929.844
vt -5912.04 905.292
vt -5897.42 905.292
vt -5879.18 905.292
vt -5867.67 905.292
f 1364/5487/879 1340/5488/879 1342/5489/879 1350/5490/879 1349/5491/879 1348/5492/879 1347/5493/879 1346/5494/879 1345/5495/879 1367/5496/879 1366/5497/879 1356/5498/879 1365/5499/879 

vt 5863.37 -978.223
vt 5873.29 -1014.01
vt 5877.43 -1014.01
v 26.0772 0.758441 -149.839
vt 5899.17 -1014.01
v 26.0772 0.758441 -149.948
vt 5903.45 -1014.01
vt 5913.23 -978.223
vt 5913.06 -978.223
vt 5899.33 -978.223
vt 5899.17 -978.223
vt 5877.43 -978.223
vt 5877.26 -978.223
vt 5863.54 -978.223
f 1340/5500/780 1250/5501/780 1280/5502/780 1415/5503/780 1416/5504/780 1345/5505/780 1346/5506/780 1347/5507/780 1348/5508/780 1349/5509/780 1350/5510/780 1342/5511/780 

v 25.9482 0.628561 -148.961
vt -3315.41 3741.13
vt -3287.13 3756
vt -3323.57 3748.9
f 1417/5512/149 1340/5513/149 1250/5514/149

vt -5192.93 2678.58
vt -5212.93 2653.66
v 25.8131 0.625113 -148.78
vt -5204.04 2653.31
f 1340/5515/150 1417/5516/150 1418/5517/150

usemtl M_0128_White
vt 5258.98 2041.6
v 26.552 0.152915 -148.912
vt 5280.85 2014.38
vt 5267.88 2041.8
f 1418/5518/151 1419/5519/151 1417/5520/151

v 26.552 0.152915 -148.907
vt 5862.49 -877.614
vn 0.538483 0.842637 6.25869e-15
vt 5862.66 -877.614
vt 5857.48 -843.09
v 26.552 0.152915 -148.627
vt 5851.47 -877.614
v 26.552 0.152915 -148.887
vt 5861.71 -877.614
f 1420/5521/880 1419/5522/880 1418/5523/880 1421/5524/880 1422/5525/880 

v 27.7661 0.00200431 -148.873
vt 5861.12 -1084.8
vn 0.123354 0.992363 -1.12794e-15
vt 5862.66 -1036.63
vt 5862.49 -1036.63
vt 5861.71 -1036.63
vt 5851.47 -1036.63
v 27.7661 0.00200431 -148.735
vt 5855.7 -1084.8
f 1423/5526/881 1419/5527/881 1420/5528/881 1422/5529/881 1421/5530/881 1424/5531/881 

v 27.7661 -0.131724 -148.967
vt 388.968 -3415.12
vt 389.408 -3408.69
vt 341.767 -3401.44
f 1425/5532/186 1423/5533/186 1419/5534/186

vt -5861.12 0.0789097
vn -1 7.63534e-29 -4.2938e-13
vt -5864.83 -5.186
v 27.7661 -0.131724 -148.873
vt -5861.12 -5.186
f 1423/5535/882 1425/5536/882 1426/5537/882

vt 5861.12 -1091.34
vn 0.0624966 0.998045 2.35466e-15
vt 5864.83 -1091.34
v 26.552 -0.0557016 -149.051
vt 5868.14 -1043.45
v 26.552 -0.0557016 -148.912
vt 5862.66 -1043.45
v 26.552 -0.0557016 -148.627
vt 5851.47 -1043.45
v 26.552 -0.0557016 -148.543
vt 5848.15 -1043.45
v 26.552 -0.0557016 -148.498
vt 5846.37 -1043.45
v 27.7661 -0.131724 -148.601
vt 5850.44 -1091.34
v 27.7661 -0.131724 -148.735
vt 5855.7 -1091.34
f 1426/5538/883 1425/5539/883 1427/5540/883 1428/5541/883 1429/5542/883 1430/5543/883 1431/5544/883 1432/5545/883 1433/5546/883 

v 27.7661 -0.267479 -148.967
vt -5864.83 -10.5307
v 27.7661 -0.267479 -148.873
vt -5861.12 -10.5307
f 1425/5536/709 1434/5547/709 1435/5548/709 1426/5537/709 

vt 637.074 -2.19298
v 26.552 -0.267479 -149.051
vt 637.074 -10.5307
vt 684.986 -10.5307
vt 684.986 -5.186
f 1427/5549/708 1436/5550/708 1434/5551/708 1425/5552/708 

v 26.552 -0.267479 -149.016
vt -5866.77 -10.5307
v 26.552 -0.267479 -148.912
vt -5862.66 -10.5307
vt -5862.66 -2.19298
vt -5868.14 -2.19298
vt -5868.14 -10.5307
v 26.552 -0.267479 -149.047
vt -5867.98 -10.5307
f 1437/5553/702 1438/5554/702 1428/5555/702 1427/5556/702 1436/5557/702 1439/5558/702 

usemtl FrontColor
v 26.552 -0.267479 -148.543
vt -5848.15 -1012.57
vn -0.25841 -0.966035 -1.68372e-14
v 26.552 -0.267479 -148.498
vt -5846.37 -1012.57
v 25.6439 -0.0245567 -149.184
vt -5873.39 -975.562
vt -5868.14 -1012.57
vt -5867.98 -1012.57
vt -5866.77 -1012.57
vt -5862.66 -1012.57
v 26.552 -0.267479 -148.627
vt -5851.47 -1012.57
v 26.552 -0.267479 -148.602
vt -5850.49 -1012.57
f 1440/5559/884 1441/5560/884 1442/5561/884 1436/5562/884 1439/5563/884 1437/5564/884 1438/5565/884 1443/5566/884 1444/5567/884 

usemtl M_0128_White
vt -5848.15 -10.5307
vt -5846.37 -10.5307
vt -5846.37 -2.19298
vt -5848.15 -2.19298
vt -5851.47 -2.19298
vt -5851.47 -10.5307
vt -5850.49 -10.5307
f 1440/5568/2 1441/5569/2 1431/5570/2 1430/5571/2 1429/5572/2 1443/5573/2 1444/5574/2 

vt -1045.36 5867.98
vt -1045.36 5868.14
vt -1093.15 5864.83
vt -1093.15 5861.12
v 27.7661 -0.267479 -148.735
vt -1093.15 5855.7
v 27.7661 -0.267479 -148.601
vt -1093.15 5850.44
vt -1045.36 5846.37
vt -1045.36 5848.15
vt -1045.36 5850.49
vt -1045.36 5851.47
vt -1045.36 5862.66
vt -1045.36 5866.77
f 1439/5575/701 1436/5576/701 1434/5577/701 1435/5578/701 1445/5579/701 1446/5580/701 1441/5581/701 1440/5582/701 1444/5583/701 1443/5584/701 1438/5585/701 1437/5586/701 

vt -5855.7 -5.186
vt -5855.7 -10.5307
f 1433/5587/710 1426/5537/710 1435/5548/710 1445/5588/710 

vt -5855.7 0.0789097
f 1424/5589/710 1423/5535/710 1426/5537/710 1433/5587/710 

vt -5850.44 -5.186
vn -1 -5.04637e-29 -1.72747e-13
f 1432/5590/885 1424/5589/885 1433/5587/885

vt 2287.05 3838.39
vt 2288.14 3845.75
vt 2240.51 3854.06
f 1432/5591/183 1424/5592/183 1421/5593/183

vt 1756.74 2982.98
vt 1756.12 2973.33
vt 1804.05 2969.82
f 1421/5594/178 1431/5595/178 1432/5596/178

vt -5851.47 6.02028
f 1421/5597/2 1429/5572/2 1430/5571/2 1431/5570/2 

vt -5862.66 6.02028
vt -5861.71 6.02028
vt -5862.49 6.02028
f 1419/5598/705 1428/5555/705 1429/5572/705 1421/5597/705 1422/5599/705 1420/5600/705 

f 1419/5598/706 1427/5556/706 1428/5555/706

vt 391.337 -3281.74
vt 390.731 -3291.6
vt 438.602 -3295.19
f 1419/5601/187 1427/5602/187 1425/5603/187

usemtl FrontColor
vt 2214.43 -2731.63
v 25.9224 0.435181 -149.115
vt 2236.81 -2709.41
vt 2211.53 -2722.19
f 1427/5604/188 1447/5605/188 1419/5606/188

vt 532.141 -1225.98
v 25.833 0.242371 -149.181
vt 560.805 -1213.99
vt 556.725 -1206.23
f 1427/5607/166 1448/5608/166 1447/5609/166

vt 48.8026 9.54215
vn 0.178687 1.92769e-16 -0.983906
vt 20.0319 -2.19298
vt 20.0319 -10.5307
f 1448/5610/886 1427/5611/886 1436/5612/886

usemtl M_0128_White
vt -307.371 456.663
vt -271.244 466.256
v 25.6448 -0.0232911 -149.184
vt -271.279 466.306
v 25.6739 0.0177193 -149.184
vt -272.416 467.926
v 25.7027 0.0584814 -149.183
vt -273.546 469.536
v 25.8236 0.228999 -149.182
vt -278.274 476.27
vt -278.644 476.798
f 1436/5613/168 1442/5614/168 1449/5615/168 1450/5616/168 1451/5617/168 1452/5618/168 1448/5619/168 

usemtl FrontColor
vt -2186.95 -828.978
vt -2197.2 -842.92
vt -2179.68 -839.609
vt -2179.71 -839.559
vt -2180.83 -837.926
vt -2181.94 -836.302
vt -2186.58 -829.511
f 1448/5620/163 1264/5621/163 1442/5622/163 1449/5623/163 1450/5624/163 1451/5625/163 1452/5626/163 

vt -1321.87 -1494.95
vt -1312.06 -1480.69
vt -1321.66 -1478.8
f 1264/5627/164 1448/5628/164 1249/5629/164

vt -1445.16 -2028.83
vt -1435.57 -2030.79
vt -1438.89 -2022.68
f 1249/5630/165 1448/5631/165 1447/5632/165

vt -5340.15 -1307.01
vt -5340.18 -1315.78
v 25.7683 0.242371 -149.093
vt -5335.87 -1315.78
v 25.8581 0.435181 -149.027
vt -5335.87 -1307.01
v 25.8847 0.435181 -149.064
vt -5337.64 -1307.01
f 1447/5633/155 1448/5634/155 1453/5635/155 1454/5636/155 1455/5637/155 

usemtl M_0128_White
vt -5337.21 -1324.13
vt -5336.55 -1325.99
vt -5335.89 -1327.85
vt -5335.87 -1327.91
vt -5339.97 -1316.38
f 1451/5638/155 1450/5639/155 1449/5640/155 1442/5641/155 1453/5635/155 1448/5634/155 1452/5642/155 

v 25.5105 -0.0245567 -149.002
vt -5326.97 -1327.91
v 25.6348 0.242371 -148.911
vt -5326.97 -1315.78
f 1453/5635/155 1442/5641/155 1456/5643/155 1457/5644/155 

usemtl FrontColor
vt -5335.87 -2607.83
vt -5328.25 -2625.39
vt -5326.97 -2607.83
f 1442/5645/161 1353/5646/161 1456/5647/161

vt -991.186 -4571.77
vt -1009.6 -4566.57
vt -1026.66 -4571.77
f 1353/5648/778 1442/5649/778 1264/5650/778

vt 1026.66 5899.17
vn 1.11514e-16 1 4.8803e-16
vt 991.186 5899.17
vt 991.186 5877.43
vt 1026.66 5877.43
vt 1026.66 5882.03
vt 1026.66 5890.6
f 1265/5651/887 1359/5652/887 1353/5653/887 1264/5654/887 1267/5655/887 1266/5656/887 

v 25.6439 -0.0245567 -149.892
vt 1009.6 3200.39
vn 2.16437e-14 0.54246 0.840082
vt 991.186 3196.5
vt 1026.66 3196.5
f 1458/5657/888 1359/5658/888 1265/5659/888

vt -4174.99 4197.37
vt -4165.82 4213.8
v 25.5105 -0.0245567 -150.075
vt -4174.72 4213.8
f 1359/5660/505 1458/5661/505 1459/5662/505

usemtl M_0128_White
vt -4165.82 2149.18
v 25.7683 0.242371 -149.983
vt -4165.82 2161.32
v 25.6348 0.242371 -150.166
vt -4174.72 2161.32
vt -4174.72 2149.18
f 1458/5663/14 1460/5664/14 1461/5665/14 1459/5666/14 

v 25.6448 -0.0232911 -149.892
vt -4165.8 2149.24
v 25.7027 0.0584814 -149.893
vt -4164.48 2152.96
v 25.833 0.242371 -149.895
vt -4161.5 2161.32
f 1462/5667/14 1463/5668/14 1464/5669/14 1460/5664/14 1458/5663/14 

usemtl FrontColor
vt 390.645 502.459
vt 380.85 516.29
vt 375.757 509.024
vt 373.492 505.793
vt 373.457 505.743
f 1265/5670/44 1464/5671/44 1463/5672/44 1462/5673/44 1458/5674/44 

vt 1964.9 1491.09
vt 1955.08 1489.2
vt 1964.21 1474.92
f 1256/5675/45 1464/5676/45 1265/5677/45

vt 1961.69 1456.63
vt 1971.51 1458.53
v 25.9224 0.435181 -149.961
vt 1965.59 1464.49
f 1464/5678/46 1256/5679/46 1465/5680/46

vt 499.733 29.8599
vn -0.0885744 0 0.99607
vt 493.613 17.1331
vt 499.733 11.3717
f 1416/5681/889 1465/5682/889 1256/5683/889

v 25.9482 0.628561 -150.115
vt 5074.2 1277.39
vt 5066.16 1282.95
vt 5068.99 1269.11
f 1466/5684/48 1416/5685/48 1465/5686/48

vt 1207.77 -3742.1
vt 1214.91 -3748.77
vt 1244.36 -3736.02
f 1416/5687/49 1466/5688/49 1345/5689/49

vt 3999.05 -4060.32
vt 3977.58 -4084.17
v 25.8131 0.625113 -150.296
vt 3986.47 -4084.5
f 1345/5690/50 1466/5691/50 1467/5692/50

vt 4031.53 -3627.3
v 26.552 0.152915 -150.449
vt 4027.27 -3660.02
vt 4040.42 -3627.54
f 1466/5693/697 1468/5694/697 1467/5695/697

vt 5923.19 -817.47
vn 0.618779 0.785565 -2.43483e-15
vt 5910.05 -787.207
v 26.552 0.152915 -150.165
vt 5912 -817.47
v 26.552 0.152915 -150.169
vt 5912.17 -817.47
v 26.552 0.152915 -150.189
vt 5912.95 -817.47
f 1468/5696/890 1466/5697/890 1469/5698/890 1470/5699/890 1471/5700/890 

vt 4050.36 2289.45
vt 4046.23 2280.58
vt 4071.43 2267.64
f 1466/5701/657 1465/5702/657 1469/5703/657

vt -4161.54 2170.08
vt -4165.82 2178.87
v 25.8581 0.435181 -150.049
vt -4165.82 2170.08
v 25.8847 0.435181 -150.013
vt -4164.04 2170.08
f 1465/5704/14 1466/5705/14 1472/5706/14 1473/5707/14 

vt -4174.72 2178.72
v 25.7246 0.435181 -150.232
vt -4174.72 2170.08
f 1467/5708/14 1474/5709/14 1472/5706/14 1466/5705/14 

usemtl M_0128_White
v 25.5951 0.435181 -150.409
vt -4183.35 2170.08
f 1467/5708/14 1475/5710/14 1474/5709/14

usemtl FrontColor
vt -697.096 -2779.04
vt -681.059 -2759.35
vt -705.898 -2770.57
f 1475/5711/53 1345/5712/53 1467/5713/53

vt -3559.27 34.5252
vt -3577.77 17.1331
vt -3559.27 12.3413
f 1345/5714/803 1475/5715/803 1368/5716/803

vt 3421.08 547.824
v 25.5053 0.242371 -150.343
vt 3435.27 545.008
vt 3439.57 552.644
f 1368/5717/55 1476/5718/55 1475/5719/55

vt 4002.19 2617.34
vt 3988.14 2620.78
vt 3980.65 2600.37
v 25.2118 -0.0697419 -149.893
vt 3982.99 2602.21
f 1476/5720/56 1368/5721/56 1359/5722/56 1477/5723/56 

vt 2157.82 3559.17
vt 2180.4 3554.55
vt 2183.29 3576.1
f 1360/5724/57 1359/5725/57 1368/5726/57

vt -1441.28 -4.23882
vn -0.0767945 2.23424e-18 -0.997047
vt -1418.51 -0.688522
vt -1418.51 13.4184
vt -1418.51 25.1881
v 24.5993 1.08962 -149.794
vt -1418.51 42.8983
v 24.5993 1.302 -149.794
vt -1418.51 51.2597
v 25.1761 1.35712 -149.839
vt -1441.28 53.4298
v 25.1761 1.31709 -149.839
vt -1441.28 51.8538
v 25.1761 1.22804 -149.839
vt -1441.28 48.348
vt -1441.28 34.5252
vt -1441.28 12.3413
f 1359/5727/891 1360/5728/891 1371/5729/891 1366/5730/891 1478/5731/891 1479/5732/891 1480/5733/891 1481/5734/891 1482/5735/891 1348/5736/891 1362/5737/891 

f 1374/4293/794 1360/4294/794 1371/4295/794 1366/4296/794 1478/4297/794 1479/4298/794 1405/4299/794 1404/4300/794 1403/4301/794 

vt -909.812 3733.8
vt -861.847 3733.05
vt -909.698 3752.01
f 1360/5738/127 1374/5739/127 1372/5740/127

vt 894.713 4230.68
v 23.3913 0.202609 -150.035
vt 847.037 4243.09
vt 846.749 4229.84
f 1360/5741/125 1483/5742/125 1374/5743/125

vt 620.476 3762.52
vt 668.456 3751.34
vt 667.873 3769.54
f 1483/5744/126 1360/5745/126 1372/5746/126

vt 2281.13 3461.81
vt 2258.04 3463.19
vt 2255.48 3445.16
f 1368/5747/143 1372/5748/143 1360/5749/143

vt 2141.87 1418.74
vt 2119.37 1432.02
vt 2118.76 1419.86
f 1368/5750/144 1367/5751/144 1372/5752/144

vt 1274.84 25.1881
vt 1297.58 12.3413
vt 1297.58 34.5252
f 1367/5753/795 1368/5754/795 1345/5755/795

usemtl M_0128_White
vt -5899.17 34.5252
vt -5899.33 34.5252
vt -5913.06 34.5252
vt -5913.23 34.5252
vt -5913.23 12.3413
vt -5901.19 12.3413
f 1348/5756/796 1347/5757/796 1346/5758/796 1345/5759/796 1368/5760/796 1369/5761/796 1362/5302/796 

usemtl FrontColor
vt -5899.17 48.348
vt -5899.17 51.8538
vt -5899.17 53.4298
f 1347/5757/797 1348/5756/797 1482/5762/797 1481/5763/797 1480/5764/797 1345/5759/797 1346/5758/797 

vt -5863.37 -918.034
vn -0.345962 -0.938249 6.49068e-16
vt -5867.88 -893.832
v 24.5993 1.08962 -149.185
vt -5873.42 -893.832
vt -5879.18 -893.832
vt -5897.42 -893.832
v 24.5993 1.08962 -149.941
vt -5903.17 -893.832
v 24.5993 1.08962 -150.081
vt -5908.71 -893.832
vt -5913.23 -918.034
vt -5913.06 -918.034
vt -5899.33 -918.034
vt -5899.17 -918.034
vt -5877.43 -918.034
vt -5877.26 -918.034
vt -5863.54 -918.034
f 1340/5765/892 1414/5766/892 1484/5767/892 1355/5768/892 1478/5769/892 1485/5770/892 1486/5771/892 1345/5772/892 1346/5773/892 1347/5774/892 1348/5775/892 1349/5776/892 1350/5777/892 1342/5778/892 

vt 2610.56 4254.8
vt 2631.02 4241.1
vt 2613.8 4268.48
f 1414/5779/70 1340/5780/70 1351/5781/70

vt -1429.59 3466.46
vt -1407.28 3476.88
vt -1430.65 3489.99
f 1340/5782/69 1414/5783/69 1341/5784/69

usemtl Color_M05
vt -215.833 4784.29
vt -238.426 4780.7
vt -236.145 4766.83
f 1341/5785/280 1351/5786/280 1414/5787/280

vt -5899.17 991.773
vt -5897.42 968.962
v 24.5993 1.302 -149.745
vt -5895.48 968.962
v 24.5993 1.302 -149.741
vt -5895.32 968.962
v 24.5993 1.302 -149.384
vt -5881.28 968.962
v 24.5993 1.302 -149.38
vt -5881.11 968.962
vt -5879.18 968.962
vt -5877.43 991.773
f 1480/5788/785 1479/5789/785 1487/5790/785 1488/5791/785 1489/5792/785 1490/5793/785 1351/5794/785 1341/5795/785 

usemtl FrontColor
vt 1844.79 -3329.4
vt 1822.07 -3332.09
vt 1846.85 -3352.87
f 1480/5796/136 1479/5797/136 1345/5798/136

usemtl Color_M05
vt -2139.18 -4421.15
vt -2161.77 -4417.55
vt -2141.46 -4435.02
f 1479/5799/135 1480/5800/135 1486/5801/135

usemtl FrontColor
vt 521.107 -3519.06
vt 543.411 -3529.49
vt 544.469 -3505.95
f 1486/5802/513 1345/5803/513 1480/5804/513

vt -1742.16 -1018.13
vt -1719.48 -1027.63
vt -1719.06 -1009.61
f 1345/5805/514 1367/5806/514 1486/5807/514

vt -753.021 -1073.23
vt -705.057 -1068.05
vt -753.142 -1055.21
f 1367/5808/132 1413/5809/132 1486/5810/132

vt -614.842 -1840.66
vt -662.786 -1846.03
v 23.381 0.555242 -150.257
vt -614.699 -1849.53
f 1413/5811/131 1367/5812/131 1491/5813/131

vt -417.674 1535.68
vt -369.293 1544.41
vt -417.385 1547.85
f 1372/5814/130 1491/5815/130 1367/5816/130

vt 748.555 3157.34
vt 796.037 3163.76
vt 747.895 3173.72
f 1483/5817/129 1372/5818/129 1491/5819/129

vt 523.535 4280.36
vt 476.259 4272.56
vt 476.564 4259.31
f 1372/5820/128 1483/5821/128 1374/5822/128

vt 202.303 4278.47
vt 225.448 4265.24
vt 224.744 4278.47
v 23.2472 0.202609 -150.052
vt 219.032 4278.47
v 22.9978 0.202609 -150.082
vt 209.146 4278.47
f 1396/5823/539 1374/5824/539 1483/5825/539 1492/5826/539 1493/5827/539 

usemtl M_0128_White
vt 706.867 4612.61
vt 707.742 4595.8
vt 729.128 4597.93
f 1396/5828/541 1393/5829/541 1374/5830/541

usemtl FrontColor
vt -5940.92 7.97675
vt -5931.43 -1.27282
vt -5931.43 21.8645
f 1483/5831/813 1374/5832/813 1403/5833/813

usemtl M_0128_White
vt -5906.89 -18.9828
vt -5897.41 -5.08917
vt -5915.61 -5.09372
f 1483/5834/536 1403/5835/536 1491/5836/536

usemtl FrontColor
vt -5897.42 30.2813
vt -5915.62 21.8599
f 1404/5837/837 1491/5838/837 1403/5454/837

vt -5911.05 30.2813
vt -5912.83 30.2813
f 1491/5838/838 1404/5837/838 1412/5839/838 1413/5840/838 

vt 5879.18 -780.493
vt 5897.42 -780.493
vt 5911.05 -780.493
v 22.8838 1.05827 -149.806
vt 5897.87 -757.852
vt 5896.45 -755.704
vt 5880.14 -755.704
v 22.8838 1.05827 -149.32
vt 5878.72 -757.852
vt 5863.76 -780.493
vt 5865.54 -780.493
f 1409/5841/835 1404/5842/835 1412/5843/835 1494/5844/835 1400/5845/835 1387/5846/835 1495/5847/835 1410/5848/835 1411/5849/835 

vt -5879.18 30.2813
f 1377/5453/836 1409/5850/836 1404/5837/836 1403/5454/836 

vt -5860.97 21.8599
f 1376/5851/772 1409/5850/772 1377/5453/772

vt -5863.76 30.2813
vt -5865.54 30.2813
f 1409/5850/771 1376/5851/771 1410/5852/771 1411/5853/771 

vt 3826 1266.01
v 23.297 0.282027 -148.727
vt 3818.84 1246.08
vt 3824.55 1257.26
f 1410/5854/83 1496/5855/83 1376/5856/83

vt 1599.04 2208.06
v 23.0476 0.282027 -148.698
vt 1584.9 2187.31
vt 1594.78 2187.31
f 1410/5857/84 1497/5858/84 1496/5859/84

vt -429.537 3183.14
vt -418.882 3205.88
vt -439.722 3196.58
f 1497/5860/85 1410/5861/85 1386/5862/85

usemtl M_0128_White
vt 871.577 3763.88
v 23.3515 1.18481 -149.31
vt 856.567 3795.33
v 23.3613 1.19654 -149.317
vt 856.281 3795.93
vt 855.707 3797.13
vt 851.158 3774.07
f 1386/5863/86 1498/5864/86 1499/5865/86 1408/5866/86 1410/5867/86 

vt 514.003 3717.71
vt 530.151 3686.83
vt 534.116 3712.73
vt 513.079 3719.48
vt 513.695 3718.3
f 1498/5868/87 1386/5869/87 1387/5870/87 1408/5871/87 1499/5872/87 

vt 773.013 3672.08
vt 770.834 3670.7
vt 747.872 3656.24
vt 768.402 3646.28
f 1387/5873/88 1495/5874/88 1410/5875/88 1386/5876/88 

usemtl Color_M05
vt -605.929 3840.23
vt -603.775 3838.82
vt -581.074 3823.95
vt -584.944 3847.14
f 1387/5877/89 1495/5878/89 1410/5879/89 1408/5880/89 

usemtl FrontColor
vt 623.927 3920.11
vt 576.042 3915.84
vt 576.941 3892.35
v 24.4937 1.25581 -149.297
vt 619.855 3917.7
f 1351/5881/90 1408/5882/90 1410/5883/90 1500/5884/90 

usemtl Color_M05
vt -5879.18 921.658
vt -5879.18 969.734
vt -5881.11 969.734
vt -5881.28 969.734
vt -5895.32 969.734
vt -5895.48 969.734
vt -5897.42 969.734
vt -5897.42 921.658
f 1408/5885/839 1351/5886/839 1490/5887/839 1489/5888/839 1488/5889/839 1487/5890/839 1479/5891/839 1405/5892/839 

vt 384.502 4794.79
vt 433.295 4786.18
vt 432.272 4800.2
f 1408/5893/74 1414/5894/74 1351/5895/74

usemtl FrontColor
vt -81.5288 3915.29
vt -130.61 3908.52
vt -83.7043 3891.88
f 1408/5896/73 1414/5897/73 1410/5898/73

vt -5867.88 -958.412
vt -5879.18 -910.171
vt -5897.42 -910.171
vt -5908.71 -958.412
vt -5903.17 -958.412
vt -5897.42 -958.412
vt -5879.18 -958.412
vt -5873.42 -958.412
f 1414/5899/769 1408/5900/769 1405/5901/769 1486/5902/769 1485/5903/769 1478/5904/769 1355/5905/769 1484/5906/769 

vt 5879.18 905.21
vt 5880.14 883.138
vt 5896.45 883.138
vt 5897.42 905.21
f 1408/5907/834 1387/5908/834 1400/5909/834 1405/5910/834 

vt 5882.56 388.027
vt 5894.04 388.027
vt 5896.45 410.702
vt 5880.14 410.702
f 1385/5911/833 1399/5912/833 1400/5913/833 1387/5914/833 

vt -5894.04 22.0991
f 1384/5377/832 1385/5378/832 1399/5915/832 1392/5395/832 1391/5394/832 1390/5393/832 

f 1397/5408/831 1392/5395/831 1399/5915/831

usemtl M_0128_White
v 22.8367 0.569974 -150.191
vt 5708.82 -517.626
vt 5687.65 -517.983
vt 5692.9 -526.458
f 1501/5916/555 1399/5917/555 1397/5918/555

vt 5688.8 -578.015
vt 5709.97 -577.653
vt 5695.07 -556.092
f 1399/5919/556 1501/5920/556 1400/5921/556

vt 2287.9 -3414.24
v 23.3515 1.18481 -149.816
vt 2304.05 -3383.36
v 23.3613 1.19654 -149.809
vt 2304.36 -3382.77
vt 2304.98 -3381.59
vt 2283.94 -3388.34
f 1501/5922/529 1502/5923/529 1503/5924/529 1405/5925/529 1400/5926/529 

vt 2619.24 -3389.18
vt 2604.23 -3420.63
vt 2624.65 -3410.44
vt 2620.1 -3387.38
vt 2619.52 -3388.58
f 1502/5927/530 1501/5928/530 1413/5929/530 1405/5930/530 1503/5931/530 

usemtl FrontColor
vt -2223.96 -2958.56
v 23.0476 0.282027 -150.427
vt -2213.3 -2981.29
vt -2203.12 -2967.85
f 1413/5932/531 1504/5933/531 1501/5934/531

vt -209.503 -2273.4
vt -223.648 -2252.66
v 23.297 0.282027 -150.398
vt -219.389 -2273.4
f 1504/5935/532 1413/5936/532 1505/5937/532

vt 2284.06 -1499.15
vt 2276.9 -1479.22
vt 2278.35 -1487.97
f 1505/5938/533 1413/5939/533 1491/5940/533

usemtl M_0128_White
vt 4882.79 160.057
vt 4876.34 170.823
v 23.4093 0.233045 -150.169
vt 4872.76 158.127
f 1505/5941/606 1491/5942/606 1506/5943/606

vt 5978.03 14.642
vt 5983.35 15.8505
vt 5986.57 28.6438
f 1483/5944/607 1506/5945/607 1491/5946/607

usemtl FrontColor
vt 219.032 5829.9
vt 224.744 5829.9
vt 224.833 5835.35
v 23.3882 0.233045 -150.172
vt 223.995 5835.35
v 23.2654 0.233045 -150.186
vt 219.126 5835.35
f 1492/5947/608 1483/5948/608 1506/5949/608 1507/5950/608 1508/5951/608 

v 23.3004 -0.042025 -150.039
vt 221.172 160.865
vt 224.744 170.5
vt 219.032 170.5
f 1509/5952/565 1483/5953/565 1492/5954/565

vt 5945.56 225.071
vt 5945.54 214.796
vt 5950.87 226.349
f 1483/5955/566 1509/5956/566 1506/5957/566

v 23.3004 -0.042025 -150.476
vt 5924.24 336.175
vn 0.929769 -0.368144 -6.71817e-14
vt 5912.18 347.822
vt 5907.06 336.175
v 23.3004 -0.042025 -150.156
vt 5911.65 336.175
v 23.3004 -0.042025 -150.359
vt 5919.64 336.175
f 1510/5958/893 1506/5959/893 1509/5960/893 1511/5961/893 1512/5962/893 

usemtl M_0128_White
vt 4972.95 -356.063
vt 4985.69 -366.959
vt 4982.98 -354.123
f 1506/5963/568 1510/5964/568 1505/5965/568

vt -219.166 -1393.37
vt -209.503 -1380.25
vt -219.389 -1380.25
f 1510/5966/569 1504/5967/569 1505/5968/569

vt -1329.68 -526.657
vt -1339.74 -539.469
v 23.1425 -0.164556 -150.476
vt -1333.54 -544.314
f 1504/5969/570 1510/5970/570 1513/5971/570

v 23.6163 -0.267479 -150.476
vt -929.774 -10.5307
vt -911.12 -6.47859
vt -917.339 -1.65453
v 23.6163 -0.0675612 -150.476
vt -929.774 -2.65989
f 1514/5972/1 1513/5973/1 1510/5974/1 1515/5975/1 

v 23.1425 -0.164556 -150.156
vt -5911.65 -891.732
vn -0.212269 -0.977211 -1.28085e-14
v 23.1425 -0.164556 -150.359
vt -5919.64 -891.732
vt -5924.24 -891.732
vt -5924.24 -910.821
v 23.6163 -0.267479 -150.359
vt -5919.64 -910.821
v 23.6163 -0.267479 -150.156
vt -5911.65 -910.821
v 23.6163 -0.267479 -150.039
vt -5907.06 -910.821
v 23.1425 -0.164556 -150.039
vt -5907.06 -891.732
f 1516/5976/894 1517/5977/894 1513/5978/894 1514/5979/894 1518/5980/894 1519/5981/894 1520/5982/894 1521/5983/894 

vt -5911.65 723.826
vt -5919.64 723.826
vt -5919.64 715.955
vt -5911.65 715.955
f 1511/5984/749 1512/5985/749 1517/5986/749 1516/5987/749 

vt -5919.64 -914.489
vn -0.0805852 -0.996748 3.42954e-16
vt -5924.24 -914.489
vt -5924.24 -926.965
v 23.6163 -0.0675612 -150.359
vt -5919.64 -926.965
v 23.6163 -0.0675612 -150.156
vt -5911.65 -926.965
v 23.6163 -0.0675612 -150.039
vt -5907.06 -926.965
vt -5907.06 -914.489
vt -5911.65 -914.489
f 1512/5988/895 1510/5989/895 1515/5990/895 1522/5991/895 1523/5992/895 1524/5993/895 1509/5994/895 1511/5995/895 

vn -0.612907 0.790155 6.78957e-14
vt -5924.24 723.826
vt -5924.24 715.955
f 1517/5986/896 1512/5985/896 1510/5996/896 1513/5997/896 

v 23.4656 0.0861243 -150.359
vt -5919.64 732.058
vn -0.612907 0.790155 1.35677e-13
f 1525/5998/897 1510/5996/897 1512/5985/897

vt -863.018 -3958.2
v 23.6163 0.0844015 -150.359
vt -868.948 -3958.29
vt -856.466 -3964.98
f 1525/5999/598 1526/6000/598 1510/6001/598

v 23.6163 0.0844015 -150.156
vt 5911.65 -929.676
vn 0.0114355 0.999935 2.22683e-16
vt 5919.64 -929.676
vt 5919.64 -923.744
v 23.4656 0.0861243 -150.156
vt 5911.65 -923.744
f 1527/6002/898 1526/6003/898 1525/6004/898 1528/6005/898 

vt -5911.65 -2.65989
vn -1 -9.50117e-14 -4.26952e-14
vt -5911.65 3.32289
vt -5919.64 3.32289
vt -5919.64 -2.65989
f 1523/6006/899 1527/6007/899 1526/6008/899 1522/6009/899 

vt -5907.06 -2.65989
f 1524/6010/2 1527/6007/2 1523/6006/2

vt -1882.45 3434.04
v 24.1342 -0.107288 -150.094
vt -1902.17 3424.57
vt -1881.7 3426.53
f 1527/6011/581 1529/6012/581 1524/6013/581

vt -1376.8 2669.34
vt -1356.63 2677.84
v 24.1342 0.0505113 -150.176
vt -1377.03 2676.33
f 1529/6014/582 1527/6015/582 1530/6016/582

vt 5919.64 -927.573
vn 0.0652952 0.997866 4.23459e-16
vt 5911.65 -927.573
vt 5912.45 -948.008
v 24.1342 0.0505113 -150.339
vt 5918.85 -948.008
f 1526/6017/900 1527/6018/900 1530/6019/900 1531/6020/900 

vt -5912.45 1.98864
vt -5918.85 1.98864
v 24.1342 -0.107288 -150.339
vt -5918.85 -4.22396
v 24.1342 -0.107288 -150.176
vt -5912.45 -4.22396
f 1530/6021/759 1531/6022/759 1532/6023/759 1533/6024/759 

v 24.1342 -0.107288 -150.42
vt -5922.07 -4.22396
f 1531/6022/2 1534/6025/2 1532/6023/2

vt -62.5277 -2737.08
vt -83.4838 -2731.86
vt -83.0181 -2738.84
f 1515/6026/585 1531/6027/585 1534/6028/585

vt -420.549 -3632.51
vt -399.76 -3638.36
vt -400.168 -3630.83
f 1531/6029/586 1515/6030/586 1526/6031/586

vt -560.714 -3635.16
vt -548.302 -3633.89
vt -560.999 -3627.62
f 1515/6032/588 1510/6033/588 1526/6034/588

vn -1 -1.90023e-13 -0
vt -5924.24 -2.65989
f 1526/6008/901 1515/6035/901 1522/6009/901

vt -5919.64 -10.5307
vt -5924.24 -10.5307
f 1518/6036/2 1522/6009/2 1515/6035/2 1514/6037/2 

vt -5911.65 -10.5307
f 1523/6006/754 1522/6009/754 1518/6036/754 1519/6038/754 

vt -5909.23 -947.705
vn -0.0764804 -0.997071 -4.2792e-15
vt -5907.06 -927.255
vt -5911.65 -927.255
vt -5919.64 -927.255
vt -5924.24 -927.255
vt -5922.07 -947.705
vt -5918.85 -947.705
vt -5912.45 -947.705
f 1529/6039/902 1524/6040/902 1523/6041/902 1522/6042/902 1515/6043/902 1534/6044/902 1532/6045/902 1533/6046/902 

v 24.1342 -0.267479 -150.094
vt -1570.91 -10.5307
vn -0.105952 -1.06914e-17 -0.994371
vt -1550.4 -10.5307
vt -1550.4 -2.65989
vt -1570.91 -4.22396
f 1535/6047/903 1520/6048/903 1524/6049/903 1529/6050/903 

v 24.1342 -0.267479 -150.176
vt -950.165 5912.45
vn 6.4466e-15 -1 3.60774e-28
vt -950.165 5909.23
vt -929.774 5907.06
vt -929.774 5911.65
vt -929.774 5919.64
vt -929.774 5924.24
v 24.1342 -0.267479 -150.42
vt -950.165 5922.07
v 24.1342 -0.267479 -150.339
vt -950.165 5918.85
f 1536/6051/904 1535/6052/904 1520/6053/904 1519/6054/904 1518/6055/904 1514/6056/904 1537/6057/904 1538/6058/904 

vt -5912.45 -10.5307
vt -5909.23 -10.5307
vt -5909.23 -4.22396
f 1533/6024/2 1536/6059/2 1535/6060/2 1529/6061/2 

vt -5918.85 -10.5307
f 1533/6024/759 1532/6023/759 1538/6062/759 1536/6059/759 

vt -5922.07 -10.5307
f 1538/6062/2 1532/6023/2 1534/6025/2 1537/6063/2 

vt -317.365 -10.5307
vn 0.105952 5.34568e-18 -0.994371
vt -296.859 -10.5307
vt -296.859 -2.65989
vt -317.365 -4.22396
f 1537/6064/905 1514/6065/905 1515/6066/905 1534/6067/905 

f 1529/6061/2 1530/6021/2 1533/6024/2

vt -5907.06 -10.5307
f 1523/6006/2 1519/6038/2 1520/6068/2 1524/6010/2 

usemtl FrontColor
vt 911.12 -6.47859
vt 929.774 -10.5307
vt 929.774 -2.65989
vt 917.339 -1.65453
f 1521/6069/745 1520/6070/745 1524/6071/745 1509/6072/745 

usemtl M_0128_White
vt 1308.46 3705.93
vt 1320.87 3704.63
vt 1315.25 3712.47
f 1509/6073/599 1524/6074/599 1528/6075/599

vt 981.678 3599.04
vt 975.747 3599.13
vt 981.637 3591.5
f 1527/6076/600 1528/6077/600 1524/6078/600

usemtl FrontColor
vt -3426.16 1185.73
vt -3432.26 1196.89
vt -3434.02 1190.93
f 1509/6079/575 1506/6080/575 1528/6081/575

vt 5101.02 -947.067
vt 5112.37 -938.971
vt 5102.36 -940.996
f 1528/6082/576 1505/6083/576 1506/6084/576

vt 5921.19 -589.948
vn 0.757894 0.652377 2.21992e-14
vt 5911.65 -600.125
vt 5919.64 -600.125
f 1505/6085/906 1528/6086/906 1525/6087/906

usemtl M_0128_White
vn -0.612907 0.790155 -4.32361e-14
vt -5911.65 732.058
f 1511/5984/907 1528/6088/907 1525/5998/907 1512/5985/907 

vt -5907.06 723.826
vn -0.612907 0.790155 2.43163e-13
f 1509/6089/908 1528/6088/908 1511/5984/908

vn -0.612907 0.790155 2.43157e-13
vt -5907.06 715.955
f 1511/5984/909 1516/5987/909 1521/6090/909 1509/6089/909 

vt -5907.06 -552.907
vn -0.799128 -0.601161 -4.51778e-14
v 22.8433 0.233045 -150.236
vt -5914.8 -533.319
vt -5924.24 -552.907
vt -5919.64 -552.907
vt -5911.65 -552.907
f 1521/6091/910 1539/6092/910 1513/6093/910 1517/6094/910 1516/6095/910 

vt -5884.52 716.786
vt -5881.05 696.013
vt -5879.3 715.196
f 1539/6096/563 1521/6097/563 1396/6098/563

vt 448.306 601.716
vt 429.46 611.397
vt 442.106 596.867
f 1509/6099/564 1396/6100/564 1521/6101/564

usemtl FrontColor
vt 209.146 170.5
vt 202.303 170.5
f 1509/5952/565 1492/5954/565 1493/6102/565 1396/6103/565 

usemtl M_0128_White
v 23.2616 0.233045 -150.187
vt 218.979 5835.35
v 23.016 0.233045 -150.216
vt 209.24 5835.35
vt 209.146 5829.9
f 1492/5947/608 1508/5951/608 1540/6104/608 1541/6105/608 1493/6106/608 

vt 219.126 5830.9
vt 219.389 5839.55
vt 209.503 5839.55
vt 209.24 5830.9
vt 218.979 5830.9
f 1508/6107/605 1505/6108/605 1504/6109/605 1541/6110/605 1540/6111/605 

vt 224.833 5830.9
vt 223.995 5830.9
f 1506/6112/605 1505/6108/605 1508/6107/605 1507/6113/605 

vt 202.397 5830.9
f 1541/6110/605 1504/6109/605 1539/6114/605

vt 4766.73 -287.553
vt 4754.28 -276.178
vt 4755.71 -289.488
f 1504/6115/560 1501/6116/560 1539/6117/560

usemtl FrontColor
vt -5976.71 7.82447
vt -5980.23 22.2876
vt -5982.03 9.02271
f 1396/6118/559 1501/6119/559 1539/6120/559

vt -5140.7 414.372
vt -5137.71 399.789
vt -5124.59 405.883
f 1501/6121/558 1396/6122/558 1397/6123/558

usemtl M_0128_White
vt 202.397 5835.35
vt 202.303 5829.9
f 1493/6106/608 1541/6105/608 1539/6124/608 1396/6125/608 

vt -4676.16 233.106
vt -4661.1 248.792
vt -4672.13 250.724
f 1513/6126/561 1539/6127/561 1504/6128/561

usemtl FrontColor
vt 1903.98 -1196
vt 1897.37 -1203.89
vt 1905.26 -1209.05
f 1505/6129/597 1525/6130/597 1510/6131/597

usemtl M_0128_White
vt 2506.84 -3307.09
vt 2504.67 -3305.72
vt 2509.28 -3331.52
vt 2529.81 -3321.56
f 1494/6132/528 1400/6133/528 1501/6134/528 1413/6135/528 

usemtl Color_M05
vt -2352.75 -3495.89
vt -2350.6 -3494.48
vt -2371.58 -3487.57
vt -2375.45 -3510.76
f 1494/6136/527 1400/6137/527 1405/6138/527 1413/6139/527 

usemtl M_0128_White
vt -5897.42 48.0323
f 1404/5837/828 1405/6140/828 1413/5840/828 1412/5839/828 

usemtl FrontColor
vt -5879.18 48.0323
f 1405/6140/827 1404/5837/827 1409/5850/827 1408/6141/827 

usemtl M_0128_White
f 1408/6141/826 1409/5850/826 1411/5853/826 1410/5852/826 

usemtl Color_M05
vt -1743.64 -3684.83
vt -1792.72 -3691.6
vt -1745.81 -3708.24
f 1405/6142/133 1486/6143/133 1413/6144/133

vt -1499.4 -4626.9
vt -1450.61 -4618.3
vt -1498.38 -4612.89
f 1486/6145/134 1405/6146/134 1479/6147/134

usemtl FrontColor
vt 746.213 -4686.55
vt 766.672 -4672.85
vt 763.433 -4659.18
f 1345/6148/517 1486/6149/517 1479/6150/517

vt -5897.42 42.8983
vt -5897.42 51.2597
vt -5908.71 42.8983
vt -5903.17 42.8983
f 1478/6151/793 1479/6152/793 1486/6153/793 1485/6154/793 

vt -5879.18 42.8983
vt -5879.18 51.2597
vt -5881.11 51.2597
vt -5881.28 51.2597
vt -5895.32 51.2597
vt -5895.48 51.2597
f 1479/6152/792 1478/6151/792 1355/6155/792 1351/6156/792 1490/6157/792 1489/6158/792 1488/6159/792 1487/6160/792 

vt -5897.42 25.1881
f 1478/6151/843 1366/6161/843 1356/5463/843 1355/6155/843 

vt -5912.04 25.1881
f 1478/6151/812 1485/6154/812 1486/6153/812 1367/6162/812 1366/6161/812 

usemtl M_0128_White
vt -5908.93 13.4184
f 1372/6163/762 1371/5458/762 1366/6161/762 1367/6162/762 

f 1371/5458/763 1372/6163/763 1360/5459/763

usemtl FrontColor
f 1366/6161/844 1371/5458/844 1357/5457/844 1356/5463/844 

vt -5873.42 42.8983
vt -5867.88 42.8983
f 1484/6164/768 1355/6155/768 1356/5463/768 1365/5462/768 1364/5461/768 1414/6165/768 

f 1351/6156/791 1355/6155/791 1484/6164/791 1414/6165/791 

vt -637.191 4701.88
vt -591.948 4722.62
vt -594.888 4736.36
vt -598.555 4733.37
f 1410/6166/75 1414/6167/75 1351/6168/75 1500/6169/75 

vt 5881.28 -637.148
vt 5881.11 -637.148
v 24.6067 1.29443 -149.386
vt 5881.35 -637.563
f 1489/6170/840 1490/6171/840 1542/6172/840

v 24.6067 1.29443 -149.739
vt 5895.24 -637.563
vt 5895.48 -637.148
vt 5895.32 -637.148
f 1543/6173/841 1487/6174/841 1488/6175/841

usemtl M_0128_White
vt -5913.02 22.4399
v 22.8367 0.569974 -150.116
vt -5910.07 22.4399
v 22.8367 0.569974 -150.076
vt -5908.51 22.4399
f 1402/5431/830 1400/5430/830 1501/6176/830 1544/6177/830 1545/6178/830 

v 22.8367 0.569974 -149.049
vt -5868.08 22.4399
v 22.8367 0.569974 -149.01
vt -5866.52 22.4399
vt -5863.58 22.4399
f 1387/5429/818 1406/5428/818 1546/6179/818 1547/6180/818 1386/6181/818 

vt -12.7237 15.4957
vt -21.7979 42.7443
vt -21.7979 22.4399
vt -21.7979 4.82331
f 1388/6182/819 1387/6183/819 1406/6184/819 1407/6185/819 

vt 3426.45 420.741
vt 3414 409.366
v 22.8433 0.233045 -148.89
vt 3425.03 407.431
f 1386/6186/655 1497/6187/655 1548/6188/655

vt -3299.81 -305.669
v 23.1425 -0.164556 -148.65
vt -3284.75 -321.355
vt -3288.79 -303.737
f 1548/6189/626 1549/6190/626 1497/6191/626

vt -5861.8 -533.319
vn -0.799128 -0.601161 7.56028e-14
v 23.1425 -0.164556 -149.086
vt -5869.54 -552.907
v 23.1425 -0.164556 -148.97
vt -5864.94 -552.907
v 23.1425 -0.164556 -148.767
vt -5856.95 -552.907
vt -5852.36 -552.907
f 1548/6192/911 1550/6193/911 1551/6194/911 1552/6195/911 1549/6196/911 

vt -5251 -1830.1
vt -5247.53 -1809.33
vt -5252.75 -1810.92
f 1550/6197/628 1548/6198/628 1378/6199/628

usemtl FrontColor
vt -5689.1 19.7375
vt -5692.63 5.27434
vt -5687.31 6.47258
f 1386/6200/614 1378/6201/614 1548/6202/614

vt -3964.5 -558.691
vt -3961.51 -544.108
vt -3977.62 -552.597
f 1378/6203/613 1386/6204/613 1383/6205/613

usemtl M_0128_White
v 23.016 0.233045 -148.91
vt -1584.64 -5575.03
vt -1584.54 -5580.49
vt -1577.7 -5580.49
vt -1577.79 -5575.03
f 1553/6206/98 1379/6207/98 1378/6208/98 1548/6209/98 

v 23.2654 0.233045 -148.939
vt -1594.52 -5575.03
vt -1594.43 -5580.49
v 23.2616 0.233045 -148.939
vt -1594.37 -5575.03
f 1554/6210/98 1380/6211/98 1379/6207/98 1553/6206/98 1555/6212/98 

usemtl FrontColor
vt -1600.14 -5580.49
v 23.3882 0.233045 -148.954
vt -1599.39 -5575.03
v 23.4093 0.233045 -148.956
vt -1600.23 -5575.03
f 1375/6213/98 1380/6211/98 1554/6210/98 1556/6214/98 1557/6215/98 

vt -1600.14 -147.695
v 23.3004 -0.042025 -149.086
vt -1596.57 -157.329
vt -1594.43 -147.695
f 1375/6216/99 1558/6217/99 1380/6218/99

vt 5816.32 420.05
vt 5816.29 430.326
vt 5810.99 431.604
f 1558/6219/646 1375/6220/646 1557/6221/646

usemtl M_0128_White
vt 5636.51 -232.924
vt 5641.83 -234.132
vt 5633.29 -220.13
f 1557/6222/97 1375/6223/97 1376/6224/97

vt -5879.18 -5.08665
vt -5869.7 -18.9803
vt -5860.98 -5.0912
f 1377/6225/656 1375/6226/656 1376/6227/656

vt 5652.28 -55.4917
vt 5645.82 -66.2581
vt 5655.86 -68.1884
f 1376/6228/620 1496/6229/620 1557/6230/620

usemtl FrontColor
vt 5757.51 437.949
v 23.4656 0.0861243 -148.97
vt 5768.86 429.854
vt 5767.53 435.925
f 1496/6231/621 1559/6232/621 1557/6233/621

vt 5864.94 -600.125
vn 0.757894 0.652377 -1.94481e-13
vt 5855.41 -589.948
v 23.4656 0.0861243 -148.767
vt 5856.95 -600.125
f 1559/6234/912 1496/6235/912 1560/6236/912

vt 3509.99 1018.47
vt 3503.38 1026.36
v 23.3004 -0.042025 -148.65
vt 3502.1 1013.3
f 1560/6237/623 1496/6238/623 1561/6239/623

usemtl M_0128_White
vt 5693.78 177.759
vt 5706.53 188.654
vt 5696.49 190.594
f 1561/6240/619 1557/6241/619 1496/6242/619

usemtl FrontColor
vt 5864.42 347.822
vt 5852.36 336.175
v 23.3004 -0.042025 -148.767
vt 5856.95 336.175
v 23.3004 -0.042025 -148.97
vt 5864.94 336.175
vt 5869.54 336.175
f 1557/6243/723 1561/6244/723 1562/6245/723 1563/6246/723 1558/6247/723 

usemtl M_0128_White
vt -5852.36 723.826
vn -0.612907 0.790155 1.06732e-13
vt -5856.95 732.058
vt -5856.95 723.826
f 1561/6248/913 1560/6249/913 1562/6250/913

v 23.6163 0.0844015 -148.767
vt 989.859 3908.6
vt 983.928 3908.7
vt 977.377 3901.92
f 1564/6251/642 1560/6252/642 1561/6253/642

vt 5856.95 -929.676
v 23.6163 0.0844015 -148.97
vt 5864.94 -929.676
vt 5864.94 -923.744
vt 5856.95 -923.744
f 1564/6254/730 1565/6255/730 1559/6256/730 1560/6257/730 

vt -5864.94 3.32289
vn -1 -1.90023e-14 9.96222e-14
v 23.6163 -0.0675612 -148.97
vt -5864.94 -2.65989
v 23.6163 -0.0675612 -148.767
vt -5856.95 -2.65989
vt -5856.95 3.32289
f 1565/6258/914 1566/6259/914 1567/6260/914 1564/6261/914 

v 23.6163 -0.0675612 -149.086
vt -5869.54 -2.65989
f 1565/6258/2 1568/6262/2 1566/6259/2

vt -872.279 -3575.18
vt -878.21 -3575.27
vt -878.169 -3582.81
f 1559/6263/637 1565/6264/637 1568/6265/637

v 24.1342 -0.107288 -149.031
vt -20.5029 -3593.76
vt -40.2242 -3584.29
vt -40.9747 -3591.8
f 1569/6266/632 1565/6267/632 1568/6268/632

vt 501.397 -2712.53
vt 521.558 -2721.02
v 24.1342 0.0505113 -148.949
vt 521.791 -2714.03
f 1565/6269/633 1569/6270/633 1570/6271/633

vt -5864.15 1.98864
vt -5867.37 -4.22396
v 24.1342 -0.107288 -148.949
vt -5864.15 -4.22396
f 1570/6272/2 1569/6273/2 1571/6274/2

vt -5869.54 -927.255
vn -0.0764804 -0.997071 4.28882e-15
vt -5867.37 -947.705
vt -5864.15 -947.705
v 24.1342 -0.107288 -148.787
vt -5857.75 -947.705
v 24.1342 -0.107288 -148.705
vt -5854.53 -947.705
v 23.6163 -0.0675612 -148.65
vt -5852.36 -927.255
vt -5856.95 -927.255
vt -5864.94 -927.255
f 1568/6275/915 1569/6276/915 1571/6277/915 1572/6278/915 1573/6279/915 1574/6280/915 1567/6281/915 1566/6282/915 

v 23.6163 -0.267479 -149.086
vt 302.655 -10.5307
vn -0.105952 -2.13827e-17 0.994371
v 24.1342 -0.267479 -149.031
vt 323.161 -10.5307
vt 323.161 -4.22396
vt 302.655 -2.65989
f 1575/6283/916 1576/6284/916 1569/6285/916 1568/6286/916 

vt -950.165 5867.37
vn 6.4466e-15 -1 -3.61261e-28
v 24.1342 -0.267479 -148.949
vt -950.165 5864.15
v 24.1342 -0.267479 -148.787
vt -950.165 5857.75
v 24.1342 -0.267479 -148.705
vt -950.165 5854.53
v 23.6163 -0.267479 -148.65
vt -929.774 5852.36
v 23.6163 -0.267479 -148.767
vt -929.774 5856.95
v 23.6163 -0.267479 -148.97
vt -929.774 5864.94
vt -929.774 5869.54
f 1576/6287/917 1577/6288/917 1578/6289/917 1579/6290/917 1580/6291/917 1581/6292/917 1582/6293/917 1575/6294/917 

vt -5864.15 -10.5307
vt -5867.37 -10.5307
f 1577/6295/2 1571/6274/2 1569/6273/2 1576/6296/2 

vt -5857.75 -4.22396
vt -5857.75 -10.5307
f 1572/6297/735 1571/6274/735 1577/6295/735 1578/6298/735 

v 24.1342 0.0505113 -148.787
vt -5857.75 1.98864
f 1583/6299/735 1570/6272/735 1571/6274/735 1572/6297/735 

vt 5864.94 -927.573
vn 0.0652952 0.997866 -4.94076e-15
vt 5856.95 -927.573
vt 5857.75 -948.008
vt 5864.15 -948.008
f 1565/6300/918 1564/6301/918 1583/6302/918 1570/6303/918 

vt 1446.05 3490.22
vt 1466.84 3496.07
vt 1446.46 3497.75
f 1574/6304/648 1583/6305/648 1564/6306/648

vt 1787.99 2582.39
vt 1767.04 2577.16
vt 1787.53 2575.41
f 1583/6307/649 1574/6308/649 1573/6309/649

vt 1544.61 -10.5307
vn 0.105952 5.34568e-18 0.994371
vt 1565.11 -10.5307
vt 1565.11 -4.22396
vt 1544.61 -2.65989
f 1580/6310/919 1579/6311/919 1573/6312/919 1574/6313/919 

vt -5854.53 -10.5307
vt -5854.53 -4.22396
f 1572/6297/2 1578/6298/2 1579/6314/2 1573/6315/2 

f 1573/6315/2 1583/6299/2 1572/6297/2

f 1549/6069/590 1580/6070/590 1574/6071/590 1561/6072/590 

vt -5856.95 -891.732
vn -0.212269 -0.977211 1.68765e-14
vt -5864.94 -891.732
vt -5869.54 -891.732
vt -5869.54 -910.821
vt -5864.94 -910.821
vt -5856.95 -910.821
vt -5852.36 -910.821
vt -5852.36 -891.732
f 1552/6316/920 1551/6317/920 1550/6318/920 1575/6319/920 1582/6320/920 1581/6321/920 1580/6322/920 1549/6323/920 

vt -5864.94 723.826
vt -5864.94 715.955
vt -5856.95 715.955
f 1562/6250/722 1563/6324/722 1551/6325/722 1552/6326/722 

vt -5864.94 732.058
vn -0.612907 0.790155 1.13216e-13
f 1559/6327/921 1563/6324/921 1562/6250/921 1560/6249/921 

vn -0.612907 0.790155 -1.52109e-13
vt -5869.54 723.826
f 1559/6327/922 1558/6328/922 1563/6324/922

vt -537.058 -3763.6
vt -524.65 -3762.3
vt -531.446 -3755.77
f 1568/6329/638 1558/6330/638 1559/6331/638

usemtl FrontColor
f 1575/5972/639 1550/5973/639 1558/5974/639 1568/5975/639 

usemtl M_0128_White
vt -1358.84 -576.886
vt -1377.69 -586.567
vt -1371.49 -591.416
f 1378/6332/615 1558/6333/615 1550/6334/615

usemtl FrontColor
vt -1577.7 -147.695
vt -1584.54 -147.695
f 1380/6218/99 1558/6217/99 1378/6335/99 1379/6336/99 

usemtl M_0128_White
vn -0.612907 0.790155 -1.44603e-13
vt -5869.54 715.955
f 1551/6325/923 1563/6324/923 1558/6328/923 1550/6337/923 

vt -5852.36 -914.489
vn -0.0805852 -0.996748 4.47969e-15
vt -5856.95 -914.489
vt -5864.94 -914.489
vt -5869.54 -914.489
vt -5869.54 -926.965
vt -5864.94 -926.965
vt -5856.95 -926.965
vt -5852.36 -926.965
f 1561/6338/924 1562/6339/924 1563/6340/924 1558/6341/924 1568/6342/924 1566/6343/924 1567/6344/924 1574/6345/924 

vn -0.612907 0.790155 5.3384e-14
vt -5852.36 715.955
f 1562/6250/925 1552/6326/925 1549/6346/925 1561/6248/925 

vt 495.367 541.683
vt 485.304 554.495
vt 489.164 536.838
f 1561/6347/625 1497/6348/625 1549/6349/625

vt 1584.9 1336.9
vt 1594.56 1323.78
vt 1594.78 1336.9
f 1497/6350/624 1561/6351/624 1496/6352/624

vt -1594.78 -5562.07
vt -1594.52 -5570.72
vt -1594.37 -5570.72
vt -1584.64 -5570.72
vt -1584.9 -5562.07
f 1496/6353/654 1554/6354/654 1555/6355/654 1553/6356/654 1497/6357/654 

vt -1600.23 -5570.72
vt -1599.39 -5570.72
f 1496/6353/654 1557/6358/654 1556/6359/654 1554/6354/654 

vt -1577.79 -5570.72
f 1497/6357/654 1553/6356/654 1548/6360/654

vt -5864.94 -10.5307
vt -5869.54 -10.5307
f 1582/6361/2 1566/6259/2 1568/6262/2 1575/6362/2 

vt -5856.95 -10.5307
f 1567/6260/729 1566/6259/729 1582/6361/729 1581/6363/729 

vt -5852.36 -10.5307
vt -5852.36 -2.65989
f 1567/6260/2 1581/6363/2 1580/6364/2 1574/6365/2 

vn -1 -3.80047e-14 -1.28181e-29
f 1574/6365/926 1564/6261/926 1567/6260/926

vt 1278.39 3518.4
vt 1290.8 3517.13
vt 1291.09 3524.67
f 1561/6366/738 1574/6367/738 1564/6368/738

usemtl FrontColor
vt -1756.53 -1365.55
vt -1762.63 -1376.71
vt -1754.77 -1371.51
f 1557/6369/645 1558/6370/645 1559/6371/645

vt -680.466 -3423.51
vn -0.229797 -0.580863 0.780892
vt -714.5 -3406.27
vt -718.469 -3429.49
f 1344/6372/927 1480/6373/927 1345/6374/927

vn -2.56365e-14 1.10762e-30 -1
vt -1026.66 39.3948
f 1359/4428/928 1362/4429/928 1348/4430/928 1482/4494/928 1481/4495/928 1480/4423/928 1344/6375/928 1415/4425/928 1257/4426/928 1265/4427/928 

usemtl M_0128_White
f 1368/5760/787 1359/5303/787 1362/5302/787 1369/5761/787 

usemtl FrontColor
f 1362/5302/799 1361/5301/799 1363/5306/799 1354/5305/799 1349/5279/799 1348/5756/799 

usemtl M_0128_White
vt -5863.37 12.3413
f 1350/5280/801 1349/5279/801 1354/5305/801 1358/6376/801 1340/5277/801 1342/5281/801 

usemtl FrontColor
vn -2.56365e-14 7.69064e-29 -1
f 1354/4429/929 1349/4430/929 1341/4423/929 1279/6375/929 1280/4425/929 1258/4426/929 1264/4427/929 1353/4428/929 

vn -1 8.18604e-31 1.56911e-14
f 1341/5278/930 1480/5764/930 1481/5763/930 1482/5762/930 1348/5756/930 1349/5279/930 

vt -5899.17 -902.025
vn -0.367872 -0.929876 2.89764e-15
vt -5899.17 -940.177
vt -5888.3 -940.177
vt -5877.43 -940.177
vt -5877.43 -902.025
f 1480/6377/931 1344/6378/931 1343/6379/931 1279/6380/931 1341/6381/931 

vn -1 2.38464e-14 -1.04607e-14
vt -5888.3 39.3948
vt -5899.17 39.3948
vt -5899.17 29.8599
f 1279/5258/932 1343/6382/932 1344/6383/932 1415/6384/932 1280/5259/932 

usemtl Color_M05
vt 5877.43 -1009.91
vn 0.145987 0.989286 2.919e-18
vt 5880.3 -1013.1
vt 5888.3 -1013.1
vt 5888.3 -1009.91
f 1279/6385/933 1278/6386/933 1329/6387/933 1343/6388/933 

usemtl FrontColor
vt 1047.21 5871.61
f 1278/4964/195 1337/6389/195 1338/4961/195 1335/4962/195 1329/4963/195 

vt 5870.28 29.9204
vt 5874.45 29.9204
f 1230/6390/212 1231/6391/212 1338/5240/212 1337/5239/212 

vt 5868.01 25.86
v 26.5991 0.656845 -149.211
vt 5874.45 25.86
f 1231/6391/212 1230/6390/212 1236/6392/212 1584/6393/212 

v 26.9891 0.759978 -149.151
v 26.9891 0.759978 -149.563
v 26.9891 0.759978 -149.045
vt 1062.56 5867.92
f 1585/5084/195 1586/5082/195 1232/4962/195 1231/4961/195 1230/4960/195 1587/6394/195 

v 27.2652 0.759978 -149.563
vt 1073.43 5888.3
v 27.2652 0.759978 -149.139
vt 1073.43 5871.61
v 27.2652 0.759978 -149.291
vt 1073.43 5877.61
f 1588/6395/195 1586/5082/195 1585/5084/195 1587/6394/195 1589/6396/195 1590/6397/195 

v 26.9891 0.656845 -149.563
vt -1062.56 25.86
vt -1062.56 29.9204
vt -1073.43 29.9204
v 27.2652 0.656845 -149.563
vt -1073.43 25.86
f 1591/6398/1 1586/6399/1 1588/6400/1 1592/6401/1 

v 26.9891 0.656845 -149.151
vt 5872.09 25.86
vt 5888.3 25.86
vt 5888.3 29.9204
vt 5872.09 29.9204
f 1593/6402/212 1591/6403/212 1586/6404/212 1585/6405/212 

f 1286/5093/212 1284/5092/212 1591/6403/212 1593/6402/212 

v 27.2652 0.594571 -148.933
vt 1073.43 5863.49
v 27.2652 0.594571 -149.563
f 1285/5083/195 1594/6406/195 1595/6395/195 1284/5082/195 1286/5084/195 

vt -1603.18 5019.91
v 27.2652 0.656845 -149.045
vt -1614.5 5024.93
vt -1614.09 5019.91
f 1285/6407/392 1596/6408/392 1594/6409/392

vt -2240.51 4354.16
vt -2228.76 4350.21
v 26.9891 0.656845 -148.987
vt -2229.41 4354.16
f 1596/6410/393 1285/6411/393 1597/6412/393

vt 5865.65 25.86
vt 5862.48 23.4083
f 1593/6402/212 1597/6413/212 1285/6414/212 1286/5093/212 

vt -1073.43 5867.9
f 1596/6415/3 1597/5119/3 1593/5103/3 1591/5100/3 1592/5101/3 

usemtl Color_M05
vt 2241.26 3711.64
vt 2229.41 3706.2
vt 2240.51 3706.2
f 1589/6416/258 1597/6417/258 1596/6418/258

vt 2891.1 2463.78
vt 2903.31 2468.38
vt 2891.83 2468.38
f 1597/6419/259 1589/6420/259 1587/6421/259

vt 2903.31 142.416
vn 0.32127 0.0215719 0.946742
v 26.9891 0.988823 -149.05
vt 2891.9 151.428
vt 2891.83 142.416
f 1589/6422/934 1598/6423/934 1587/6424/934

usemtl FrontColor
vt 2802.66 38.93
vn 0.305171 3.38605e-17 0.952298
vt 2814.07 29.9204
v 27.2652 0.988823 -149.139
vt 2814.07 38.93
f 1598/6425/935 1589/6426/935 1599/6427/935

vt -4586.44 29.9204
vn -0.640766 9.15496e-18 -0.767737
vt -4586.44 38.93
v 27.3313 0.883865 -149.194
vt -4589.83 34.7978
v 27.3313 0.817189 -149.194
vt -4589.83 32.1728
f 1589/6428/936 1599/6429/936 1600/6430/936 1601/6431/936 

vt 5871.61 29.9204
vt 5877.61 29.9204
v 27.2652 0.817189 -149.563
vt 5888.3 32.1728
v 27.2652 0.883865 -149.563
vt 5888.3 34.7978
v 27.2652 0.988823 -149.563
v 27.2652 0.988823 -149.267
vt 5876.65 38.93
f 1599/5239/212 1589/6432/212 1590/6433/212 1588/6404/212 1602/6434/212 1603/6435/212 1604/5241/212 1605/6436/212 

vt -5877.61 1037.97
vn -0.283176 0.959068 4.63709e-17
vt -5871.61 1037.97
v 27.443 0.812477 -149.321
vt -5878.79 1045.27
f 1590/6437/937 1589/6438/937 1606/6439/937

v 27.4992 0.759978 -149.327
vt 1082.64 5879
v 27.4992 0.759978 -149.563
vt 1082.64 5888.3
f 1589/6396/195 1607/6440/195 1608/6441/195 1588/6395/195 1590/6397/195 

vt 4522.79 2010.48
vt 4512.83 2008.08
vt 4524.64 2008.08
v 27.459 0.817189 -149.338
vt 4523.68 2010.69
f 1606/6442/444 1589/6443/444 1607/6444/444 1609/6445/444 

vt -5111.18 -642.014
vt -5101.17 -644.132
vt -5104.52 -641.824
vt -5112.08 -641.824
f 1606/6446/445 1589/6447/445 1601/6448/445 1609/6449/445 

v 27.459 0.817189 -149.372
vt -1081.06 5880.78
vt -1081.06 5879.43
vt -1076.04 5873.78
v 27.3313 0.817189 -149.563
vt -1076.04 5888.3
v 27.459 0.817189 -149.563
vt -1081.06 5888.3
f 1610/6450/3 1609/6451/3 1601/6452/3 1611/6453/3 1612/6454/3 

vt -5879.43 1045.92
vn -0.283176 0.959068 5.70288e-14
vt -5880.78 1045.92
f 1609/6455/938 1610/6456/938 1590/6437/938 1606/6439/938 

vt -5104.52 34.7978
v 27.459 0.883865 -149.338
vt -5112.08 34.7978
vt -5112.08 32.1728
vt -5104.52 32.1728
f 1600/6457/443 1613/6458/443 1609/6459/443 1601/6460/443 

v 27.4992 0.988823 -149.374
vt -5114.2 -134.724
vt -5112.08 -138.863
vt -5104.52 -138.863
f 1614/6461/440 1613/6462/440 1600/6463/440

vt 4120.33 381.589
v 27.5921 0.759978 -149.413
vt 4126.34 376.696
vt 4122.44 385.734
f 1613/6464/441 1615/6465/441 1614/6466/441

vt 3835.5 29.9204
vt 3829.49 34.7978
vt 3829.49 32.1728
f 1615/6467/677 1613/6468/677 1609/6469/677

vt -4787.52 1905.99
vt -4786.66 1908.64
vt -4792.51 1905.99
f 1607/6470/475 1609/6471/475 1615/6472/475

v 27.5921 0.759978 -149.563
vt 1086.3 5888.3
vt 1086.3 5882.39
f 1616/6473/195 1608/6441/195 1607/6440/195 1615/6474/195 

v 27.4992 0.656845 -149.563
vt -1082.64 25.86
vt -1082.64 29.9204
vt -1086.3 29.9204
v 27.5921 0.656845 -149.563
vt -1086.3 25.86
f 1617/6475/1 1608/6476/1 1616/6477/1 1618/6478/1 

f 1592/6401/1 1588/6400/1 1608/6476/1 1617/6475/1 

vt 5867.9 25.86
f 1588/6404/212 1590/6433/212 1589/6432/212 1596/6479/212 1592/6403/212 

vt 5871.61 -1014.69
vn 0.300875 0.953664 8.0678e-16
v 27.5921 0.656845 -149.32
vt 5878.76 -1028.19
v 27.3672 0.727803 -149.93
vt 5902.76 -1018.9
v 27.2652 0.759978 -149.987
vt 5904.99 -1014.69
v 27.2652 0.759978 -149.834
vt 5898.99 -1014.69
vt 5888.3 -1014.69
vt 5877.61 -1014.69
f 1589/6480/939 1619/6481/939 1620/6482/939 1621/6483/939 1622/6484/939 1588/6485/939 1590/6486/939 

usemtl Color_M05
vt 5742.71 1504.2
vn 0.392658 0.898406 0.19669
vt 5730.55 1513.45
v 27.4992 0.656845 -149.135
vt 5734.54 1504.2
f 1619/6487/940 1589/6488/940 1623/6489/940

usemtl FrontColor
vt -4527.34 2059.58
vn -0.534011 -0.521876 -0.665189
vt -4512.83 2064.34
vt -4524.64 2064.34
f 1619/6490/941 1589/6491/941 1607/6492/941

vt -4790.04 1985.59
vn -0.567651 -0.549049 -0.613447
vt -4787.52 1990.45
vt -4792.51 1990.45
f 1619/6493/942 1607/6494/942 1615/6495/942

vt -5600.9 897.252
vt -5604.02 901.722
v 27.6713 0.656845 -149.452
vt -5606.96 897.252
f 1619/6496/390 1615/6497/390 1624/6498/390

vt 5882.39 29.9204
vt 5878.76 25.86
f 1615/6499/212 1619/6500/212 1618/6403/212 1616/6404/212 

v 27.5921 0.594571 -149.262
vt 5876.47 23.4083
v 27.5921 0.594571 -149.361
vt 5880.34 23.4083
v 27.5921 0.594571 -149.563
f 1619/6500/212 1625/6501/212 1626/6502/212 1627/5092/212 1618/6403/212 

vt -5257.41 1457.58
v 27.6713 0.594571 -149.361
vt -5260.6 1454.74
vt -5255.64 1454.74
f 1619/6503/306 1628/6504/306 1625/6505/306

vt -5603.86 1280.73
vt -5600.9 1283.81
vt -5606.96 1283.81
f 1628/6506/305 1619/6507/305 1624/6508/305

vt 1086.3 5878.76
vt 1089.42 5883.95
v 27.6713 0.656845 -149.563
vt 1089.42 5888.3
f 1619/6509/195 1624/6510/195 1629/6511/195 1618/6473/195 

vt 5882.39 -637.571
vn 0.793347 0.608769 -0
vt 5883.95 -642.689
vt 5888.3 -642.689
vt 5888.3 -637.571
f 1615/6512/943 1624/6513/943 1629/6514/943 1616/6515/943 

vt 5883.95 -959.343
vn 0.453295 0.89136 1.01015e-17
v 27.7937 0.594571 -149.412
vt 5882.37 -964.752
v 27.7937 0.594571 -149.563
vt 5888.3 -964.752
vt 5888.3 -959.343
f 1624/6516/944 1630/6517/944 1631/6518/944 1629/6519/944 

vt -3292.6 4034.91
vt -3294 4039.05
vt -3297.83 4034.91
f 1628/6520/304 1624/6521/304 1630/6522/304

vt 5883.95 25.86
v 27.6713 0.594571 -149.563
f 1624/6523/212 1628/6502/212 1632/5092/212 1629/6403/212 

v 27.6713 0.36021 -149.187
vt 5873.49 14.1815
v 27.6713 0.36021 -149.563
f 1628/6502/212 1633/6524/212 1634/5091/212 1632/5092/212 

vt -5255.27 1212.5
vt -5255.64 1222.68
vt -5260.6 1222.68
f 1633/6525/307 1625/6526/307 1628/6527/307

vt -3926.08 1871.56
vt -3927.24 1861.44
v 27.5921 0.36021 -149.14
vt -3923.62 1861.44
f 1625/6528/308 1633/6529/308 1635/6530/308

v 27.5921 0.36021 -149.563
vt 1086.3 5871.65
vt 1089.42 5873.49
f 1634/6511/195 1636/6473/195 1635/6531/195 1633/6532/195 

vt -1089.42 23.4083
vt -1089.42 14.1815
vt -1086.3 14.1815
vt -1086.3 23.4083
f 1632/6533/1 1634/6534/1 1636/6535/1 1627/6536/1 

v 27.6713 0.36021 -149.939
vt 5903.11 14.1815
v 27.6713 0.594571 -149.765
vt 5896.26 23.4083
f 1637/6537/212 1638/6538/212 1632/5092/212 1634/5091/212 

v 27.7937 0.36021 -149.895
vt -949.187 -3384.01
vt -952.007 -3372.75
vt -954.305 -3384.01
f 1639/6539/368 1638/6540/368 1637/6541/368

vt -1291.82 -3388.26
vt -1289.38 -3399.61
v 27.7937 0.594571 -149.713
vt -1286.59 -3388.26
f 1638/6542/369 1639/6543/369 1640/6544/369

vt -1305.19 -3394.98
v 28.0619 0.36021 -149.781
vt -1293.71 -3394.98
vt -1302.38 -3383.64
f 1639/6545/370 1641/6546/370 1640/6547/370

v 28.0619 0.306819 -149.809
vt 1294.14 -2505.94
vt 1305.19 -2503.61
vt 1293.71 -2503.61
v 28.0619 0.307712 -149.808
vt 1294.13 -2505.9
f 1642/6548/371 1639/6549/371 1641/6550/371 1643/6551/371 

vt 5897.98 -1081.17
vt 5901.39 -1070.4
v 27.7937 0.36021 -149.847
vt 5899.5 -1070.4
f 1642/6552/372 1639/6553/372 1644/6554/372

usemtl Color_M00
vt 1352.82 -2678.7
vt 1341.78 -2681.07
v 27.7937 0.307712 -149.925
vt 1353.28 -2681.03
f 1639/6555/373 1642/6556/373 1645/6557/373

usemtl FrontColor
vt -1332.51 12.0795
vn -0.397786 -2.25631e-17 0.917478
vt -1344.01 12.1146
v 27.7937 0.213558 -149.925
vt -1344.01 8.40779
v 28.0619 0.213558 -149.809
vt -1332.51 8.40779
f 1642/6558/945 1645/6559/945 1646/6560/945 1647/6561/945 

vt 420.096 12.1146
vn -0.113024 1.65788e-17 0.993592
v 27.6713 0.213558 -149.939
vt 415.244 8.40779
vt 420.096 8.40779
f 1645/6562/946 1648/6563/946 1646/6564/946

vt -1050.22 1797.12
vt -1045.52 1801.01
v 27.6713 0.307443 -149.971
vt -1050.66 1801
f 1648/6565/361 1645/6566/361 1649/6567/361

usemtl Color_M05
vt 1040.36 -2757.84
vt 1034.81 -2755.49
vt 1035.21 -2757.82
f 1649/6568/362 1639/6569/362 1645/6570/362

vt 949.187 -2916.54
vt 954.725 -2918.93
vt 954.305 -2916.54
f 1639/6571/363 1649/6572/363 1637/6573/363

usemtl FrontColor
vt 5904.36 12.1041
v 27.6713 0.307712 -149.563
v 27.6713 0.307712 -149.939
vt 5903.11 12.1146
f 1649/6574/212 1637/6537/212 1634/5091/212 1650/5095/212 1651/6575/212 

usemtl Color_M05
v 27.5921 0.307712 -150.007
vt 1499.45 -2781.53
vt 1495.49 -2779.17
vt 1496.01 -2781.54
f 1652/6576/364 1637/6577/364 1649/6578/364

vt 2066.82 -1867.37
vt 2070.87 -1869.57
v 27.5921 0.36021 -149.986
vt 2070.44 -1867.37
f 1637/6579/365 1652/6580/365 1653/6581/365

usemtl FrontColor
v 27.4992 0.36021 -150.083
vt -3518.83 -1318.38
vn -0.694694 -0.273593 0.665242
vt -3514.15 -1320.53
vt -3513.53 -1318.38
f 1654/6582/947 1652/6583/947 1653/6584/947

vt -2513.15 851.117
vn -0.569053 0.153868 0.807777
vt -2517.85 853.208
v 27.4992 0.307712 -150.073
vt -2517.62 851.117
f 1652/6585/948 1654/6586/948 1655/6587/948

usemtl Color_M05
v 27.2652 0.307712 -150.144
vt 696.131 1081.64
vn 0.286752 -0.179261 -0.941084
v 27.3486 0.326429 -150.122
vt 692.739 1082.39
vt 686.618 1083.74
vt 686.503 1081.64
f 1656/6588/949 1657/6589/949 1654/6590/949 1655/6591/949 

vt 456.138 12.8515
vn 0.253406 1.23087e-14 -0.96736
vt 459.532 12.1146
v 27.2652 0.36021 -150.144
vt 459.532 14.1815
vt 450.012 14.1815
f 1657/6592/950 1656/6593/950 1658/6594/950 1654/6595/950 

usemtl FrontColor
vt 5911.18 12.1146
vt 5911.18 14.1815
v 27.2652 0.307712 -149.568
vt 5888.5 12.1146
f 1656/6596/212 1658/6597/212 1308/5091/212 1305/5095/212 1659/6598/212 

usemtl Color_M05
vt -1201.28 12.1146
v 26.9891 0.307712 -150.138
vt -1190.4 12.1146
v 26.9891 0.36021 -150.138
vt -1190.4 14.1815
vt -1201.28 14.1815
f 1656/6599/248 1660/6600/248 1661/6601/248 1658/6602/248 

usemtl FrontColor
vt -1062.56 5910.95
vt -1073.43 5911.18
vt -1073.43 5888.5
v 26.9891 0.307712 -149.974
vt -1062.56 5904.51
f 1660/6603/3 1656/6604/3 1659/6605/3 1305/5101/3 1291/5100/3 1662/6606/3 

usemtl Color_M05
vt -1201.28 3086.07
v 27.1668 0.274144 -150.121
vt -1197.38 3084.52
v 26.9891 0.213558 -150.08
vt -1190.36 3081.72
vt -1190.4 3086.07
f 1656/6607/249 1663/6608/249 1664/6609/249 1660/6610/249 

vt -822.095 3720.26
vt -825.929 3721.95
v 27.2652 0.213558 -150.069
vt -826.053 3717.21
vt -815.173 3717.21
f 1663/6611/250 1656/6612/250 1665/6613/250 1664/6614/250 

vt 88.6292 3715.61
vn 0.152025 -0.616938 -0.772189
v 27.3486 0.274144 -150.101
vt 85.0787 3713.93
v 27.4992 0.213558 -150.023
vt 78.6706 3710.9
vt 88.0571 3710.9
f 1656/6615/951 1666/6616/951 1667/6617/951 1665/6618/951 

vt 692.494 2711.95
vn 0.259867 -0.4529 -0.852849
vt 696.131 2713.43
vt 686.503 2713.43
vt 685.929 2709.27
f 1666/6619/952 1656/6620/952 1655/6621/952 1667/6622/952 

usemtl FrontColor
vt -1082.64 5908.38
v 27.4992 0.307712 -150.023
vt -1082.64 5906.41
v 27.4992 0.307712 -149.948
vt -1082.64 5903.46
f 1656/6604/3 1655/6623/3 1668/6624/3 1669/6625/3 1311/5133/3 1305/5101/3 1659/6605/3 

vt -1086.3 5905.8
v 27.5921 0.307712 -149.986
vt -1086.3 5904.95
v 27.5921 0.307712 -149.563
vt -1086.3 5888.3
f 1655/6623/3 1652/6626/3 1670/6627/3 1671/6628/3 1311/5133/3 1669/6625/3 1668/6624/3 

vt -2517.62 1016.78
vn -0.56605 0.184256 0.803515
v 27.5921 0.213558 -149.986
vt -2512.66 1013.01
vt -2513.15 1016.78
f 1655/6629/953 1672/6630/953 1652/6631/953

vt -1178.77 2611.82
vn -0.332275 0.442365 0.833011
vt -1183.44 2615.96
vt -1182.71 2611.82
f 1672/6632/954 1655/6633/954 1667/6634/954

vt 5906.41 8.40779
vt 5908.38 12.1146
vt 5906.41 12.1146
f 1667/6635/212 1655/6636/212 1668/6637/212

vt 5908.77 14.1815
v 27.4992 0.36021 -150.023
vt 5906.41 14.1815
f 1668/6637/212 1655/6636/212 1654/6638/212 1673/6639/212 

vt 1086.3 5904.95
vt 1082.64 5908.77
vt 1082.64 5906.41
v 27.4992 0.36021 -150.005
vt 1082.64 5905.71
v 27.4992 0.36021 -149.563
f 1653/6640/195 1654/6641/195 1673/6642/195 1674/6643/195 1675/6441/195 1636/6473/195 

v 27.5921 0.594571 -149.863
vt -3510.05 -1633.61
vn -0.679147 -0.340293 0.650354
vt -3518.83 -1643.42
vt -3513.53 -1643.42
f 1676/6644/955 1654/6645/955 1653/6646/955

vt -4561.96 -485.172
vn -0.857162 -0.12774 0.498954
vt -4552.64 -475.869
v 27.4992 0.594571 -150.023
vt -4559.92 -475.869
f 1654/6647/956 1676/6648/956 1677/6649/956

usemtl Color_M05
v 27.4992 0.656845 -149.991
vt 4558.83 -953.733
vn 0.836675 0.250555 -0.487028
vt 4552.64 -956.265
vt 4559.92 -956.265
f 1678/6650/957 1676/6651/957 1677/6652/957

vt 4788.76 -1367.99
vn 0.825353 0.38453 -0.413435
vt 4794.89 -1365.33
v 27.5921 0.656845 -149.805
vt 4786.72 -1365.33
f 1676/6653/958 1678/6654/958 1679/6655/958

usemtl FrontColor
v 27.4992 0.656845 -149.805
vt 1082.64 5897.84
vt 1086.3 5897.84
vt 1082.64 5905.15
f 1680/6656/195 1679/6657/195 1678/6658/195

f 1679/6657/195 1680/6656/195 1617/6441/195 1618/6473/195 

v 27.4992 0.594571 -149.563
vt -1082.64 23.4083
f 1681/6659/1 1617/6475/1 1618/6478/1 1627/6536/1 

vt -1073.43 23.4083
f 1595/6660/1 1592/6401/1 1617/6475/1 1681/6659/1 

vt 5863.49 23.4083
f 1596/6479/212 1594/6661/212 1595/5092/212 1592/6403/212 

usemtl Color_M05
vt 3110.71 4378.7
vn 0.184306 0.858757 0.478088
vt 3122.16 4383.48
vt 3112.29 4383.48
f 1594/6662/959 1623/6663/959 1596/6664/959

vt 4327.54 1604.26
vn 0.542759 0.384222 0.74685
vt 4315.41 1601.61
v 27.4992 0.594571 -149.103
vt 4326.79 1601.61
f 1623/6665/960 1594/6666/960 1682/6667/960

usemtl FrontColor
vt 1082.64 5870.19
f 1594/6406/195 1682/6668/195 1681/6441/195 1595/6395/195 

usemtl Color_M05
vt 4315.41 856.87
vn 0.575669 0.202799 0.792135
vt 4325.4 847.447
vt 4326.79 856.87
f 1594/6669/961 1309/6670/961 1682/6671/961

vt 2534.25 -1051.19
vn 0.248432 -0.197168 0.948371
vt 2524.24 -1041.78
vt 2524.73 -1051.19
f 1309/6672/962 1594/6673/962 1306/6674/962

usemtl FrontColor
vt -935.205 -1184.2
vt -946.12 -1174.77
vt -946.078 -1184.2
f 1307/6675/214 1594/6676/214 1306/6677/214

vt -1614.09 -1834.72
vt -1603.47 -1844.47
vt -1603.18 -1834.72
f 1594/6678/213 1307/6679/213 1285/6680/213

vt -142.994 -1902.22
vt -159.01 -1892.48
vt -158.529 -1902.22
f 1240/6681/492 1285/6682/492 1307/6683/492

vt 160.149 -1425.49
vt 144.472 -1425.49
vt 160.627 -1435
f 1238/6684/493 1285/6685/493 1240/6686/493

vt 160.627 4107.53
vt 144.472 4104.16
vt 160.149 4104.16
f 1236/6687/256 1285/6688/256 1238/6689/256

vt -158.529 4708.48
vt -159.01 4704.5
vt -142.994 4708.48
f 1597/6690/257 1285/6691/257 1236/6692/257

usemtl Color_M05
vt 158.183 2911.37
vt 142.994 2906.73
vt 158.529 2906.73
f 1587/6693/412 1236/6694/412 1597/6695/412

vt 142.649 2911.37
f 1236/6694/412 1587/6693/412 1230/6696/412

vt 158.183 888.54
vt 142.447 897.645
vt 142.649 888.54
f 1587/6697/268 1337/6698/268 1230/6699/268

usemtl FrontColor
vt 5871.61 -883.494
vt 5867.92 -901.296
vt 5874.45 -883.494
f 1337/6700/267 1587/6701/267 1338/6702/267

usemtl Color_M05
vt -277.879 171.274
vt -262.089 162.262
vt -262.134 171.274
f 1337/6703/266 1587/6704/266 1598/6705/266

usemtl FrontColor
vt 262.134 2993.7
vt 277.879 2993.7
vt 279.146 3004.95
f 1598/6706/408 1337/6707/408 1336/6708/408

vt 1062.56 5868.13
v 26.9891 0.988823 -149.151
v 26.9891 0.988823 -149.503
v 26.9891 0.988823 -149.563
f 1337/6389/195 1598/6709/195 1683/5084/195 1684/5202/195 1685/5082/195 1335/4962/195 1338/4961/195 

vt 5877.34 -857.624
vt 5868.13 -875.818
vt 5872.09 -875.818
vt 5880.3 -857.624
f 1336/6710/469 1598/6711/469 1683/6712/469 1339/6713/469 

usemtl Color_M05
vt 158.152 3430.24
v 26.9891 1.11279 -149.137
vt 157.631 3436.18
v 26.8707 1.23675 -149.243
vt 152.394 3442.12
vt 141.576 3442.12
f 1598/6714/470 1686/6715/470 1687/6716/470 1336/6717/470 

usemtl FrontColor
vt 5872.09 38.93
vt 5885.94 38.93
v 26.9891 1.23675 -149.563
v 26.9891 1.23675 -149.3
vt 5877.94 48.691
v 26.9891 1.23675 -149.224
vt 5874.98 48.691
vt 5871.55 43.8105
vt 5868.13 38.93
f 1683/6718/212 1684/6719/212 1685/5241/212 1688/5242/212 1689/6720/212 1690/6721/212 1686/6722/212 1598/6723/212 

vt 1073.43 5876.65
f 1598/6709/195 1599/6396/195 1605/6724/195 1604/6395/195 1685/5082/195 1684/5202/195 1683/5084/195 

vt -2802.66 3447.97
v 27.2652 1.23675 -149.361
vt -2816.75 3460.8
vt -2814.07 3447.97
f 1598/6725/263 1691/6726/263 1599/6727/263

vt -5868.13 816.62
vt -5880.36 831.23
vt -5872.09 816.62
f 1598/6728/264 1691/6729/264 1683/6730/264

vt -3572.05 2593.12
vt -3556.88 2581.59
vt -3558.4 2587.35
vt -3559.92 2593.12
f 1691/6731/265 1598/6732/265 1686/6733/265 1690/6734/265 

usemtl Color_M05
vt 157.11 3442.12
f 1690/6735/470 1687/6716/470 1686/6715/470

usemtl FrontColor
vt 1047.21 5880.3
vt 1047.21 5877.34
vt 1057.9 5875.69
vt 1062.56 5874.98
vt 1062.56 5877.94
f 1339/6736/195 1336/6737/195 1687/6738/195 1690/6739/195 1689/6740/195 1688/5082/195 1334/4962/195 

vt 1041.48 5881.3
vt 1041.48 5888.3
f 1331/6741/195 1336/6737/195 1339/6736/195 1334/4962/195 1330/6742/195 

usemtl Color_M05
v 26.5991 1.35857 -149.488
vt -2482.69 4426.01
vt -2485.11 4417.87
vt -2478.14 4417.87
f 1692/6743/468 1331/6744/468 1336/6745/468

v 26.5991 1.35857 -149.563
vt -5888.3 837.48
vt -5885.34 837.48
f 1693/6746/404 1330/5228/404 1331/5231/404 1692/6747/404 

usemtl FrontColor
vt -1047.21 53.487
f 1330/5237/1 1693/6748/1 1334/5234/1

usemtl Color_M05
v 26.5991 1.35857 -149.638
vt -5891.26 837.48
f 1330/5228/405 1693/6746/405 1694/6749/405 1332/5232/405 

usemtl FrontColor
v 26.5991 1.23675 -149.841
vt 5899.26 48.691
vt 5891.26 53.487
vt 5888.3 53.487
v 26.5991 1.23675 -149.766
vt 5896.29 48.691
f 1695/6750/212 1694/6751/212 1693/6752/212 1334/5242/212 1696/6753/212 

usemtl Color_M05
vt -4207.03 -3413.27
vt -4209.45 -3405.13
vt -4213.99 -3413.27
f 1332/6754/403 1694/6755/403 1695/6756/403

v 26.9771 1.24051 -149.893
vt -1946.85 -4823.17
v 26.9891 1.23675 -149.901
vt -1947.37 -4823.46
v 26.8707 1.23675 -149.883
vt -1942.65 -4823.46
vt -1931.83 -4823.46
vt -1930.62 -4814.21
v 26.838 1.28394 -149.799
vt -1940.88 -4819.88
f 1697/6757/428 1698/6758/428 1699/6759/428 1695/6760/428 1694/6761/428 1700/6762/428 

usemtl FrontColor
vt 1062.09 -5334.64
vn -3.80671e-15 -0.907455 0.42015
vt 1062.56 -5334.99
v 26.9891 1.29766 -149.77
vt 1062.56 -5329.29
v 26.9891 1.35857 -149.638
vt 1062.56 -5323.58
vt 1047.21 -5323.58
vt 1056.62 -5330.57
f 1697/6763/963 1698/6764/963 1701/6765/963 1702/6766/963 1694/6767/963 1700/6768/963 

vt 5901.62 -999.719
vn 0.298154 0.954518 4.14669e-15
vt 5901.3 -999.222
v 26.9762 1.24078 -149.817
vt 5898.31 -999.187
v 26.9891 1.23675 -149.826
vt 5898.66 -999.719
f 1698/6769/964 1697/6770/964 1703/6771/964 1704/6772/964 

vn 0.298154 0.954518 1.17567e-14
vt 5897.6 -993.488
v 26.8553 1.27854 -149.736
vt 5895.1 -994.2
f 1697/6770/965 1700/6773/965 1705/6774/965 1703/6771/965 

vt 5888.3 -983.633
vn 0.298154 0.954518 7.28447e-15
vt 5891.26 -983.633
f 1693/6775/966 1705/6774/966 1700/6773/966 1694/6776/966 

vt -1047.21 5891.26
vt -1062.56 5891.26
v 26.9891 1.35857 -149.563
v 26.7941 1.35857 -149.563
vt -1054.89 5888.3
f 1694/6777/3 1702/6778/3 1706/5100/3 1707/6779/3 1693/5161/3 

usemtl Color_M05
v 27.2652 1.23675 -149.764
vt 5896.23 -962.443
vn 0.403655 0.914911 -0
vt 5891.26 -950.561
vt 5888.3 -950.561
v 27.2652 1.23675 -149.563
vt 5888.3 -962.443
f 1708/6780/967 1702/6781/967 1706/6782/967 1709/6783/967 

vt 1662.85 -5084.5
vt 1655.31 -5094.95
vt 1667.45 -5094.95
vt 1665.15 -5089.73
f 1702/6784/432 1708/6785/432 1698/6786/432 1701/6787/432 

usemtl FrontColor
vt 1062.56 5901.62
vt 1062.56 5898.66
vt 1073.43 5896.23
f 1698/6788/195 1704/6789/195 1688/5082/195 1709/6395/195 1708/6790/195 

v 26.9891 0.988823 -149.623
vt 5890.66 38.93
v 26.9891 0.988823 -149.974
vt 5904.51 38.93
v 26.9891 0.988823 -150.075
vt 5908.47 38.93
v 26.9891 1.11279 -149.988
vt 5905.04 43.8105
vt 5901.62 48.691
vt 5898.66 48.691
f 1710/6791/212 1711/6792/212 1712/6793/212 1713/6794/212 1698/6795/212 1704/6796/212 1688/5242/212 1685/5241/212 

v 27.2652 0.988823 -149.987
vt 1073.43 5904.99
vt 1062.56 5908.47
vt 1062.56 5904.51
vt 1062.56 5890.66
v 27.2652 0.988823 -149.859
vt 1073.43 5899.95
f 1714/6797/195 1712/6798/195 1711/6799/195 1710/6800/195 1685/5082/195 1604/6395/195 1715/6801/195 

vt 779.802 29.9204
vn 0.305171 0 -0.952298
vt 791.217 38.93
vt 779.802 38.93
f 1621/6802/968 1712/6803/968 1714/6804/968

usemtl Color_M05
vt 892.447 -89.1419
vn 0.32127 0.0215719 -0.946742
vt 881.034 -98.1536
v 26.9891 0.759978 -150.08
vt 892.513 -98.1536
f 1712/6805/969 1621/6806/969 1716/6807/969

vt 881.034 -2753.33
v 26.9891 0.656845 -150.138
vt 893.243 -2757.92
vt 892.513 -2753.33
f 1621/6808/252 1717/6809/252 1716/6810/252

vt 157.57 -3984.49
vt 145.717 -3979.04
v 27.2652 0.656845 -150.081
vt 146.469 -3984.49
f 1717/6811/251 1621/6812/251 1718/6813/251

vt 1122.46 -3802.88
vn 0.273699 0.64887 -0.70997
vt 1113.93 -3808.22
vt 1123.8 -3808.22
f 1621/6814/970 1678/6815/970 1718/6816/970

vt 4798.88 -3225.1
vn 0.392658 0.898406 -0.19669
vt 4795.08 -3227.98
vt 4786.72 -3234.34
vt 4794.89 -3234.34
f 1621/6817/971 1620/6818/971 1679/6819/971 1678/6820/971 

usemtl FrontColor
vt 2855.07 -2729.76
vn 0.534011 0.521876 -0.665189
vt 2859.59 -2728.28
v 27.4992 0.759978 -149.799
vt 2847.78 -2728.28
vt 2845.08 -2733.04
f 1620/6821/972 1621/6822/972 1719/6823/972 1679/6824/972 

vt 1082.64 5897.59
vt 1073.43 5898.99
f 1719/6825/195 1621/6797/195 1622/6826/195 1588/6395/195 1608/6441/195 

vt 2859.59 -2651.67
v 27.443 0.812477 -149.804
vt 2849.64 -2649.27
v 27.459 0.817189 -149.788
vt 2848.74 -2649.06
vt 2847.78 -2651.67
f 1621/6827/451 1720/6828/451 1721/6829/451 1719/6830/451 

vt -5904.99 1037.97
vt -5898.99 1037.97
vt -5897.81 1045.27
f 1621/6831/446 1622/6832/446 1720/6833/446

vt 5904.99 29.9204
vt 5904.99 38.93
vt 5899.95 38.93
vt 5898.99 29.9204
f 1621/6834/212 1714/6835/212 1715/6836/212 1604/5241/212 1603/6435/212 1602/6434/212 1588/6404/212 1622/6837/212 

vt -2959.6 38.93
vn -0.640766 9.15496e-18 0.767737
vt -2959.6 29.9204
v 27.3313 0.817189 -149.931
vt -2956.21 32.1728
v 27.3313 0.883865 -149.931
vt -2956.21 34.7978
f 1714/6838/973 1621/6839/973 1722/6840/973 1723/6841/973 

vt -3699.56 1055.91
vt -3689.54 1058.03
vt -3688.64 1058.22
vt -3696.21 1058.22
f 1621/6842/449 1720/6843/449 1721/6844/449 1722/6845/449 

v 27.459 0.817189 -149.754
vt -5895.81 1045.92
vn -0.283176 0.959068 -5.66585e-14
vt -5897.16 1045.92
f 1724/6846/974 1721/6847/974 1720/6833/974 1622/6832/974 

vt -1081.06 5897.16
vt -1081.06 5895.81
vt -1076.04 5902.81
f 1721/6848/3 1724/6849/3 1612/6454/3 1611/6453/3 1722/6850/3 

v 27.4992 0.817189 -149.563
vt -1082.64 32.1728
vt -1073.43 32.1728
vt -1076.04 32.1728
vt -1081.06 32.1728
f 1725/6851/1 1608/6476/1 1588/6400/1 1602/6852/1 1611/6853/1 1612/6854/1 

v 27.5456 0.8744 -149.563
vt -1084.47 34.4252
v 27.4992 0.883865 -149.563
vt -1082.64 34.7978
v 27.4992 0.988823 -149.563
vt -1082.64 38.93
f 1726/6855/1 1616/6477/1 1608/6476/1 1725/6851/1 1727/6856/1 1728/6857/1 

vt 5888.3 -381.137
vn 0.926467 0.376375 -2.17642e-14
vt 5888.3 -376.275
vt 5880.86 -371.413
vt 5882.39 -381.137
f 1616/6858/975 1726/6859/975 1614/6860/975 1615/6861/975 

v 27.5921 0.759978 -149.713
vt 5894.21 -381.137
vn 0.926467 0.376375 2.18151e-14
v 27.4992 0.988823 -149.752
vt 5895.73 -371.413
f 1729/6862/976 1730/6863/976 1726/6859/976 1616/6858/976 

vt 2313.84 -413
v 27.459 0.883865 -149.788
vt 2319.85 -408.107
vt 2317.74 -403.962
f 1729/6864/454 1731/6865/454 1730/6866/454

vt 1954.85 34.7978
vn 0.491172 -3.92333e-16 -0.871063
vt 1948.83 29.9204
vt 1954.85 32.1728
f 1731/6867/977 1729/6868/977 1721/6869/977

vt -3211.76 -2632.15
vt -3210.89 -2634.8
vt -3205.9 -2634.8
f 1721/6870/452 1719/6871/452 1729/6872/452

vt -3210.89 -2755.37
vn -0.567651 -0.549049 0.613447
vt -3208.37 -2760.23
vt -3205.9 -2755.37
f 1719/6873/978 1679/6874/978 1729/6875/978

vt -4497.26 -1628.84
vt -4500.38 -1633.31
v 27.6713 0.656845 -149.673
vt -4494.32 -1633.31
f 1729/6876/386 1679/6877/386 1732/6878/386

vt 5897.84 25.86
vt 5894.21 29.9204
f 1679/6879/212 1729/6880/212 1616/6404/212 1618/6403/212 

vt 5892.64 -642.689
vt 5894.21 -637.571
f 1732/6881/943 1729/6882/943 1616/6515/943 1629/6514/943 

vt 1086.3 5894.21
f 1608/6441/195 1616/6473/195 1729/6883/195 1719/6825/195 

vt -1089.42 25.86
f 1618/6478/1 1616/6477/1 1629/6884/1

f 1627/6536/1 1618/6478/1 1629/6884/1 1632/6533/1 

vt 5900.12 23.4083
v 27.5921 0.594571 -149.765
f 1676/6885/212 1679/6879/212 1618/6403/212 1627/5092/212 1733/6538/212 

vt -3904.85 -2274.54
vt -3908.04 -2271.7
vt -3909.81 -2274.54
f 1638/6886/382 1679/6887/382 1676/6888/382

vt -4500.38 -2374.65
vt -4497.42 -2377.73
vt -4494.32 -2374.65
f 1679/6889/383 1638/6890/383 1732/6891/383

vt 5892.64 25.86
f 1638/6538/212 1732/6892/212 1629/6403/212 1632/5092/212 

vt -1290.42 -4697.99
vt -1291.82 -4702.13
vt -1286.59 -4702.13
f 1732/6893/384 1638/6894/384 1640/6895/384

vt 1094.24 5888.3
vt 1094.24 5894.22
vt 1089.42 5896.26
f 1631/6896/195 1640/6897/195 1638/6898/195 1632/6511/195 

vt 5894.22 -964.752
vn 0.453295 0.89136 -1.01015e-17
vt 5892.64 -959.343
f 1640/6899/979 1732/6900/979 1629/6519/979 1631/6518/979 

vt 1089.42 5892.64
f 1732/6901/195 1679/6657/195 1618/6473/195 1629/6511/195 

vn 0.300875 0.953664 4.04973e-17
vt 5888.3 -1028.19
vt 5897.84 -1028.19
f 1620/6482/980 1619/6481/980 1618/6902/980 1679/6903/980 

vt -1094.24 23.4083
f 1632/6533/1 1629/6884/1 1631/6904/1

vt 1094.24 5882.37
vt 1089.42 5880.34
f 1630/6905/195 1631/6896/195 1632/6511/195 1628/6906/195 

vt 5882.37 23.4083
v 27.7937 0.36021 -149.23
vt 5875.21 14.1815
v 27.7937 0.36021 -149.278
vt 5877.09 14.1815
v 27.7937 0.36021 -149.563
f 1630/6907/212 1734/6908/212 1735/6909/212 1736/5091/212 1631/5092/212 

v 28.0619 0.36021 -149.344
vt -3319.95 2905.51
vt -3308.48 2905.51
vt -3311.28 2916.85
f 1737/6910/379 1734/6911/379 1630/6912/379

vt 3308.48 2150.6
v 28.0619 0.306819 -149.317
vt 3319.52 2148.27
v 28.0619 0.307712 -149.317
vt 3319.53 2148.31
vt 3319.95 2150.6
f 1734/6913/318 1738/6914/318 1739/6915/318 1737/6916/318 

vt 5875.21 -1070.4
vn 0.195284 0.980747 -4.22517e-16
vt 5878.61 -1081.17
vt 5877.09 -1070.4
f 1734/6917/981 1738/6918/981 1735/6919/981

usemtl Color_M00
vt 3359.91 2288.34
vt 3348.87 2290.71
v 27.7937 0.307712 -149.201
vt 3348.4 2288.38
f 1738/6920/316 1734/6921/316 1740/6922/316

usemtl FrontColor
vt 5874.04 12.1146
v 27.7937 0.307712 -149.563
f 1734/6908/212 1740/6923/212 1741/5095/212 1736/5091/212 1735/6909/212 

usemtl Color_M05
vt 3076.46 2411.36
v 27.6713 0.307443 -149.155
vt 3070.9 2409
vt 3076.05 2409.02
f 1734/6924/378 1742/6925/378 1740/6926/378

vt 2996.49 2563.74
vt 3002.03 2566.13
vt 2996.91 2566.13
f 1742/6927/377 1734/6928/377 1633/6929/377

usemtl FrontColor
vt -2999.21 2983.67
vt -3002.03 2972.42
vt -2996.91 2972.42
f 1628/6930/302 1734/6931/302 1633/6932/302

vt -3295.04 2912.88
vt -3292.6 2924.22
vt -3297.83 2924.22
f 1734/6933/303 1628/6934/303 1630/6935/303

vt 1094.24 5875.21
vt 1094.24 5877.09
f 1633/6532/195 1734/6936/195 1735/6937/195 1736/6896/195 1634/6511/195 

vt 1104.8 5879.7
v 28.0619 0.36021 -149.563
vt 1104.8 5888.3
f 1734/6936/195 1737/6938/195 1743/6939/195 1736/6896/195 1735/6937/195 

vt 5879.7 14.1815
vt 5878.63 12.1146
v 28.0619 0.307712 -149.563
f 1737/6940/212 1739/6941/212 1744/5095/212 1743/5091/212 

v 28.2546 0.307712 -149.371
vt 2657.75 2400.66
vt 2650.16 2402.97
vt 2649.87 2400.66
vt 2649.86 2400.62
f 1745/6942/319 1737/6943/319 1739/6944/319 1738/6945/319 

vt 3595.51 3641.18
vt 3602.78 3638.01
v 28.2546 0.36021 -149.44
vt 3603.97 3641.18
f 1737/6946/320 1745/6947/320 1746/6948/320

vt 5880.76 12.1146
v 28.2546 0.307712 -149.563
v 28.2546 0.36021 -149.563
vt 5883.45 14.1815
f 1745/6949/212 1747/5095/212 1748/5091/212 1746/6950/212 

v 28.2546 0.213558 -149.44
vt 5883.45 8.40779
v 28.2546 0.213558 -149.563
f 1747/5095/212 1745/6949/212 1749/6951/212 1750/5097/212 

vt 1112.38 5888.3
vt 1112.38 5880.76
v 28.291 0.307712 -149.46
vt 1113.82 5884.26
v 28.291 0.307712 -149.563
vt 1113.82 5888.3
f 1747/6952/195 1745/6953/195 1751/6954/195 1752/6955/195 

usemtl Color_B08
vt 5867.23 542.368
vt 5865.94 544.673
vt 5863.45 542.368
f 1751/6956/321 1746/6957/321 1745/6958/321

vt 5883.45 -622.477
vn 0.821601 0.570063 1.28774e-17
vt 5884.26 -624.993
vt 5888.3 -624.993
vt 5888.3 -622.477
f 1746/6959/982 1751/6960/982 1752/6961/982 1748/6962/982 

vt 5888.3 409.201
vn 0.932639 -0.36081 -0
vt 5888.3 413.175
vt 5884.26 413.175
vt 5883.45 409.201
f 1750/6963/983 1752/6964/983 1751/6965/983 1749/6966/983 

usemtl FrontColor
vt -1113.82 12.1146
vt -1112.38 8.40779
vt -1112.38 12.1146
f 1752/6967/1 1750/6968/1 1747/6969/1

usemtl Color_B08
vn 0.932639 -0.36081 3.02967e-18
v 28.2546 0.213558 -149.686
vt 5893.14 409.201
v 28.291 0.307712 -149.665
vt 5892.34 413.175
f 1752/6964/984 1750/6963/984 1753/6970/984 1754/6971/984 

usemtl FrontColor
vt 5893.14 740.602
vn 0.751177 -0.660101 9.37559e-18
vt 5888.3 740.602
v 28.0619 -0.00573718 -149.563
vt 5888.3 729.109
v 28.0619 -0.00573718 -149.683
vt 5893.02 729.109
f 1753/6972/985 1750/6973/985 1755/6974/985 1756/6975/985 

v 28.2546 0.307712 -149.754
vt 5895.84 12.1146
vt 5893.14 8.40779
f 1757/6976/212 1747/5095/212 1750/5097/212 1753/6977/212 

vt 1112.38 5895.84
vt 1113.82 5892.34
f 1757/6978/195 1747/6952/195 1752/6955/195 1754/6979/195 

v 28.2546 0.36021 -149.686
vt 5893.14 14.1815
f 1747/5095/212 1757/6976/212 1758/6980/212 1748/5091/212 

usemtl Color_B08
vt 5031.42 -1432.48
vt 5030.12 -1434.79
vt 5033.91 -1434.79
f 1758/6981/498 1754/6982/498 1757/6983/498

vt 5892.34 -624.993
vn 0.821601 0.570063 -8.58492e-18
vt 5893.14 -622.477
f 1754/6984/986 1758/6985/986 1748/6962/986 1752/6961/986 

usemtl FrontColor
vt 5888.3 -985.107
vt 5893.14 -985.107
f 1631/6518/375 1748/6986/375 1758/6987/375 1640/6899/375 

vn 0.453295 0.89136 -6.30702e-17
vt 5883.45 -985.107
f 1748/6986/987 1631/6518/987 1630/6517/987 1746/6988/987 

vt -1104.8 14.1815
vt -1094.24 14.1815
vt -1112.38 14.1815
f 1743/6989/1 1736/6990/1 1631/6904/1 1748/6991/1 

vt -1094.24 12.1146
vt -1104.8 12.1146
f 1741/6992/1 1736/6990/1 1743/6989/1 1744/6993/1 

vt -1089.42 12.1146
f 1650/6994/1 1634/6534/1 1736/6990/1 1741/6992/1 

vt 5872.24 12.1041
v 27.6713 0.307712 -149.187
vt 5873.49 12.1146
f 1633/6524/212 1742/6995/212 1759/6996/212 1650/5095/212 1634/5091/212 

usemtl Color_M05
vt 3459.61 2350.93
v 27.5921 0.307712 -149.118
vt 3455.65 2348.57
vt 3459.08 2348.56
f 1633/6997/310 1760/6998/310 1742/6999/310

vt 3923.19 1513.32
vt 3927.24 1515.52
vt 3923.62 1515.52
f 1760/7000/309 1633/7001/309 1635/7002/309

usemtl FrontColor
vt 5871.65 14.1815
vt 5870.8 12.1146
v 27.5921 0.307712 -149.14
vt 5871.65 12.1146
f 1635/7003/212 1760/7004/212 1761/7005/212

vt -4991.51 907.899
vn -0.694694 -0.273593 -0.665242
vt -4986.83 910.047
vt -4992.13 910.047
f 1760/7006/988 1309/7007/988 1635/7008/988

vt -4264.42 -628.157
vn -0.569053 0.153868 -0.807777
vt -4269.12 -630.249
vt -4264.65 -630.249
f 1309/7009/989 1760/7010/989 1310/7011/989

vt -1086.3 5870.8
vt -1086.3 5871.65
f 1760/7012/3 1310/5132/3 1313/5135/3 1312/5134/3 1311/5133/3 1671/6628/3 1761/7013/3 

v 27.5921 0.213558 -149.14
vt -4269.61 -760.919
vn -0.56605 0.184256 -0.803515
vt -4264.65 -757.147
vt -4269.12 -757.147
f 1762/7014/990 1310/7015/990 1760/7016/990

vt -3179.76 -2222.85
vn -0.332275 0.442365 -0.833011
vt -3184.43 -2226.98
vt -3180.49 -2226.98
f 1310/7017/991 1762/7018/991 1314/7019/991

v 27.5921 0.213558 -149.563
v 27.5921 0.213558 -149.178
vt -1086.3 5873.13
f 1762/7013/3 1314/5135/3 1315/5133/3 1763/6628/3 1764/7020/3 

vt 3180.49 8.40779
vn 0.370498 -1.64949e-17 0.928833
vt 3184.43 8.40779
vt 3184.43 12.1146
vt 3184.43 14.1815
vt 3180.49 23.4083
v 27.4992 0.36021 -149.103
vt 3180.49 14.1815
vt 3180.49 12.1146
f 1314/7021/992 1762/7022/992 1761/7023/992 1635/7024/992 1682/7025/992 1765/7026/992 1313/7027/992 

usemtl Color_M05
vt 3180.49 -2020.89
vn 0.339308 -0.401596 0.850641
v 27.5921 -0.00573718 -149.243
vt 3185.94 -2030.32
vt 3184.43 -2020.89
f 1314/7028/993 1766/7029/993 1762/7030/993

vt 4419.07 -991.056
vn 0.586221 -0.246358 0.771786
vt 4412.8 -982.147
vt 4414.47 -991.056
f 1766/7031/994 1314/7032/994 1316/7033/994

usemtl FrontColor
vt 5872.94 -0.225873
v 27.4992 -0.00573718 -149.563
vt 5870.19 8.40779
f 1316/7034/212 1767/5099/212 1315/5097/212 1314/7035/212 

usemtl Color_M05
vt -1082.64 5872.94
f 1297/5102/3 1296/5101/3 1767/5133/3 1316/7036/3 

usemtl FrontColor
vt -1082.64 -0.225873
vt -1082.64 8.40779
f 1767/7037/1 1296/5105/1 1300/5109/1 1315/7038/1 

usemtl Color_M05
v 27.2652 -0.00573718 -149.877
vt -1073.43 5900.68
v 27.4992 -0.00573718 -149.953
vt -1082.64 5903.65
f 1296/5101/3 1768/7039/3 1769/7040/3 1767/5133/3 

usemtl FrontColor
vt 5908.22 8.40779
vt 5900.68 -0.225873
f 1665/7041/212 1300/5097/212 1296/5099/212 1768/7042/212 

vt -1073.43 5908.22
f 1665/7043/3 1667/6624/3 1315/5133/3 1300/5101/3 

usemtl Color_M05
vt 78.1382 1793.52
vn 0.184338 -0.298877 -0.936318
vt 88.0571 1802.57
vt 78.6706 1802.57
f 1769/7044/995 1665/7045/995 1667/7046/995

vt -2834.71 3389.91
vn -0.236013 -0.63914 -0.731982
vt -2842.08 3378.68
vt -2832.4 3378.68
f 1665/7047/996 1769/7048/996 1768/7049/996

v 26.9891 -0.00573718 -149.974
vt 957.012 3765.24
vt 947.99 3776.43
vt 945.488 3765.24
f 1770/7050/491 1665/7051/491 1768/7052/491

vt -826.053 2591.81
vt -815.347 2582.22
vt -815.173 2591.81
f 1665/7053/490 1770/7054/490 1664/7055/490

vt -1947.81 2443.61
v 26.5991 -0.00573718 -149.914
vt -1932.27 2443.61
v 26.5991 0.213558 -150.02
vt -1932.91 2453.18
vt -1948.44 2453.18
f 1770/7056/290 1771/7057/290 1772/7058/290 1664/7059/290 

usemtl FrontColor
vt -1047.21 5902.14
f 1771/7060/3 1770/6606/3 1295/5100/3 1319/5161/3 

usemtl Color_M05
vt -1947.81 4044.99
v 26.5991 -0.114994 -149.802
vt -1931.6 4038.85
vt -1932.27 4044.99
f 1770/7061/291 1773/7062/291 1771/7063/291

vt -1047.21 4978.78
vn 7.96129e-17 -0.844597 -0.535402
vt -1062.56 4986.81
v 26.9891 -0.114994 -149.802
vt -1062.56 4978.78
f 1773/7064/997 1770/7065/997 1774/7066/997

vt -1793.03 4824.33
v 27.206 -0.114994 -149.829
vt -1800.79 4816.34
vt -1792.18 4816.34
f 1770/7067/296 1775/7068/296 1774/7069/296

vt 947.062 3016.32
vt 957.012 3021.32
vt 945.488 3021.32
f 1775/7070/295 1770/7071/295 1768/7072/295

usemtl FrontColor
f 1296/5101/3 1295/5100/3 1770/6606/3 1768/7039/3 

vt 5904.51 -0.225873
v 26.9891 0.213558 -149.974
vt 5904.51 8.40779
f 1295/5099/212 1770/7073/212 1776/7074/212 1293/5097/212 

vt 5897.72 -4.52733
f 1774/7075/212 1770/7073/212 1295/5099/212 1299/5189/212 

vt 945.488 4915.6
vt 954.76 4907.89
vt 957.012 4915.6
f 1768/7076/293 1774/7077/293 1770/7078/293

vt -1792.18 1965.34
vt -1803.34 1969.92
vt -1800.79 1965.34
f 1774/7079/294 1768/7080/294 1775/7081/294

vt -5898.8 506.415
vn -0.879167 0.476514 -0
vt -5900.68 511.308
f 1775/7082/998 1298/5178/998 1296/5181/998 1768/7083/998 

vt 1071.1 5898.8
vt 1062.56 5897.72
f 1775/7084/195 1774/7085/195 1299/5082/195 1298/5171/195 

vt 1047.21 5897.72
f 1774/7085/195 1773/7086/195 1322/4962/195 1299/5082/195 

vt 1029.81 5896.29
f 1773/7086/195 1274/7087/195 1275/4963/195 1322/4962/195 

usemtl Color_M05
vt -1508.09 4143.07
vt -1525.91 4149.23
vt -1525.55 4143.07
f 1274/7088/232 1771/7089/232 1773/7090/232

usemtl FrontColor
vt 2395.08 1876.1
vt 2413.36 1880.68
vt 2395.46 1880.68
f 1274/7091/233 1771/7092/233 1272/7093/233

vt -1029.81 5897.91
vt -1029.81 5896.29
f 1272/7094/3 1771/7060/3 1319/5161/3 1270/5210/3 1271/7095/3 

vt 2396.54 2530.79
vt 2395.46 2521.07
vt 2413.36 2521.07
f 1260/7096/234 1272/7097/234 1771/7098/234

vt -5902.51 8.40779
vt -5897.91 -0.225873
vt -5896.29 -0.225873
vt -5896.29 8.40779
f 1260/7099/2 1272/7100/2 1271/7101/2 1261/7102/2 

vt -3624.48 1619.52
vn -0.688999 0.340625 0.63973
vt -3621.42 1623.79
vt -3624.79 1632.97
f 1265/7103/999 1272/7104/999 1260/7105/999

vt 3113.82 1384.6
vn 0.634593 -0.271713 -0.723508
vt 3118.08 1384.9
vt 3114.88 1389.07
f 1274/7106/1000 1265/7107/1000 1272/7108/1000

v 26.1572 0.656845 -149.766
vt -3210.96 25.86
vn -0.67365 -2.21424e-18 0.73905
v 26.1572 0.759978 -149.766
vt -3210.96 29.9204
vt -3210.96 38.93
vt -3215.22 39.3948
vt -3215.22 29.8599
vt -3215.22 11.3717
vt -3215.22 -4.23882
vt -3210.96 -4.52733
vt -3210.96 -0.225873
vt -3210.96 8.40779
vt -3210.96 12.1146
v 26.1572 0.36021 -149.766
vt -3210.96 14.1815
v 26.1572 0.594571 -149.766
vt -3210.96 23.4083
f 1777/7109/1001 1778/7110/1001 1333/7111/1001 1344/7112/1001 1415/7113/1001 1257/7114/1001 1265/7115/1001 1274/7116/1001 1271/7117/1001 1261/7118/1001 1254/7119/1001 1779/7120/1001 1780/7121/1001 

vt -5896.29 29.9204
vt -5896.29 25.86
f 1233/5225/2 1778/7122/2 1777/7123/2 1328/5223/2 

vt -5896.29 38.93
f 1329/5227/2 1333/7124/2 1778/7122/2 1233/5225/2 

v 26.5991 0.988823 -149.987
vt 1047.21 5904.99
v 26.5991 0.988823 -149.914
vt 1047.21 5902.14
f 1781/7125/195 1333/7087/195 1329/4963/195 1335/4962/195 1782/7126/195 

vt 3556.3 -2203.92
vt 3575.75 -2203.92
vt 3573.19 -2192.89
f 1333/7127/427 1781/7128/427 1695/7129/427

usemtl Color_M05
v 26.1572 0.759978 -149.95
vt -3559.53 -2789.03
vt -3556.3 -2777.94
vt -3575.75 -2777.94
f 1783/7130/394 1333/7131/394 1781/7132/394

usemtl FrontColor
vt -5903.53 29.9204
f 1333/7124/2 1783/7133/2 1778/7122/2

vt -3517.48 -2331.8
vn -0.626141 -0.488297 0.607876
vt -3518.42 -2342.65
vt -3513.23 -2332.33
f 1344/7134/1002 1783/7135/1002 1333/7136/1002

vt 1232.91 -2375.35
vn 0.0314773 -0.409695 0.911679
vt 1229.61 -2364.97
vt 1229.76 -2375.42
f 1783/7137/1003 1344/7138/1003 1416/7139/1003

vt -898.751 -2284.61
vn -0.291982 -0.392036 0.872384
vt -936.857 -2289.91
vt -900.111 -2294.98
f 1344/7140/1004 1345/7141/1004 1416/7142/1004

vn -1 5.80729e-30 1.59194e-13
vt -5903.45 29.8599
f 1344/6383/1005 1416/7143/1005 1415/6384/1005

vt -5903.45 11.3717
vt -5899.17 11.3717
f 1415/6384/810 1416/7143/810 1256/7144/810 1257/7145/810 

vt -5873.29 1027.05
vn -0.0192168 0.999815 -2.22569e-17
vt -5873.06 1030.2
vt -5880.3 1030.2
vt -5888.3 1030.2
vt -5896.29 1030.2
vt -5903.53 1030.2
vt -5903.45 1027.05
vt -5899.17 1027.05
vt -5877.43 1027.05
f 1250/7146/1006 1229/7147/1006 1234/7148/1006 1233/7149/1006 1778/7150/1006 1783/7151/1006 1416/7152/1006 1415/7153/1006 1280/7154/1006 

vt 583.799 1336.54
vn -0.0730707 0.220337 0.972683
vt 587.026 1332.43
vt 586.957 1336.6
f 1250/7155/1007 1235/7156/1007 1229/7157/1007

vt -5872.14 -616.783
vn -0.785662 -0.618657 -6.47431e-16
vt -5873.29 -611.691
vt -5877.43 -611.691
vt -5899.17 -611.691
vt -5903.45 -611.691
v 26.1572 0.656845 -149.973
vt -5904.45 -616.783
v 26.1572 0.656845 -149.95
vt -5903.53 -616.783
vt -5896.29 -616.783
vt -5888.3 -616.783
vt -5880.3 -616.783
vt -5873.06 -616.783
f 1235/7158/1008 1250/7159/1008 1280/7160/1008 1415/7161/1008 1416/7162/1008 1784/7163/1008 1785/7164/1008 1777/7165/1008 1328/7166/1008 1277/7167/1008 1251/7168/1008 

vt 1034.6 23.4083
vn 0.341046 -1.1615e-17 -0.940047
vt 1037.95 11.3717
vt 1037.95 29.8599
vt 1034.6 25.86
f 1237/7169/1009 1249/7170/1009 1250/7171/1009 1235/7172/1009 

vt -5873.29 270.897
vn -0.967428 0.253146 -7.94051e-16
vt -5872.14 283.339
vt -5873.06 283.339
vt -5880.3 283.339
vt -5888.3 283.339
vt -5896.29 283.339
v 26.1572 0.594571 -149.95
vt -5903.53 283.339
v 26.1572 0.594571 -149.973
vt -5904.45 283.339
vt -5903.45 270.897
vt -5899.17 270.897
vt -5877.43 270.897
f 1249/7173/1010 1237/7174/1010 1252/7175/1010 1276/7176/1010 1283/7177/1010 1780/7178/1010 1786/7179/1010 1787/7180/1010 1256/7181/1010 1257/7182/1010 1258/7183/1010 

vt 1536.16 152.186
vn 0.420594 -0.0239589 -0.906932
vt 1539.6 149.375
vt 1536.26 161.415
f 1239/7184/1011 1249/7185/1011 1237/7186/1011

vt -5873.29 773.681
vn -0.665705 0.746215 -5.44298e-16
vt -5871.9 777.901
vt -5873.06 777.901
vt -5880.3 777.901
vt -5888.3 777.901
vt -5896.29 777.901
v 26.1572 0.36021 -149.95
vt -5903.53 777.901
v 26.1572 0.36021 -149.979
vt -5904.7 777.901
vt -5903.45 773.681
vt -5899.17 773.681
vt -5877.43 773.681
f 1249/7187/1012 1239/7188/1012 1245/7189/1012 1244/7190/1012 1243/7191/1012 1779/7192/1012 1788/7193/1012 1789/7194/1012 1256/7195/1012 1257/7196/1012 1258/7197/1012 

vt -5896.29 23.4083
vt -5896.29 14.1815
f 1283/5222/2 1780/7198/2 1779/7199/2 1243/5221/2 

v 26.5991 0.594571 -150.138
vt 1047.21 5910.95
vt 1029.81 5904.45
vt 1029.81 5903.53
v 26.5991 0.594571 -149.914
f 1790/7200/195 1787/7201/195 1786/7202/195 1780/7087/195 1283/4963/195 1282/4962/195 1791/7126/195 

usemtl Color_M05
vt -3029.88 -3447.11
v 26.5991 0.656845 -150.078
vt -3047.62 -3443.81
vt -3048.45 -3447.11
f 1787/7203/241 1792/7204/241 1790/7205/241

vt -2384.68 25.86
vn -0.231161 1.82371e-16 -0.972915
vt -2366.8 23.4083
vt -2366.8 25.86
f 1792/7206/1013 1787/7207/1013 1784/7208/1013

usemtl FrontColor
vt -5903.53 23.4083
vt -5903.53 25.86
vt -5904.45 25.86
vt -5904.45 23.4083
f 1786/7209/2 1785/7210/2 1784/7211/2 1787/7212/2 

f 1785/7210/2 1786/7209/2 1780/7198/2 1777/7123/2 

vt 1179.1 11.3717
vn 0.0258807 -1.35263e-19 0.999665
vt 1182.25 12.1146
vt 1182.25 14.1815
vt 1182.25 23.4083
vt 1182.25 25.86
vt 1182.25 29.9204
vt 1179.1 29.8599
f 1256/7213/1014 1255/7214/1014 1788/7215/1014 1786/7216/1014 1785/7217/1014 1783/7218/1014 1416/7219/1014 

vt -396.466 2931.23
vn 0.0927521 -0.488441 -0.867654
vt -393.343 2930.38
vt -396.342 2933.6
f 1255/7220/1015 1256/7221/1015 1789/7222/1015

vt 793.876 1592.54
vn -0.0378789 0.266293 0.963147
vt 797.06 1589.47
vt 797.02 1593.31
f 1256/7223/1016 1260/7224/1016 1255/7225/1016

vt 785.914 1579.13
vn -0.0397069 0.264486 0.963572
vt 782.728 1582.2
vt 782.905 1566.02
f 1260/7226/1017 1256/7227/1017 1265/7228/1017

f 1256/7144/805 1265/5303/805 1257/7145/805

vn -1 2.37052e-14 -2.80406e-14
vt -5877.43 11.3717
vt -5890.6 -4.23882
vt -5882.03 -4.23882
f 1264/5304/1018 1258/7229/1018 1257/7145/1018 1265/5303/1018 1266/7230/1018 1267/7231/1018 

vt -5873.29 11.3717
f 1264/5304/2 1249/7232/2 1258/7229/2

f 1249/7232/2 1250/5257/2 1280/5259/2 1258/7229/2 

vt -3252 17.1331
vt -3258.63 29.8599
vt -3258.63 11.3717
f 1447/7233/191 1250/7234/191 1249/7235/191

vt -5886.75 -312.73
vt -5882.29 -326.371
vt -5876.89 -318.211
f 1250/7236/190 1447/7237/190 1417/7238/190

vt -5335.87 -1298.22
f 1417/7239/155 1447/5633/155 1455/5637/155 1454/5636/155 

vt 2310.07 -2801.78
vt 2305.95 -2792.92
vt 2284.88 -2814.73
f 1447/7240/189 1417/7241/189 1419/7242/189

vt 5864.62 -787.207
vt 5851.47 -817.47
vt 5861.71 -817.47
vt 5862.49 -817.47
vt 5862.66 -817.47
f 1417/7243/714 1421/7244/714 1422/7245/714 1420/7246/714 1419/7247/714 

vt 5256.67 2278.94
vt 5252.41 2311.66
vt 5243.52 2311.42
f 1421/7248/174 1417/7249/174 1418/7250/174

v 25.7246 0.435181 -148.845
vt -5326.97 -1307.01
vt -5326.97 -1298.38
f 1793/7251/155 1418/7252/155 1417/7239/155 1454/5636/155 

usemtl M_0128_White
v 25.5951 0.435181 -148.668
vt -5318.34 -1307.01
f 1794/7253/155 1418/7252/155 1793/7251/155

usemtl FrontColor
vt 1012.31 3003.94
vt 987.222 3015.46
vt 1003.73 2995.25
f 1418/7254/156 1340/7255/156 1794/7256/156

vt -2264.63 12.3413
vt -2245.19 17.1331
vt -2264.63 34.5252
f 1358/7257/779 1794/7258/779 1340/7259/779

vt -2177.95 -256.08
vt -2197.4 -260.878
v 25.5053 0.242371 -148.734
vt -2182.32 -263.68
f 1794/7260/158 1358/7261/158 1795/7262/158

vt -2936.89 -3196.59
vt -2928.48 -3213.55
vt -2921.97 -3200.16
f 1358/7263/159 1456/7264/159 1795/7265/159

vt -2340.26 -3188.18
vt -2323.12 -3184.16
vt -2332.67 -3167.81
f 1353/7266/160 1456/7267/160 1358/7268/160

usemtl M_0128_White
f 1353/5304/777 1358/6376/777 1354/5305/777

vt -2616.4 -3404.3
vt -2571.54 -3416.7
vt -2610.39 -3390.67
f 1456/7269/171 1441/7270/171 1795/7271/171

usemtl FrontColor
vt -5335.87 2595.47
vt -5335.18 2549.66
vt -5326.97 2595.47
f 1442/7272/716 1441/7273/716 1456/7274/716

vt 4645.8 -3295.43
vt 4686.57 -3274.51
v 25.6683 -0.0289608 -149.157
vt 4685.18 -3274.89
v 25.6975 -0.0342458 -149.125
vt 4683.51 -3275.34
f 1441/7275/717 1442/7276/717 1796/7277/717 1797/7278/717 

vt -264.941 -2.19298
vn -0.219751 -7.21447e-16 0.975556
vt -307.185 9.54215
vt -264.941 -10.5307
f 1431/7279/1019 1795/7280/1019 1441/7281/1019

vt -637.066 -1151.49
vt -594.888 -1163.46
vt -632.956 -1143.75
f 1795/7282/173 1431/7283/173 1794/7284/173

usemtl M_0128_White
vt 1502.02 2562.32
vt 1473.9 2592.27
vt 1464.99 2583.91
f 1431/7285/154 1418/7286/154 1794/7287/154

vt 2090.67 2918.12
vt 2117.18 2886.73
vt 2118.13 2896.35
f 1418/7288/153 1431/7289/153 1421/7290/153

vt -5318.34 -1315.78
f 1795/7291/155 1794/7253/155 1793/7251/155 1457/5644/155 

usemtl FrontColor
f 1454/5636/155 1453/5635/155 1457/5644/155 1793/7251/155 

usemtl M_0128_White
f 1456/5643/155 1795/7291/155 1457/5644/155

vt -1584.77 -5.186
vt -1584.77 -10.5307
vt -1536.8 -10.5307
vt -1536.8 -2.19298
f 1432/7292/719 1446/7293/719 1441/7294/719 1431/7295/719 

vt -5850.44 -10.5307
f 1446/7296/718 1432/5590/718 1433/5587/718 1445/5588/718 

usemtl FrontColor
f 1258/7229/809 1280/5259/809 1415/6384/809 1257/7145/809 

vt 2267.72 1458.09
vt 2267.5 1454.25
vt 2285.31 1454.25
f 1255/7297/238 1260/7298/238 1772/7299/238

vt -5903.53 12.1146
vt -5896.29 12.1146
f 1255/7300/2 1260/7099/2 1261/7102/2 1254/7301/2 

vt -1029.81 5902.51
vt -1047.21 5906.31
v 26.5991 0.213558 -149.914
f 1260/7302/3 1772/7303/3 1798/7060/3 1324/5161/3 1262/5210/3 1261/7095/3 

vt 2267.5 2373.48
vt 2284.41 2363.94
vt 2285.31 2373.48
f 1260/7304/288 1771/7305/288 1772/7306/288

vt 5906.31 8.40779
vt 5902.14 8.40779
vt 5902.14 -0.225873
f 1772/7307/212 1798/7308/212 1771/7309/212

v 26.5991 0.307712 -150.078
vt 5908.59 12.1146
v 26.5991 0.307712 -149.914
vt 5902.14 12.1146
f 1799/7310/212 1800/7311/212 1798/7308/212 1772/7307/212 

vt -1029.81 5903.53
vt -1047.21 5908.59
f 1255/7312/3 1799/7313/3 1800/7060/3 1327/5161/3 1253/5210/3 1254/7095/3 

usemtl Color_M05
vt -2635.96 2572.45
vt -2653.76 2570.1
vt -2635.64 2570.1
f 1789/7314/479 1799/7315/479 1255/7316/479

vt -2311.22 12.1146
vt -2293.4 14.1815
v 26.5991 0.36021 -150.078
vt -2311.22 14.1815
f 1799/7317/480 1789/7318/480 1801/7319/480

vt -2293.4 1355.73
vt -2311.74 1365.24
vt -2311.22 1355.73
f 1789/7320/300 1790/7321/300 1801/7322/300

vt -3048.45 -104.546
vt -3029.96 -113.775
vt -3029.88 -104.546
f 1790/7323/299 1789/7324/299 1787/7325/299

usemtl FrontColor
vt -5903.53 14.1815
vt -5904.7 14.1815
f 1788/7326/2 1786/7209/2 1787/7212/2 1789/7327/2 

f 1786/7209/2 1788/7326/2 1779/7199/2 1780/7198/2 

f 1788/7326/2 1255/7300/2 1254/7301/2 1779/7199/2 

f 1255/7300/2 1788/7326/2 1789/7327/2

vt 1047.21 5908.59
vt 1029.81 5904.7
v 26.5991 0.36021 -149.914
f 1801/7328/195 1789/7329/195 1788/7202/195 1779/7087/195 1243/4963/195 1242/4962/195 1802/7126/195 

f 1243/5221/2 1779/7199/2 1254/7301/2 1253/5219/2 

f 1253/5219/2 1254/7301/2 1261/7102/2 1262/5220/2 

vt -5888.3 -0.225873
f 1270/7330/2 1262/5220/2 1261/7102/2 1271/7101/2 

vt -5880.3 -0.225873
f 1262/5220/2 1270/7330/2 1269/7331/2 1263/5218/2 

vt -1029.81 -0.225873
vt -1029.81 8.40779
f 1270/7332/1 1262/7333/1 1324/5192/1 1319/5190/1 

vt -1029.81 5874.09
f 1318/5193/3 1259/7334/3 1263/5209/3 1262/5210/3 1324/5161/3 1325/5160/3 

vt 232.468 -2543.75
vt 249.386 -2534.21
vt 231.577 -2534.21
f 1317/7335/209 1259/7336/209 1318/7337/209

vt 389.716 -2736.71
vt 388.629 -2726.99
vt 371.81 -2736.71
f 1268/7338/208 1259/7339/208 1317/7340/208

vt -5878.68 -0.225873
f 1268/7341/2 1259/5217/2 1263/5218/2 1269/7331/2 

vt -1029.81 5878.68
f 1317/5160/3 1268/7342/3 1269/5209/3 1270/5210/3 1319/5161/3 

vt 371.81 -2041.67
vt 390.098 -2046.25
vt 389.716 -2041.67
f 1317/7343/230 1273/7344/230 1268/7345/230

usemtl Color_M05
vt 563.769 -4252.27
vt 545.951 -4258.43
vt 563.408 -4258.43
f 1317/7346/231 1273/7347/231 1320/7348/231

usemtl FrontColor
f 1273/4964/195 1320/5168/195 1322/4962/195 1275/4963/195 

vt 5874.45 -0.225873
f 1317/7349/212 1320/5188/212 1322/5189/212 1319/5099/212 

vt -1029.81 -4.52733
f 1322/5191/1 1275/7350/1 1270/7332/1 1319/5190/1 

vt -5880.3 -4.52733
vt -5888.3 -4.52733
f 1273/7351/2 1269/7331/2 1270/7330/2 1275/7352/2 

f 1273/7351/2 1268/7341/2 1269/7331/2

vt -5896.29 -4.52733
f 1271/7101/2 1274/7353/2 1275/7352/2 1270/7330/2 

f 1272/7100/2 1274/7353/2 1271/7101/2

f 1773/7075/212 1771/7309/212 1319/5099/212 1322/5189/212 

f 1319/5099/212 1771/7309/212 1798/7308/212 1324/5097/212 

vt -1062.56 5908.67
f 1772/7303/3 1664/7354/3 1776/6606/3 1293/5100/3 1324/5161/3 1798/7060/3 

usemtl Color_M05
vt -1948.44 2949.54
vt -1932.91 2949.54
vt -1933.25 2953.87
vt -1948.79 2953.87
f 1664/7355/289 1772/7356/289 1799/7357/289 1660/7358/289 

usemtl FrontColor
vt 2635.64 2740.55
vt 2653.12 2736.25
vt 2653.76 2740.55
f 1255/7359/239 1772/7360/239 1799/7361/239

f 1799/7313/3 1660/6603/3 1662/6606/3 1291/5100/3 1327/5161/3 1800/7060/3 

usemtl Color_M05
vt -1948.79 12.1146
vn -0.152018 0 -0.988378
vt -1933.25 12.1146
vt -1933.25 14.1815
vt -1948.79 14.1815
f 1660/7362/1020 1799/7363/1020 1801/7364/1020 1661/7365/1020 

usemtl FrontColor
vt 5908.59 14.1815
vt 5902.14 14.1815
f 1801/7366/212 1802/7367/212 1800/7311/212 1799/7310/212 

vt 1062.56 5910.95
v 26.9891 0.36021 -149.623
v 26.9891 0.36021 -149.974
f 1661/7368/195 1801/7328/195 1802/7126/195 1242/4962/195 1287/5082/195 1803/6800/195 1804/6799/195 

v 26.8501 0.511016 -150.168
vt 1943.56 1845.89
vt 1933.25 1839.62
vt 1948.79 1839.62
v 26.9891 0.594571 -150.219
vt 1949.27 1849.36
f 1805/7369/489 1801/7370/489 1661/7371/489 1806/7372/489 

vt 2236.16 1378.74
vt 2220.49 1378.74
vt 2220.01 1369.23
vt 2230.4 1375.35
f 1806/7373/301 1790/7374/301 1801/7375/301 1805/7376/301 

v 26.9891 0.594571 -149.642
vt 1062.56 5891.43
v 26.9891 0.594571 -149.974
vt 1062.56 5914.12
f 1282/4962/195 1284/5082/195 1807/7377/195 1808/6799/195 1806/7378/195 1790/7200/195 1791/7126/195 

v 26.5991 0.656845 -149.563
vt -1047.21 25.86
f 1591/6398/1 1284/5085/1 1282/5088/1 1809/7379/1 

f 1284/5085/1 1591/6398/1 1592/6401/1 1595/6660/1 

vt 5891.43 23.4083
vt 5904.51 23.4083
v 26.9891 0.656845 -149.974
vt 5904.51 25.86
f 1284/5092/212 1807/7380/212 1808/7381/212 1810/7382/212 1591/6403/212 

vt 5890.66 14.1815
vt 5904.51 14.1815
f 1803/7383/212 1804/7384/212 1808/7381/212 1807/7380/212 1284/5092/212 1287/5091/212 

vt 5904.51 12.1146
f 1291/5095/212 1662/7385/212 1804/7384/212 1803/7383/212 1287/5091/212 

f 1293/5097/212 1776/7074/212 1662/7385/212 1291/5095/212 

f 1664/7354/3 1665/7043/3 1300/5101/3 1293/5100/3 1776/6606/3 

f 1665/7041/212 1656/6596/212 1659/6598/212 1305/5095/212 1300/5097/212 

vt -1062.56 12.1146
vt -1073.43 12.1146
f 1291/7386/1 1305/7387/1 1300/5109/1 1293/5108/1 

vt -1073.43 14.1815
f 1287/5086/1 1308/7388/1 1305/7387/1 1291/7386/1 

vt 1073.43 5865.41
f 1307/5201/195 1306/7389/195 1308/6395/195 1287/5082/195 1289/5202/195 1288/5084/195 

f 1594/6661/212 1306/5124/212 1308/5091/212 1595/5092/212 

vt 1082.64 5867.82
v 27.4992 0.36021 -149.121
vt 1082.64 5870.89
f 1306/7389/195 1309/7390/195 1765/6668/195 1811/7391/195 1675/6441/195 1308/6395/195 

vt 5868.22 12.1146
vt 5870.19 12.1146
vt 5870.19 14.1815
vt 5867.82 14.1815
f 1310/7392/212 1313/7393/212 1765/7394/212 1309/7395/212 

f 1310/7392/212 1314/7035/212 1313/7393/212

vt 5873.13 12.1146
f 1312/7396/212 1313/7393/212 1314/7035/212 1315/5097/212 1311/5095/212 

vt 5870.89 14.1815
f 1811/7397/212 1765/7394/212 1313/7393/212 1312/7396/212 1311/5095/212 1675/5091/212 

vt 5870.19 23.4083
f 1681/5092/212 1682/7398/212 1765/7394/212 1811/7397/212 1675/5091/212 

vt 1086.3 5876.47
vt 1086.3 5880.34
f 1682/6668/195 1625/7399/195 1626/7400/195 1627/6473/195 1681/6441/195 

usemtl Color_M05
vt 5625.19 528.151
vn 0.836675 0.250555 0.487028
vt 5619.01 530.683
vt 5617.92 528.151
f 1625/7401/1021 1623/7402/1021 1682/7403/1021

vt 5734.54 662.831
vn 0.825353 0.38453 0.413435
vt 5740.67 660.175
vt 5742.71 662.831
f 1623/7404/1022 1625/7405/1022 1619/7406/1022

usemtl FrontColor
v 27.4992 0.656845 -149.327
vt 5879 25.86
vt 5871.45 25.86
f 1682/7398/212 1681/5092/212 1617/6403/212 1812/7407/212 1623/7408/212 

vt -5625.19 280.929
vn -0.857162 -0.12774 -0.498954
vt -5615.88 271.626
vt -5617.92 280.929
f 1625/7409/1023 1309/7410/1023 1682/7411/1023

vt -4986.83 1128.28
vn -0.679147 -0.340293 -0.650354
vt -4995.61 1138.09
vt -4992.13 1128.28
f 1309/7412/1024 1625/7413/1024 1635/7414/1024

f 1627/5092/212 1626/6502/212 1625/6501/212 1635/7003/212 1636/5091/212 

f 1625/7399/195 1628/6906/195 1632/6511/195 1627/6473/195 1626/7400/195 

vt 1086.3 5900.12
vt 1086.3 5896.26
f 1638/6898/195 1676/7415/195 1733/7416/195 1627/6473/195 1632/6511/195 

vt -3909.81 -1900.71
vt -3910.18 -1910.89
vt -3904.85 -1900.71
f 1676/7417/380 1637/7418/380 1638/7419/380

vt -2066.82 -2301.47
vt -2067.98 -2291.35
vt -2070.44 -2301.47
f 1637/7420/381 1676/7421/381 1653/7422/381

vt 5904.95 14.1815
f 1733/6538/212 1627/5092/212 1636/5091/212 1653/7423/212 1676/6885/212 

f 1676/7415/195 1677/6642/195 1681/6441/195 1627/6473/195 1733/7416/195 

vt -4559.92 -971.932
vn -0.835772 -0.254559 0.486503
vt -4556.81 -981.473
vt -4552.64 -971.932
f 1677/7424/1025 1653/7425/1025 1676/7426/1025

vt 1178.77 8.40779
vn 0.370498 0 -0.928833
vt 1182.71 8.40779
vt 1182.71 12.1146
vt 1182.71 14.1815
vt 1182.71 23.4083
vt 1178.77 14.1815
vt 1178.77 12.1146
f 1672/7427/1026 1667/7428/1026 1668/7429/1026 1673/7430/1026 1677/7431/1026 1653/7432/1026 1670/7433/1026 

usemtl Color_M05
v 27.5921 -0.00573718 -149.882
vt 1177.26 2362.55
vn 0.339308 -0.401596 -0.850641
vt 1182.71 2371.97
vt 1178.77 2371.97
f 1813/7434/1027 1667/7435/1027 1672/7436/1027

vt 2710.43 1328.21
vn 0.586221 -0.246358 -0.771786
vt 2704.17 1319.3
vt 2708.76 1319.3
f 1667/7437/1028 1813/7438/1028 1769/7439/1028

v 27.5921 -0.00573718 -149.563
vt -1086.3 5900.87
f 1814/6628/3 1767/5133/3 1769/7040/3 1813/7440/3 

vt -1086.3 5875.72
f 1767/5133/3 1814/6628/3 1766/7441/3 1316/7036/3 

usemtl FrontColor
vt -1086.3 8.40779
vt -1086.3 -0.225873
f 1315/7038/1 1763/7442/1 1814/7443/1 1767/7037/1 

vt -1082.64 12.1146
vt -1086.3 12.1146
f 1311/7444/1 1671/7445/1 1763/7442/1 1315/7038/1 

vt -1082.64 14.1815
f 1675/7446/1 1636/6535/1 1671/7445/1 1311/7444/1 

f 1309/7390/195 1635/6531/195 1636/6473/195 1675/6441/195 1811/7391/195 1765/6668/195 

vt -4988.54 594.601
vn -0.711188 -0.174356 -0.681037
vt -4992.13 585.23
vt -4986.83 585.23
f 1682/7447/1029 1635/7448/1029 1309/7449/1029

vt -5621.02 526.662
vn -0.835772 -0.254559 -0.486503
vt -5617.92 536.204
vt -5625.19 536.204
f 1635/7450/1030 1682/7451/1030 1625/7452/1030

f 1309/7395/212 1765/7394/212 1682/7398/212

f 1761/7005/212 1671/5095/212 1636/5091/212 1635/7003/212 

vt 5871.65 8.40779
vt 5873.13 8.40779
f 1762/7453/212 1764/7454/212 1763/5097/212 1671/5095/212 1761/7005/212 

v 27.6713 0.213558 -149.187
v 27.6713 0.213558 -149.563
vt 1086.3 5873.13
f 1762/6531/195 1815/6532/195 1816/6511/195 1763/6473/195 1764/7455/195 

vt -3923.62 -1253.39
vt -3926.61 -1249.54
vt -3927.24 -1253.39
f 1762/7456/312 1742/7457/312 1815/7458/312

vt -3447.73 -982.415
vt -3444.65 -986.19
vt -3444.3 -982.404
f 1742/7459/311 1762/7460/311 1760/7461/311

f 1761/7005/212 1760/7004/212 1762/7453/212

vt 5873.49 8.40779
f 1742/6995/212 1815/7462/212 1816/5097/212 1650/5095/212 1759/6996/212 

vt -3084.97 -1537.47
vt -3080.26 -1541.36
vt -3079.82 -1537.49
f 1740/7463/313 1815/7464/313 1742/7465/313

vt -1746.29 8.40779
vn -0.113024 3.31576e-17 -0.993592
vt -1751.14 12.1146
v 27.7937 0.213558 -149.201
vt -1751.14 8.40779
f 1815/7466/1031 1740/7467/1031 1817/7468/1031

vt 5874.04 8.40779
v 27.7937 0.213558 -149.563
f 1740/6923/212 1817/7469/212 1818/5097/212 1741/5095/212 

vt -3340.55 12.1146
vt -3352.06 12.0795
v 28.0619 0.213558 -149.317
vt -3352.06 8.40779
vt -3340.55 8.40779
f 1740/7470/664 1738/7471/664 1819/7472/664 1817/7473/664 

vt 5878.61 12.0795
vt 5878.61 8.40779
v 28.0619 0.213558 -149.494
vt 5885.6 8.40779
v 28.0619 0.213558 -149.563
f 1738/7474/212 1819/7475/212 1820/7476/212 1821/5097/212 1744/5095/212 1739/6941/212 

vt -2669.65 12.1146
vn -0.271935 -5.28689e-17 -0.962315
vt -2661.77 8.40779
vt -2661.77 12.0795
f 1745/7477/1032 1819/7478/1032 1738/7479/1032

vt -4091.55 -2271.71
vt -4099.1 -2267.36
vt -4100.54 -2271.71
f 1819/7480/326 1745/7481/326 1749/7482/326

usemtl Color_B08
vt 5865.94 -310.83
vt 5867.23 -306.985
vt 5863.45 -306.985
f 1749/7483/327 1751/7484/327 1745/7485/327

usemtl Color_M00
v 28.0619 -0.00573718 -149.443
vt 4094.21 -1903.11
vt 4100.54 -1893.52
vt 4091.55 -1893.52
f 1822/7486/328 1749/7487/328 1819/7488/328

usemtl FrontColor
vn 0.751177 -0.660101 -9.37559e-18
vt 5883.45 740.602
vt 5883.57 729.109
f 1750/6973/1033 1749/7489/1033 1822/7490/1033 1755/6974/1033 

vt 1104.8 5878.61
vt 1112.38 5883.45
vt 1104.8 5885.6
f 1819/7491/195 1749/7492/195 1750/6952/195 1821/6939/195 1820/7493/195 

vt -1104.8 -0.225873
vt -1104.8 8.40779
f 1750/6968/1 1755/7494/1 1821/7495/1

vt 5883.57 -0.225873
f 1820/7476/212 1819/7475/212 1822/7496/212 1755/5099/212 1821/5097/212 

vt 1094.24 5874.04
f 1817/7497/195 1819/7491/195 1820/7493/195 1821/6939/195 1818/6896/195 

vt -3354.03 -2310.9
vt -3340.55 -2301.14
vt -3352.06 -2301.14
f 1822/7498/330 1817/7499/330 1819/7500/330

vt -3908.63 -1432.83
vt -3922.55 -1441.94
v 27.7937 -0.00573718 -149.286
vt -3910.32 -1441.94
f 1817/7501/331 1822/7502/331 1823/7503/331

vt -3910.32 -4203.62
vt -3922.55 -4203.62
v 27.7937 -0.0700793 -149.474
vt -3914.06 -4210.49
f 1823/7504/332 1822/7505/332 1824/7506/332

vt -1104.8 5883.57
vt -1094.24 5877.4
v 27.7937 -0.00573718 -149.563
vt -1094.24 5888.3
vt -1104.8 5888.3
f 1822/7507/3 1823/7508/3 1825/7509/3 1755/7510/3 

vt 5877.4 -0.225873
f 1817/7469/212 1823/7511/212 1825/5099/212 1818/5097/212 

v 27.6713 -0.00573718 -149.251
vt -2650.68 -1880.1
vt -2654.78 -1870.88
vt -2655.69 -1880.1
f 1826/7512/354 1817/7513/354 1823/7514/354

vt -1751.14 -1597.86
vt -1746.57 -1606.85
vt -1746.29 -1597.86
f 1817/7515/356 1826/7516/356 1815/7517/356

vt 5874.04 540.833
vt 5876.03 530.944
v 27.6713 -0.00573718 -149.299
vt 5877.92 530.944
f 1817/7518/358 1826/7519/358 1827/7520/358

vt -1089.42 5876.03
v 27.6713 -0.00573718 -149.563
vt -1089.42 5888.3
vt -1089.42 5877.92
f 1826/7521/3 1766/7441/3 1814/6628/3 1828/7522/3 1827/7523/3 

vt -1665.66 -1615.53
vn -0.0954956 0.28149 -0.9548
vt -1668.54 -1606.53
vt -1668.79 -1615.53
f 1766/7524/1034 1815/7525/1034 1826/7526/1034

vt -3927.24 -1686.86
vn -0.471532 0.376482 -0.797445
vt -3925.7 -1696.18
vt -3923.62 -1686.86
f 1815/7527/1035 1766/7528/1035 1762/7529/1035

vt 5875.72 -0.225873
f 1762/7453/212 1766/7530/212 1814/5099/212 1763/5097/212 1764/7454/212 

usemtl Color_M05
vt -5884.8 -1043.27
vn -0.304055 -0.952655 -0
vt -5875.72 -1034.94
vt -5888.3 -1034.94
f 1824/7531/1036 1766/7532/1036 1814/7533/1036

usemtl FrontColor
vt -1668.79 -5485.13
vn -0.0292463 0.955844 -0.292415
vt -1674.46 -5493.75
vt -1665.66 -5485.13
f 1826/7534/1037 1824/7535/1037 1766/7536/1037

vt -2657.71 -5053.57
vt -2650.68 -5046.02
vt -2655.69 -5046.02
f 1824/7537/335 1826/7538/335 1823/7539/335

f 1823/7508/3 1826/7521/3 1827/7523/3 1828/7522/3 1825/7509/3 

vt 5877.92 -0.225873
vt 5876.03 -0.225873
f 1827/7540/212 1828/5099/212 1816/5097/212 1815/7462/212 1826/7541/212 

vt -1089.42 8.40779
vt -1089.42 -0.225873
f 1816/7542/1 1828/7543/1 1814/7443/1 1763/7442/1 

vt -1094.24 8.40779
vt -1094.24 -0.225873
f 1818/7544/1 1825/7545/1 1828/7543/1 1816/7542/1 

f 1821/7495/1 1755/7494/1 1825/7545/1 1818/7544/1 

vt 5897.98 8.40779
v 28.0619 0.213558 -149.631
vt 5890.99 8.40779
vt 5893.02 -0.225873
f 1647/7546/212 1829/7547/212 1821/5097/212 1755/5099/212 1756/7548/212 

vt 1104.8 5897.98
vt 1094.24 5902.56
vt 1104.8 5890.99
f 1647/7549/195 1646/7550/195 1818/6896/195 1821/6939/195 1829/7551/195 

vt -1344.01 2733.89
vt -1330.53 2724.13
vt -1332.51 2733.89
f 1646/7552/346 1756/7553/346 1647/7554/346

vt -2019.63 1799.55
vt -2033.55 1808.66
v 27.7937 -0.00573718 -149.84
vt -2031.86 1799.55
f 1756/7555/345 1646/7556/345 1830/7557/345

vt 5899.19 -0.225873
vt 5902.56 8.40779
f 1830/7558/212 1646/7559/212 1818/5097/212 1825/5099/212 

vt -557.036 2105.74
v 27.6713 -0.00573718 -149.874
vt -561.129 2096.52
vt -556.118 2096.52
f 1646/7560/357 1831/7561/357 1830/7562/357

vt 415.532 1682.5
vt 420.096 1691.5
vt 415.244 1691.5
f 1831/7563/359 1646/7564/359 1648/7565/359

vt 5900.56 530.944
vn 0.873098 -0.487545 -0
vt 5902.56 540.833
v 27.6713 -0.00573718 -149.826
vt 5898.68 530.944
f 1831/7566/1038 1646/7567/1038 1832/7568/1038

vt -1089.42 5900.56
vt -1089.42 5898.68
f 1813/7440/3 1831/7569/3 1832/7570/3 1828/7522/3 1814/6628/3 

vt 496.536 1692
vn -0.0954956 0.28149 0.9548
vt 493.658 1683.01
vt 496.789 1683.01
f 1648/7571/1039 1813/7572/1039 1831/7573/1039

vt -2068.37 2120.23
vn -0.471532 0.376482 0.797445
vt -2066.82 2129.55
vt -2070.44 2129.55
f 1813/7574/1040 1648/7575/1040 1672/7576/1040

vt 1089.42 5903.11
v 27.5921 0.213558 -149.948
vt 1086.3 5903.46
f 1648/7577/195 1672/6640/195 1833/7578/195 1763/6473/195 1816/6511/195 

vt -2067.46 1591.32
vt -2070.44 1587.46
vt -2066.82 1587.46
f 1649/7579/366 1672/7580/366 1648/7581/366

vt -1485.54 1194.25
vt -1482.46 1198.03
vt -1485.89 1198.04
f 1672/7582/367 1649/7583/367 1652/7584/367

vt 5905.8 12.1146
vt 5904.95 12.1146
vt 5904.95 8.40779
f 1652/7585/212 1670/7586/212 1672/7587/212

f 1652/7585/212 1653/7423/212 1670/7586/212

f 1671/5095/212 1670/7586/212 1653/7423/212 1636/5091/212 

vt 5903.46 8.40779
f 1833/7588/212 1672/7587/212 1670/7586/212 1671/5095/212 1763/5097/212 

vt -1086.3 5903.46
f 1667/6624/3 1672/6627/3 1833/7589/3 1763/6628/3 1315/5133/3 

vt 5900.87 -0.225873
f 1813/7590/212 1672/7587/212 1833/7588/212 1763/5097/212 1814/5099/212 

usemtl Color_M05
vt -5900.87 -1034.94
vn -0.304055 -0.952655 -8.15555e-18
v 27.7937 -0.0700793 -149.652
vt -5891.8 -1043.27
f 1813/7591/1041 1834/7592/1041 1814/7533/1041

usemtl FrontColor
vt 502.458 5706.96
vn -0.0292463 0.955844 0.292415
vt 496.789 5715.58
vt 493.658 5715.58
f 1834/7593/1042 1831/7594/1042 1813/7595/1042

vt -561.129 5627.91
vt -554.101 5620.36
vt -556.118 5627.91
f 1831/7596/343 1834/7597/343 1830/7598/343

vt -2019.63 5247.37
vt -2031.86 5247.37
vt -2028.12 5240.5
f 1756/7599/344 1830/7600/344 1834/7601/344

vt -1094.24 5899.19
vt -1104.8 5893.02
f 1830/7602/3 1756/7603/3 1755/7510/3 1825/7509/3 

vt 5891.8 1063.39
vn 0.233334 -0.972397 1.43396e-17
vt 5893.02 1074.25
vt 5888.3 1074.25
v 27.7937 -0.0700793 -149.563
vt 5888.3 1063.39
f 1834/7604/1043 1756/7605/1043 1755/7606/1043 1835/7607/1043 

vt 5883.57 1074.25
vn 0.233334 -0.972397 2.86791e-17
vt 5884.8 1063.39
f 1822/7608/1044 1824/7609/1044 1835/7607/1044 1755/7606/1044 

vt -5888.3 -1043.27
f 1824/7531/1036 1814/7533/1036 1835/7610/1036

vt -1094.24 -2.75903
f 1835/7611/1 1814/7443/1 1828/7543/1 1825/7545/1 

f 1814/7533/1036 1834/7592/1036 1835/7610/1036

vt -5899.19 -0.225873
vn -1 -3.59036e-13 7.68933e-30
vt -5891.8 -2.75903
vt -5888.3 -2.75903
f 1830/7612/1045 1834/7613/1045 1835/7614/1045 1825/7330/1045 

vt -5884.8 -2.75903
vn -1 -3.59036e-13 -0
vt -5877.4 -0.225873
f 1824/7615/1046 1823/7616/1046 1825/7330/1046 1835/7614/1046 

f 1755/7494/1 1835/7611/1 1825/7545/1

f 1831/7569/3 1830/7602/3 1825/7509/3 1828/7522/3 1832/7570/3 

vt 5898.68 -0.225873
vt 5900.56 -0.225873
vt 5903.11 8.40779
f 1828/5099/212 1832/7617/212 1831/7618/212 1648/7619/212 1816/5097/212 

f 1648/7619/212 1649/6574/212 1651/6575/212 1650/5095/212 1816/5097/212 

f 1650/6994/1 1816/7542/1 1763/7442/1 1671/7445/1 

f 1741/6992/1 1818/7544/1 1816/7542/1 1650/6994/1 

f 1744/6993/1 1821/7495/1 1818/7544/1 1741/6992/1 

f 1747/6969/1 1750/6968/1 1821/7495/1 1744/6993/1 

vt 1112.38 5893.14
f 1753/7620/195 1647/7549/195 1829/7551/195 1821/6939/195 1750/6952/195 

vt -2231.17 2919.26
vt -2238.72 2914.91
vt -2229.73 2914.91
f 1757/7621/496 1647/7622/496 1753/7623/496

vt -540.706 8.40779
vn -0.271935 -5.28689e-17 0.962315
vt -532.822 12.1146
vt -540.706 12.0795
f 1647/7624/1047 1757/7625/1047 1642/7626/1047

vt 527.139 -2650.63
vt 519.548 -2652.93
vt 527.432 -2652.97
vt 527.427 -2652.93
f 1641/7627/501 1757/7628/501 1642/7629/501 1643/7630/501 

vt 1614.98 -4381.23
vt 1622.25 -4378.05
vt 1613.78 -4378.05
f 1757/7631/500 1641/7632/500 1758/7633/500

vt 1622.25 -3502.85
vt 1630.53 -3491.23
vt 1613.78 -3502.85
f 1641/7634/502 1640/7635/502 1758/7636/502

vt 5897.98 12.0795
vt 5897.96 12.1146
f 1647/7546/212 1642/7637/212 1643/7638/212 1744/5095/212 1821/5097/212 1829/7547/212 

vt 5896.89 14.1815
f 1643/7638/212 1641/7639/212 1743/5091/212 1744/5095/212 

vt 1104.8 5896.89
vt 1094.24 5901.39
vt 1094.24 5899.5
f 1641/7640/195 1639/7641/195 1644/7642/195 1736/6896/195 1743/6939/195 

vt 5901.39 14.1815
vt 5894.22 23.4083
vt 5899.5 14.1815
f 1639/7643/212 1640/7644/212 1631/5092/212 1736/5091/212 1644/7645/212 

f 1631/6904/1 1736/6990/1 1634/6534/1 1632/6533/1 

f 1639/7641/195 1637/7577/195 1634/6511/195 1736/6896/195 1644/7642/195 

f 1636/6473/195 1634/6511/195 1637/7577/195 1653/6640/195 

f 1671/7445/1 1636/6535/1 1634/6534/1 1650/6994/1 

vt 5902.56 12.1146
f 1645/7646/212 1639/7643/212 1644/7645/212 1736/5091/212 1741/5095/212 

f 1646/7559/212 1645/7646/212 1741/5095/212 1818/5097/212 

f 1646/7550/195 1648/7577/195 1816/6511/195 1818/6896/195 

f 1815/6532/195 1817/7497/195 1818/6896/195 1816/6511/195 

f 1744/6993/1 1743/6989/1 1748/6991/1 1747/6969/1 

f 1747/6969/1 1748/6991/1 1752/6967/1

usemtl Color_M00
vt 2229.73 2433.27
vt 2236.06 2423.68
vt 2238.72 2433.27
f 1753/7647/347 1756/7648/347 1647/7649/347

usemtl Color_B08
vt 5030.12 878.422
vt 5031.42 874.577
vt 5033.91 878.422
f 1754/7650/497 1753/7651/497 1757/7652/497

usemtl FrontColor
vt 5903.65 -0.225873
f 1767/5099/212 1769/7653/212 1667/6635/212 1315/5097/212 

vt 5903.46 12.1146
f 1668/6637/212 1669/7654/212 1311/5095/212 1315/5097/212 1667/6635/212 

vt 5905.71 14.1815
f 1673/6639/212 1674/7655/212 1675/5091/212 1311/5095/212 1669/7654/212 1668/6637/212 

vt 1073.43 5911.18
f 1654/6641/195 1658/7656/195 1308/6395/195 1675/6441/195 1674/6643/195 1673/6642/195 

usemtl Color_M05
v 27.2652 0.594571 -150.193
vt 460.018 1204.4
vn 0.248432 -0.197168 -0.948371
vt 450.012 1194.99
vt 459.532 1194.99
f 1836/7657/1048 1654/7658/1048 1658/7659/1048

vt 2597.88 -1084.54
vn 0.575669 0.202799 -0.792135
vt 2607.87 -1075.12
vt 2596.49 -1075.12
f 1654/7660/1049 1836/7661/1049 1677/7662/1049

usemtl FrontColor
vt 1073.43 5913.1
v 27.2652 0.594571 -149.617
vt 1073.43 5890.41
f 1677/6642/195 1836/7663/195 1837/7664/195 1595/6395/195 1681/6441/195 

usemtl Color_M05
vt 2607.87 -2058.73
vn 0.542759 0.384222 -0.74685
vt 2595.75 -2056.08
vt 2596.49 -2058.73
f 1836/7665/1050 1678/7666/1050 1677/7667/1050

vt 1125.38 -5057.62
vn 0.184306 0.858757 -0.478088
vt 1123.8 -5052.84
vt 1113.93 -5052.84
f 1836/7668/1051 1718/7669/1051 1678/7670/1051

usemtl FrontColor
vt 519.266 -5209.42
v 27.0876 0.616773 -150.169
vt 511.977 -5212.65
vt 507.938 -5214.44
vt 518.856 -5214.44
f 1718/7671/245 1838/7672/245 1806/7673/245 1836/7674/245 

vt -154.026 -4697.45
vt -146.469 -4694.9
vt -157.57 -4694.9
vt -158.213 -4698.86
f 1838/7675/244 1718/7676/244 1717/7677/244 1806/7678/244 

vt -1073.43 5908.7
f 1717/6603/3 1718/7679/3 1592/5101/3 1591/5100/3 1810/6606/3 

vt 5913.1 23.4083
vt 5908.7 25.86
vt 5890.41 23.4083
f 1836/7680/212 1718/7681/212 1592/6403/212 1595/5092/212 1837/7682/212 

f 1622/6837/212 1588/6404/212 1592/6403/212 1718/7681/212 1621/6834/212 

vt 1062.56 5908.67
v 26.9891 0.759978 -149.974
f 1586/5082/195 1588/6395/195 1622/6826/195 1621/6797/195 1716/7683/195 1839/6799/195 

vt -1062.56 38.93
vt -1073.43 38.93
vt -1073.43 34.7978
f 1586/6399/1 1685/7684/1 1604/7685/1 1603/7686/1 1602/6852/1 1588/6400/1 

vt -1047.21 29.9204
f 1232/7687/1 1335/5235/1 1685/7684/1 1586/6399/1 

f 1231/6391/212 1232/6404/212 1335/5241/212 1338/5240/212 

f 1584/6393/212 1809/6403/212 1232/6404/212 1231/6391/212 

vt 5874.45 23.4083
f 1281/7688/212 1282/5092/212 1809/6403/212 1584/6393/212 

vt 5874.45 14.1815
f 1241/7689/212 1242/5091/212 1282/5092/212 1281/7688/212 

vt 5874.45 12.1146
f 1326/7690/212 1327/5095/212 1242/5091/212 1241/7689/212 

vt 5874.45 8.40779
f 1325/7691/212 1324/5097/212 1327/5095/212 1326/7690/212 

f 1317/7349/212 1319/5099/212 1324/5097/212 1325/7691/212 

vt 5870.28 8.40779
f 1325/7691/212 1318/7692/212 1317/7349/212

vt 5868.01 12.1146
f 1326/7690/212 1246/7693/212 1318/7692/212 1325/7691/212 

vt 5868.01 14.1815
f 1241/7689/212 1240/7694/212 1246/7693/212 1326/7690/212 

vt 5865.65 23.4083
f 1281/7688/212 1238/7695/212 1240/7694/212 1241/7689/212 

f 1584/6393/212 1236/6392/212 1238/7695/212 1281/7688/212 

f 1809/5161/3 1591/5100/3 1593/5103/3 1597/5119/3 1236/5207/3 1584/5160/3 

f 1809/7379/1 1232/7687/1 1586/6399/1 1591/6398/1 

vt -1029.81 25.86
vt -1029.81 29.9204
v 26.1875 0.656845 -149.563
vt -1031 25.86
f 1328/7696/1 1233/7697/1 1232/7687/1 1809/7379/1 1840/7698/1 

f 1233/7697/1 1329/5236/1 1335/5235/1 1232/7687/1 

v 26.5991 0.759978 -149.914
vt 5902.14 29.9204
vt 5902.14 38.93
f 1232/6404/212 1841/7699/212 1782/7700/212 1335/5241/212 

v 26.5991 0.759978 -150.02
vt 1047.21 5906.31
f 1842/7701/195 1783/7202/195 1778/7087/195 1233/4963/195 1232/4962/195 1841/7126/195 

usemtl Color_M05
vt -1966.46 -1207.84
vt -1948.98 -1212
vt -1948.84 -1207.84
f 1842/7702/477 1784/7703/477 1783/7704/477

vt -2366.8 -2610.27
vt -2384.16 -2605.64
vt -2384.68 -2610.27
f 1784/7705/478 1842/7706/478 1792/7707/478

usemtl FrontColor
vt 5906.31 29.9204
v 26.5991 0.656845 -149.914
vt 5902.14 25.86
vt 5908.59 25.86
f 1842/7708/212 1841/7699/212 1843/7709/212 1792/7710/212 

f 1841/7699/212 1842/7708/212 1781/6835/212 1782/7700/212 

f 1586/5082/195 1839/6799/195 1716/7683/195 1842/7701/195 1841/7126/195 1232/4962/195 

vt 5904.51 29.9204
f 1591/6403/212 1810/7382/212 1839/7711/212 1586/6404/212 

f 1591/5100/3 1809/5161/3 1843/7060/3 1792/7313/3 1717/6603/3 1810/6606/3 

vt 5902.14 23.4083
f 1282/5092/212 1791/7712/212 1843/7709/212 1809/6403/212 

f 1242/5091/212 1802/7367/212 1791/7712/212 1282/5092/212 

f 1327/5095/212 1800/7311/212 1802/7367/212 1242/5091/212 

f 1324/5097/212 1798/7308/212 1800/7311/212 1327/5095/212 

vt -1029.81 12.1146
vt -1047.21 12.1146
f 1324/5192/1 1262/7333/1 1253/7713/1 1327/7714/1 

vt -1029.81 14.1815
f 1327/7714/1 1253/7713/1 1243/7715/1 1242/5087/1 

vt -1029.81 23.4083
f 1282/5088/1 1242/5087/1 1243/7715/1 1283/7716/1 

f 1283/7716/1 1328/7696/1 1840/7698/1 1809/7379/1 1282/5088/1 

f 1328/5223/2 1777/7123/2 1780/7198/2 1283/5222/2 

vt -1029.81 5904.45
vt -1031 5888.3
f 1784/7717/3 1792/7313/3 1843/7060/3 1809/5161/3 1840/7718/3 1328/5210/3 1777/7095/3 1785/7312/3 

vt 5910.95 23.4083
f 1792/7710/212 1843/7709/212 1791/7712/212 1790/7719/212 

f 1790/7719/212 1791/7712/212 1802/7367/212 1801/7366/212 

v 26.8501 0.616773 -150.168
vt 2230.4 -3808.82
vt 2220.01 -3806.65
vt 2220.49 -3810.02
vt 2236.16 -3810.02
f 1844/7720/242 1792/7721/242 1790/7722/242 1806/7723/242 

vt 1949.27 -4461.44
vt 1948.79 -4457.46
vt 1933.25 -4457.46
vt 1943.56 -4460.02
f 1806/7724/243 1717/7725/243 1792/7726/243 1844/7727/243 

vt 5910.95 25.86
vt 5914.12 23.4083
f 1717/7728/212 1810/7382/212 1808/7381/212 1806/7729/212 

vt 5908.67 29.9204
f 1717/7728/212 1716/7730/212 1839/7711/212 1810/7382/212 

usemtl Color_M05
vt -1933.25 -2726.78
vt -1948.44 -2722.14
vt -1948.79 -2726.78
f 1792/7731/253 1716/7732/253 1717/7733/253

vt -1932.91 -2722.14
f 1716/7732/253 1792/7731/253 1842/7734/253

vt -1932.7 -779.475
vt -1948.44 -788.58
vt -1932.91 -788.58
f 1781/7735/398 1716/7736/398 1842/7737/398

usemtl FrontColor
vt 5908.67 -901.296
vn 0.506094 0.862478 -2.47319e-15
vt 5904.99 -883.494
vt 5902.14 -883.494
f 1716/7738/1052 1781/7739/1052 1782/7740/1052

usemtl Color_M05
vt -2343.56 -92.8735
vt -2327.77 -83.8617
vt -2343.52 -83.8617
f 1716/7741/399 1781/7742/399 1712/7743/399

usemtl FrontColor
f 1712/6798/195 1781/7125/195 1782/7126/195 1335/4962/195 1685/5082/195 1710/6800/195 1711/6799/195 

vt 2327.77 -2712.07
vt 2343.52 -2712.07
vt 2326.51 -2700.83
f 1781/7744/400 1712/7745/400 1695/7746/400

vt 5908.47 -875.818
vn 0.536491 0.843906 -0
vt 5899.26 -857.624
vt 5896.29 -857.624
vt 5904.51 -875.818
f 1712/7747/1053 1695/7748/1053 1696/7749/1053 1711/7750/1053 

usemtl Color_M05
vt -1931.83 -3192.96
vt -1942.65 -3192.96
vt -1947.89 -3198.9
vt -1948.41 -3204.84
f 1695/7751/401 1699/7752/401 1713/7753/401 1712/7754/401 

usemtl FrontColor
vt 1047.21 5899.26
vt 1047.21 5896.29
vt 1057.9 5900.9
f 1695/7755/195 1696/7756/195 1334/4962/195 1688/5082/195 1704/6789/195 1698/6788/195 1699/7757/195 

vt 1041.48 5895.3
f 1695/7755/195 1332/7758/195 1330/6742/195 1334/4962/195 1696/7756/195 

usemtl Color_M05
vt -4213.99 -2545.29
vt -4197.99 -2557.57
vt -4207.03 -2545.29
f 1695/7759/463 1333/7760/463 1332/7761/463

usemtl FrontColor
vt -5899.26 937.117
vt -5896.29 917.168
vt -5896.29 937.117
f 1695/7762/466 1333/7763/466 1696/7764/466

f 1781/6835/212 1695/6750/212 1696/6753/212 1334/5242/212 1335/5241/212 1782/7700/212 

vt -1062.56 48.691
f 1688/7765/1 1685/7684/1 1335/5235/1 1334/5234/1 

vt -1073.43 48.691
f 1709/7766/1 1604/7685/1 1685/7684/1 1688/7765/1 

vt 5880.36 48.691
f 1691/7767/212 1599/5239/212 1605/6436/212 1604/5241/212 1709/5242/212 

vt -4932.13 1840.28
vt -4919.07 1840.28
vt -4925.28 1851.83
f 1614/7768/438 1599/7769/438 1691/7770/438

vt -4932.13 293.656
vt -4922.45 289.512
vt -4919.07 293.656
f 1614/7771/439 1600/7772/439 1599/7773/439

vt 1082.64 5880.86
f 1604/6395/195 1605/6724/195 1599/6396/195 1614/7774/195 1728/6441/195 

usemtl Color_M05
vt 5888.3 -371.413
f 1728/7775/387 1614/6860/387 1726/6859/387

vt 5888.3 -701.254
vt 5880.36 -701.254
vt 5880.86 -714.674
vt 5888.3 -714.674
f 1709/7776/679 1691/7777/679 1614/7778/679 1728/7779/679 

usemtl FrontColor
vt 1073.43 5880.36
f 1689/6740/195 1690/6739/195 1691/7780/195 1709/6395/195 1688/5082/195 

v 26.9891 1.35857 -149.488
vt 5885.34 53.487
v 26.9891 1.29766 -149.356
vt 5880.16 51.089
f 1845/7781/212 1846/7782/212 1690/6721/212 1689/6720/212 1688/5242/212 1706/6752/212 

vt -1062.56 5351.73
vn 2.44702e-17 -0.907455 -0.42015
vt -1047.21 5363.15
vt -1062.56 5363.15
vt -1062.56 5357.44
f 1690/7783/1054 1692/7784/1054 1845/7785/1054 1846/7786/1054 

vt 5885.34 -983.633
vn 0.298154 0.954518 -3.69502e-15
vt 5874.98 -999.719
vt 5877.94 -999.719
v 26.9704 1.24259 -149.312
vt 5878.44 -998.948
f 1692/7787/1055 1690/7788/1055 1689/7789/1055 1847/7790/1055 1693/6775/1055 

usemtl Color_M05
vt 157.11 5127.66
vt 140.36 5136.9
vt 141.576 5127.66
vt 152.394 5127.66
f 1690/7791/433 1692/7792/433 1336/7793/433 1687/7794/433 

usemtl FrontColor
f 1692/7781/212 1336/5238/212 1339/5243/212 1334/5242/212 1693/6752/212 

vt -5880.3 917.168
vn -0.489292 0.87212 4.48144e-16
vt -5877.34 937.117
vt -5880.3 937.117
f 1278/7795/1056 1336/7796/1056 1339/7797/1056

usemtl Color_M05
vt -2494.14 3321.56
vt -2478.14 3333.84
vt -2485.11 3333.84
f 1278/7798/467 1336/7799/467 1331/7800/467

usemtl FrontColor
vt -1054.89 53.487
vt -1062.56 53.487
f 1334/5234/1 1693/6748/1 1707/7801/1 1706/7802/1 1688/7765/1 

vt -1062.56 5885.34
vt -1047.21 5885.34
f 1845/7803/3 1692/7804/3 1693/5161/3 1707/6779/3 1706/5100/3 

usemtl Color_M05
vt 5885.34 -950.561
vt 5880.36 -962.443
f 1845/7805/437 1691/7806/437 1709/6783/437 1706/6782/437 

vt 3572.05 4280.4
vt 3564.52 4290.85
vt 3562.22 4285.62
vt 3559.92 4280.4
f 1691/7807/436 1845/7808/436 1846/7809/436 1690/7810/436 

usemtl FrontColor
v 26.9891 1.55083 -149.217
vt 5874.68 61.0564
f 1686/6722/212 1690/6721/212 1846/7782/212 1848/7811/212 

vt 156.323 5430.93
vn -0.064487 0.905566 0.419275
vt 152.394 5425.28
vt 157.11 5425.28
f 1846/7812/1057 1687/7813/1057 1690/7814/1057

vt 5237.48 -887.748
vn 0.735856 -0.325857 0.593576
vt 5243.88 -885.211
vt 5239.62 -874.668
f 1687/7815/1058 1846/7816/1058 1848/7817/1058

usemtl Color_M05
vt -2497.45 847.029
vn -0.566402 0.14732 0.810855
vt -2491.26 842.095
vt -2493.05 859.531
f 1687/7818/1059 1686/7819/1059 1848/7820/1059

usemtl FrontColor
f 1688/7765/1 1706/7802/1 1709/7766/1

vt 5896.44 51.089
f 1701/7821/212 1702/6751/212 1706/6752/212 1688/5242/212 1704/6796/212 1698/6795/212 

vt -1942.65 -5115.26
vn -0.064487 0.905566 -0.419275
vt -1946.58 -5109.61
vt -1947.37 -5115.26
f 1699/7822/1060 1701/7823/1060 1698/7824/1060

vt 4182.58 1968.65
vn 0.727647 -0.44826 -0.519223
vt 4188.92 1965.97
v 26.9891 1.55083 -149.988
vt 4189.58 1979.8
f 1701/7825/1061 1699/7826/1061 1849/7827/1061

usemtl Color_M05
vt -4716.97 43.8105
vn -0.664304 -9.86158e-18 -0.747462
vt -4710.74 48.691
vt -4716.97 61.0564
f 1713/7828/1062 1699/7829/1062 1849/7830/1062

vt -1947.37 -3192.96
f 1698/7831/401 1713/7753/401 1699/7752/401

usemtl FrontColor
vt -1670.49 -3037.18
vt -1655.31 -3025.65
vt -1667.45 -3025.65
vt -1668.97 -3031.41
f 1712/7832/459 1708/7833/459 1698/7834/459 1713/7835/459 

vt -5896.23 831.23
vt -5908.47 816.62
vt -5904.51 816.62
f 1708/7836/460 1712/7837/460 1711/7838/460

vt -777.131 -3822.02
vt -791.217 -3834.85
vt -779.802 -3834.85
f 1708/7839/458 1712/7840/458 1714/7841/458

vt 5896.23 48.691
f 1714/6835/212 1708/7842/212 1709/5242/212 1604/5241/212 1715/6836/212 

vt -3428.34 -2600.55
vt -3415.28 -2600.55
vt -3422.14 -2589
f 1714/7843/457 1730/7844/457 1708/7845/457

vt 1082.64 5895.73
f 1715/6801/195 1604/6395/195 1728/6441/195 1730/7846/195 1714/6797/195 

v 27.459 0.883865 -149.563
vt -1081.06 34.7978
v 27.3313 0.883865 -149.563
vt -1076.04 34.7978
f 1728/6857/1 1727/6856/1 1850/7847/1 1851/7848/1 1603/7686/1 1604/7685/1 

f 1850/7847/1 1727/6856/1 1725/6851/1 1612/6854/1 1611/6853/1 1602/6852/1 1603/7686/1 1851/7848/1 

v 27.459 0.883865 -149.372
f 1613/6451/3 1600/6452/3 1851/6453/3 1850/6454/3 1852/6450/3 

v 27.459 0.883865 -149.754
f 1723/6850/3 1731/6848/3 1853/6849/3 1850/6454/3 1851/6453/3 

vt -3688.64 299.528
vt -3686.52 303.667
vt -3696.21 299.528
f 1731/7849/455 1730/7850/455 1723/7851/455

vt -3424.97 -336.636
vt -3415.28 -332.492
vt -3428.34 -332.492
f 1723/7852/456 1730/7853/456 1714/7854/456

vt -3688.64 34.7978
vt -3696.21 34.7978
vt -3696.21 32.1728
vt -3688.64 32.1728
f 1731/7855/474 1723/7856/474 1722/7857/474 1721/7858/474 

f 1604/7685/1 1709/7766/1 1728/6857/1

usemtl Color_M05
vt 5896.23 -701.254
vn 0.727344 0.686273 -1.83508e-17
vt 5895.73 -714.674
f 1708/7859/1063 1709/7776/1063 1728/7779/1063 1730/7860/1063 

f 1728/7775/387 1726/6859/387 1730/6863/387

usemtl FrontColor
vt 5905.04 61.0564
f 1701/7821/212 1698/6795/212 1713/6794/212 1849/7861/212 

vt -5904.99 947.82
vn -0.459851 0.887996 2.01419e-16
vt -5903.53 928.228
vt -5902.14 947.82
f 1781/7862/1064 1783/7863/1064 1782/7864/1064

usemtl Color_M05
vt -1948.84 -786.176
vt -1966.25 -777.072
vt -1966.46 -786.176
f 1783/7865/395 1781/7866/395 1842/7867/395

usemtl FrontColor
f 1836/7663/195 1806/7378/195 1808/6799/195 1807/7377/195 1284/5082/195 1595/6395/195 1837/7664/195 

v 27.1668 0.511016 -150.173
vt 515.069 1956.13
vt 518.856 1959.61
vt 507.938 1959.61
vt 508.233 1949.86
f 1854/7868/246 1836/7869/246 1806/7870/246 1661/7871/246 

vt 1201.32 1221.24
vt 1197.43 1217.88
vt 1190.4 1211.81
vt 1201.28 1211.81
f 1836/7872/247 1854/7873/247 1661/7874/247 1658/7875/247 

f 1658/7656/195 1661/7368/195 1804/6799/195 1803/6800/195 1287/5082/195 1308/6395/195 

vt 5910.95 14.1815
vt 5910.95 12.1146
f 1661/7876/212 1804/7384/212 1662/7385/212 1660/7877/212 

f 1808/7381/212 1804/7384/212 1661/7876/212 1806/7729/212 

vt 5908.67 8.40779
f 1660/7877/212 1662/7385/212 1776/7074/212 1664/7878/212 

f 1664/7878/212 1776/7074/212 1770/7073/212

f 1595/6660/1 1308/7388/1 1287/5086/1 1284/5085/1 

f 1681/6659/1 1675/7446/1 1308/7388/1 1595/6660/1 

f 1627/6536/1 1636/6535/1 1675/7446/1 1681/6659/1 

vt 5906.41 23.4083
f 1677/7879/212 1681/5092/212 1675/5091/212 1674/7655/212 1673/6639/212 

f 1673/6639/212 1654/6638/212 1677/7879/212

vt -3513.53 -834.912
vn -0.711188 -0.174356 0.681037
vt -3517.12 -825.542
vt -3518.83 -834.912
f 1653/7880/1065 1677/7881/1065 1654/7882/1065

f 1311/7444/1 1305/7387/1 1308/7388/1 1675/7446/1 

f 1315/7038/1 1300/5109/1 1305/7387/1 1311/7444/1 

f 1658/6597/212 1836/7680/212 1837/7682/212 1595/5092/212 1308/5091/212 

f 1809/6403/212 1843/7709/212 1841/7699/212 1232/6404/212 

vt -1029.81 5872.14
f 1236/5207/3 1235/7883/3 1251/5208/3 1277/5209/3 1328/5210/3 1840/7718/3 1809/5161/3 1584/5160/3 

f 1229/5250/2 1251/5075/2 1235/5079/2

f 1251/5075/2 1229/5250/2 1234/5224/2 1277/5076/2 

f 1783/7133/2 1785/7210/2 1777/7123/2 1778/7122/2 

f 1785/7210/2 1783/7133/2 1784/7211/2

vt 1204.65 -1267.09
vn 0.0294831 -0.220831 0.974866
vt 1207.83 -1271.19
vt 1207.8 -1267.03
f 1416/7884/1066 1784/7885/1066 1783/7886/1066

vt 2767.01 11.3717
vn 0.302975 0 0.952999
vt 2770.31 23.4083
vt 2770.31 25.86
vt 2767.01 29.8599
f 1256/7887/1067 1787/7888/1067 1784/7889/1067 1416/7890/1067 

vt 3231.04 -99.5659
vn 0.386236 -0.024359 0.922078
vt 3227.74 -111.606
vt 3231.13 -108.795
f 1787/7891/1068 1256/7892/1068 1789/7893/1068

f 1784/7211/2 1789/7327/2 1787/7212/2

f 1242/5087/1 1287/5086/1 1291/7386/1 1327/7714/1 

f 1327/7714/1 1291/7386/1 1293/5108/1 1324/5192/1 

vt 5867.92 29.9204
f 1587/7894/212 1597/6413/212 1593/6402/212 1585/6405/212 

vt -3040.5 25.86
vn -0.653641 -4.49223e-13 0.756805
vt -3052.66 23.4083
v 27.3486 0.612098 -150.121
vt -3048.33 24.0983
f 1678/7895/1069 1836/7896/1069 1855/7897/1069

f 1288/5089/212 1286/5093/212 1285/6414/212 1307/5200/212 

usemtl Color_M05
vn 0.145987 0.989286 -0
vt 5896.29 -1013.1
vt 5899.17 -1009.91
f 1343/6388/1070 1329/6387/1070 1333/7898/1070 1344/7899/1070 

usemtl FrontColor
vt 3587.23 2932
vt 3595.51 2920.37
vt 3603.97 2920.37
f 1630/7900/519 1737/7901/519 1746/7902/519

vt -5873.06 928.228
vn -0.459851 0.887996 -1.54938e-17
vt -5871.61 947.82
vt -5874.45 947.82
f 1229/7903/1071 1337/7904/1071 1338/7905/1071

usemtl Color_M05
vt 107.179 896.972
vt 89.7696 887.867
vt 107.389 887.867
f 1337/7906/269 1229/7907/269 1230/7908/269

vt 3122.16 3321.79
vn 0.273699 0.64887 0.70997
vt 3113.63 3327.12
vt 3112.29 3321.79
f 1623/7909/1072 1589/7910/1072 1596/7911/1072

usemtl FrontColor
vt 3341.71 3360.31
vt 3357.54 3364.76
vt 3361.71 3379.06
vt 3343.88 3362.34
f 1359/7912/506 1459/7913/506 1476/7914/506 1477/7915/506 

usemtl M_0128_White
vt -4183.35 2161.32
f 1476/7916/14 1459/5666/14 1461/5665/14

v 26.552 -0.267479 -150.579
vt -4315.26 2664.19
vt -4270.4 2676.6
vt -4276.41 2690.22
f 1856/7917/41 1459/7918/41 1476/7919/41

usemtl FrontColor
vt -4166.5 -4251.32
vt -4165.82 -4205.51
vt -4174.72 -4205.51
f 1856/7920/42 1458/7921/42 1459/7922/42

vt -5928.29 -1012.57
vn -0.25841 -0.966035 1.39396e-14
v 26.552 -0.267479 -150.533
vt -5926.51 -1012.57
v 26.552 -0.267479 -150.474
vt -5924.17 -1012.57
v 26.552 -0.267479 -150.449
vt -5923.19 -1012.57
v 26.552 -0.267479 -150.165
vt -5912 -1012.57
v 26.552 -0.267479 -150.06
vt -5907.89 -1012.57
v 26.552 -0.267479 -150.03
vt -5906.69 -1012.57
v 26.552 -0.267479 -150.026
vt -5906.52 -1012.57
vt -5901.28 -975.562
f 1856/7923/1073 1857/7924/1073 1858/7925/1073 1859/7926/1073 1860/7927/1073 1861/7928/1073 1862/7929/1073 1863/7930/1073 1458/7931/1073 

usemtl M_0128_White
vt -1045.36 5906.52
vn -1.11777e-16 -1 5.04219e-17
vt -1045.36 5906.69
vt -1045.36 5907.89
vt -1045.36 5912
vt -1045.36 5923.19
vt -1045.36 5924.17
vt -1045.36 5926.51
vt -1045.36 5928.29
v 27.7661 -0.267479 -150.475
vt -1093.15 5924.23
v 27.7661 -0.267479 -150.342
vt -1093.15 5918.96
v 27.7661 -0.267479 -150.204
vt -1093.15 5913.54
v 27.7661 -0.267479 -150.11
vt -1093.15 5909.83
f 1863/7932/1074 1862/7933/1074 1861/7934/1074 1860/7935/1074 1859/7936/1074 1858/7937/1074 1857/7938/1074 1856/7939/1074 1864/7940/1074 1865/7941/1074 1866/7942/1074 1867/7943/1074 

vt -5912 -10.5307
vn -1 -3.31492e-14 2.9595e-13
vt -5907.89 -10.5307
vt -5906.69 -10.5307
vt -5906.52 -10.5307
v 26.552 -0.0557016 -150.026
vt -5906.52 -2.19298
v 26.552 -0.0557016 -150.165
vt -5912 -2.19298
f 1860/7944/1075 1861/7945/1075 1862/7946/1075 1863/7947/1075 1868/7948/1075 1869/7949/1075 

vt -1451.29 -10.5307
vn -0.0691497 -1.61965e-17 -0.997606
vt -1451.29 -2.19298
v 27.7661 -0.131724 -150.11
vt -1499.2 -5.186
vt -1499.2 -10.5307
f 1863/7950/1076 1868/7951/1076 1870/7952/1076 1867/7953/1076 

usemtl FrontColor
vt 2083.95 -2.19298
vn 0.178687 -1.92769e-16 0.983906
vt 2055.18 9.54215
vt 2083.95 -10.5307
f 1868/7954/1077 1464/7955/1077 1863/7956/1077

vt 2530.91 1128.15
vt 2559.57 1116.15
vt 2534.99 1135.9
f 1464/7957/15 1868/7958/15 1465/7959/15

vt 3987.1 2220.98
vt 4009.48 2198.76
vt 4012.38 2208.2
f 1465/7960/23 1868/7961/23 1469/7962/23

usemtl M_0128_White
vn -1 0 2.48653e-13
vt -5912 6.02028
f 1868/7948/1078 1469/7963/1078 1869/7949/1078

vt -1691.43 3181.29
vt -1692.03 3191.15
vt -1739.3 3177.7
f 1868/7964/22 1469/7965/22 1870/7966/22

v 27.7661 0.00200431 -150.204
vt -1787.65 3289.89
vt -1787.21 3283.46
vt -1740.01 3297.14
f 1871/7967/27 1870/7968/27 1469/7969/27

vt -5909.83 -5.186
vn -1 -5.09022e-29 4.9072e-13
vt -5913.54 0.0789097
v 27.7661 -0.131724 -150.204
vt -5913.54 -5.186
f 1870/7970/1079 1871/7971/1079 1872/7972/1079

v 27.7661 0.00200431 -150.342
vt -5918.96 0.0789097
v 27.7661 -0.131724 -150.342
vt -5918.96 -5.186
f 1871/7971/684 1873/7973/684 1874/7974/684 1872/7972/684 

vt 5912 -1036.63
vn 0.123354 0.992363 1.96814e-15
vt 5913.54 -1084.8
vt 5918.96 -1084.8
vt 5923.19 -1036.63
vt 5912.95 -1036.63
vt 5912.17 -1036.63
f 1469/7975/1080 1871/7976/1080 1873/7977/1080 1468/7978/1080 1471/7979/1080 1470/7980/1080 

vt 162.899 -4207.13
v 27.7661 -0.131724 -150.475
vt 163.995 -4214.49
vt 210.53 -4198.82
f 1873/7981/31 1875/7982/31 1468/7983/31

vn -1 2.52318e-29 1.72747e-13
vt -5924.23 -5.186
f 1873/7973/1081 1875/7984/1081 1874/7974/1081

vt 5909.83 -1091.34
vt 5913.54 -1091.34
vt 5918.96 -1091.34
vt 5924.23 -1091.34
v 26.552 -0.0557016 -150.579
vt 5928.29 -1043.45
v 26.552 -0.0557016 -150.533
vt 5926.51 -1043.45
v 26.552 -0.0557016 -150.449
vt 5923.19 -1043.45
vt 5912 -1043.45
vt 5906.52 -1043.45
f 1870/7985/687 1872/7986/687 1874/7987/687 1875/7988/687 1876/7989/687 1877/7990/687 1878/7991/687 1869/7992/687 1868/7993/687 

vt -5909.83 -10.5307
vn -1 0 4.9072e-13
vt -5913.54 -10.5307
f 1867/7994/1082 1870/7970/1082 1872/7972/1082 1866/7995/1082 

vt -5918.96 -10.5307
f 1872/7972/684 1874/7974/684 1865/7996/684 1866/7995/684 

vt -5924.23 -10.5307
f 1875/7984/686 1864/7997/686 1865/7996/686 1874/7974/686 

vt 587.427 -10.5307
vn -0.0847027 -1.6177e-17 0.996406
vt 587.427 -5.186
vt 539.457 -2.19298
vt 539.457 -10.5307
f 1864/7998/1083 1875/7999/1083 1876/8000/1083 1856/8001/1083 

vt -308.669 -3154.47
vt -309.296 -3144.83
vt -356.603 -3157.99
f 1876/8002/32 1468/8003/32 1875/8004/32

vt -5923.19 -2.19298
vt -5923.19 6.02028
vt -5928.29 -2.19298
vt -5926.51 -2.19298
f 1878/8005/2 1468/8006/2 1876/8007/2 1877/8008/2 

vn -1 3.229e-14 -1.50245e-14
vt -5912.17 6.02028
vt -5912.95 6.02028
f 1869/7949/1084 1469/7963/1084 1470/8009/1084 1471/8010/1084 1468/8006/1084 1878/8005/1084 

vt 5912 -877.614
vn 0.538483 0.842637 -2.30853e-15
vt 5912.17 -877.614
vt 5912.95 -877.614
vt 5923.19 -877.614
vt 5917.18 -843.09
f 1469/8011/1085 1470/8012/1085 1471/8013/1085 1468/8014/1085 1467/8015/1085 

vt 78.413 -3135.31
vt 104.922 -3103.92
vt 77.4626 -3125.69
f 1876/8016/33 1467/8017/33 1468/8018/33

vt -547.639 -2646.13
vt -575.766 -2676.08
vt -538.735 -2654.49
f 1467/8019/34 1876/8020/34 1475/8021/34

usemtl FrontColor
vt -2628.17 1062.17
vt -2585.99 1074.14
vt -2590.1 1081.88
f 1876/8022/35 1476/8023/35 1475/8024/35

vt -2280.31 9.54215
vt -2322.55 -2.19298
vt -2322.55 -10.5307
f 1476/8025/36 1876/8026/36 1856/8027/36

usemtl M_0128_White
vt -5928.29 -10.5307
vt -5926.51 -10.5307
vt -5924.17 -10.5307
vt -5923.19 -10.5307
f 1856/8028/2 1857/8029/2 1858/8030/2 1859/8031/2 1878/8005/2 1877/8008/2 1876/8007/2 

f 1860/7944/692 1869/7949/692 1878/8005/692 1859/8031/692 

f 1475/5710/14 1476/7916/14 1461/5665/14 1474/5709/14 

usemtl FrontColor
f 1460/5664/14 1472/5706/14 1474/5709/14 1461/5665/14 

f 1464/5669/14 1465/5704/14 1473/5707/14 1472/5706/14 1460/5664/14 

usemtl M_0128_White
vt 4043.14 -3237.31
vt 4065 -3210.09
vt 4056.11 -3209.89
f 1469/8032/51 1467/8033/51 1466/8034/51

vt 1735.75 -450.646
vt 1771.88 -460.24
vt 1743.15 -440.105
vt 1738.05 -447.367
vt 1735.79 -450.596
f 1458/8035/17 1863/8036/17 1464/8037/17 1463/8038/17 1462/8039/17 

usemtl FrontColor
vt 5671.37 1705.66
vt 5712.14 1684.74
v 25.6975 -0.0342458 -149.952
vt 5674.43 1704.83
v 25.6683 -0.0289608 -149.919
vt 5672.76 1705.28
f 1458/8040/43 1856/8041/43 1879/8042/43 1880/8043/43 

usemtl M_0128_White
f 1428/5555/703 1438/5554/703 1443/5573/703 1429/5572/703 

usemtl FrontColor
f 1292/5096/212 1302/5199/212 1294/5098/212

g Mesh17 Model

v 15.3539 1.40389 -158.816
vt 6252.6 55.2713
v 15.3539 1.15596 -158.671
vt 6246.87 45.5104
v 15.3539 1.15596 -158.743
vt 6249.71 45.5104
v 15.3539 1.15596 -159.094
vt 6263.56 45.5104
v 15.3539 1.40389 -159.094
vt 6263.56 55.2713
v 15.3539 1.40389 -158.891
vt 6255.56 55.2713
f 1881/8044/212 1882/8045/212 1883/8046/212 1884/8047/212 1885/8048/212 1886/8049/212 

vt 2250.96 2764.05
v 14.912 1.15596 -158.891
vt 2270.41 2764.05
vt 2253.52 2775.08
f 1882/8050/409 1887/8051/409 1881/8052/409

vt 587.085 6255.56
vt 604.483 6246.87
vt 604.483 6249.71
vt 604.483 6263.56
v 14.912 1.15596 -159.094
vt 587.085 6263.56
f 1887/8053/195 1882/8054/195 1883/8055/195 1884/8056/195 1888/8057/195 

usemtl Color_M05
vt -2270.41 3455.74
v 14.912 0.92712 -158.708
vt -2267.17 3444.64
vt -2250.96 3455.74
f 1887/8058/271 1889/8059/271 1882/8060/271

usemtl FrontColor
vt -6248.33 36.5008
vt -6255.56 45.5104
v 14.912 0.92712 -158.891
vt -6255.56 36.5008
f 1889/8061/2 1887/8062/2 1890/8063/2

vt -6263.56 45.5104
v 14.912 0.92712 -159.094
vt -6263.56 36.5008
f 1887/8062/2 1888/8064/2 1891/8065/2 1890/8063/2 

usemtl Color_M05
v 15.2083 1.40389 -159.094
vt -6263.56 494.68
vt -6263.56 479.469
vt -6255.56 479.469
v 15.2083 1.40389 -158.917
vt -6256.56 494.68
f 1892/8066/674 1888/8067/674 1887/8068/674 1893/8069/674 

v 15.2083 1.40389 -159.272
vt -6270.56 494.68
v 14.912 1.15596 -159.298
vt -6271.56 479.469
f 1888/8067/868 1892/8066/868 1894/8070/868 1895/8071/868 

usemtl FrontColor
vt -604.483 55.2713
vt -604.483 45.5104
vt -587.085 45.5104
vt -598.751 55.2713
f 1885/8072/1 1884/8073/1 1888/8074/1 1892/8075/1 

v 15.3539 1.15596 -159.518
vt 6280.25 45.5104
v 15.3539 1.40389 -159.373
vt 6274.52 55.2713
v 15.3539 1.40389 -159.298
vt 6271.56 55.2713
v 15.3539 1.15596 -159.446
vt 6277.41 45.5104
f 1896/8076/212 1897/8077/212 1898/8078/212 1885/8048/212 1884/8047/212 1899/8079/212 

vt 1979.05 -2936.85
v 15.7439 1.15596 -159.607
vt 1994.79 -2936.85
vt 1977.78 -2925.6
f 1896/8080/400 1900/8081/400 1897/8082/400

usemtl Color_M05
v 15.7439 0.92712 -159.612
vt -1994.84 -96.6009
vt -1979.05 -87.589
vt -1994.79 -87.589
f 1901/8083/399 1896/8084/399 1900/8085/399

vt -1552.17 -836.102
vt -1567.91 -845.207
v 15.3539 0.92712 -159.552
vt -1552.37 -845.207
f 1896/8086/398 1901/8087/398 1902/8088/398

usemtl FrontColor
vt 6283.94 -516.124
vn 0.506094 0.862478 -1.2366e-15
vt 6280.25 -498.321
vt 6277.41 -498.321
f 1901/8089/1086 1896/8090/1086 1899/8091/1086

vt 604.483 6280.25
vt 587.085 6271.56
vt 604.483 6277.41
f 1896/8092/195 1895/8093/195 1888/8057/195 1884/8056/195 1899/8094/195 

usemtl Color_M05
v 14.912 0.92712 -159.481
vt -3331.18 -3095.05
vt -3327.95 -3083.96
vt -3347.4 -3083.96
f 1903/8095/394 1895/8096/394 1896/8097/394

usemtl FrontColor
vt -6271.56 45.5104
vt -6278.8 36.5008
v 14.912 0.92712 -159.298
vt -6271.56 36.5008
f 1895/8098/2 1903/8099/2 1904/8100/2

v 14.912 0.823986 -159.505
vt -6279.72 32.4404
v 14.912 0.823986 -159.298
vt -6271.56 32.4404
f 1904/8100/2 1903/8099/2 1905/8101/2 1906/8102/2 

vt 604.483 6281.58
vt 587.085 6278.8
v 15.3539 0.92712 -159.094
v 15.3539 0.92712 -159.446
f 1902/8103/195 1903/8104/195 1904/8093/195 1891/8057/195 1907/8056/195 1908/8094/195 

usemtl Color_M05
vt -1588.52 -1297.56
vt -1571.05 -1301.72
vt -1570.9 -1297.56
f 1902/8105/477 1905/8106/477 1903/8107/477

vt -2022.81 -2828
vt -2040.17 -2823.38
v 15.3539 0.823986 -159.61
vt -2040.7 -2828
f 1905/8108/478 1902/8109/478 1909/8110/478

vt -1567.91 -2928.47
vt -1552.72 -2933.11
vt -1552.37 -2928.47
f 1901/8111/253 1909/8112/253 1902/8113/253

v 15.7439 0.823986 -159.67
vt -1568.25 -2933.11
f 1909/8112/253 1901/8111/253 1910/8114/253

usemtl FrontColor
vt 6286.21 32.4404
vt 6283.94 36.5008
v 15.7439 0.92712 -159.506
vt 6279.77 36.5008
v 15.7439 0.823986 -159.506
vt 6279.77 32.4404
f 1910/8115/212 1901/8116/212 1911/8117/212 1912/8118/212 

usemtl Color_M05
v 16.02 0.92712 -159.518
vt 1420.87 -2847.29
vt 1433.08 -2851.89
vt 1432.35 -2847.29
f 1913/8119/252 1910/8120/252 1901/8121/252

vt 667.169 -4164.81
vt 655.316 -4159.36
v 16.02 0.823986 -159.613
vt 656.068 -4164.81
f 1910/8122/251 1913/8123/251 1914/8124/251

usemtl FrontColor
v 16.02 0.92712 -159.366
vt 6274.25 36.5008
v 16.02 0.92712 -159.094
vt 6263.56 36.5008
v 16.02 0.823986 -159.094
vt 6263.56 32.4404
vt 6283.96 32.4404
vt 6280.25 36.5008
f 1915/8125/212 1916/8126/212 1917/8127/212 1914/8128/212 1913/8129/212 

v 16.02 0.92712 -158.671
vt 6246.87 -590.501
vn 0.300875 0.953664 1.32986e-16
v 16.3469 0.823986 -158.852
vt 6254.02 -603.996
v 16.122 0.894945 -159.462
vt 6278.02 -594.711
vt 6280.25 -590.501
vt 6274.25 -590.501
vt 6263.56 -590.501
v 16.02 0.92712 -158.823
vt 6252.87 -590.501
f 1918/8130/1087 1919/8131/1087 1920/8132/1087 1913/8133/1087 1915/8134/1087 1916/8135/1087 1921/8136/1087 

vt -4417.03 2362.55
vt -4402.52 2367.31
v 16.2539 0.92712 -158.858
vt -4414.33 2367.31
f 1919/8137/941 1918/8138/941 1922/8139/941

usemtl Color_M05
vt 5879.95 2013.71
vt 5867.79 2022.96
v 16.2539 0.823986 -158.666
vt 5871.77 2013.71
f 1919/8140/940 1918/8141/940 1923/8142/940

vt 2844.05 3657.33
vt 2835.52 3662.66
v 16.02 0.823986 -158.576
vt 2834.18 3657.33
f 1923/8143/1072 1918/8144/1072 1924/8145/1072

vt 1883.78 4021.46
v 15.7439 0.823986 -158.519
vt 1871.93 4016.01
vt 1883.03 4016.01
f 1918/8146/258 1925/8147/258 1924/8148/258

vt 2592.45 2702.6
vt 2604.66 2707.2
v 15.7439 0.92712 -158.577
vt 2593.18 2707.2
f 1925/8149/259 1918/8150/259 1926/8151/259

vt 2604.66 159.73
v 15.7439 1.15596 -158.582
vt 2593.24 168.742
vt 2593.18 159.73
f 1918/8152/934 1927/8153/934 1926/8154/934

usemtl FrontColor
vt 2495.57 45.5104
vn 0.305171 -3.38605e-17 0.952298
vt 2506.99 36.5008
v 16.02 1.15596 -158.671
vt 2506.99 45.5104
f 1927/8155/1088 1918/8156/1088 1928/8157/1088

vt 6246.87 36.5008
vt 6252.87 36.5008
v 16.02 0.984331 -159.094
vt 6263.56 38.7532
v 16.02 1.05101 -159.094
vt 6263.56 41.3782
v 16.02 1.15596 -159.094
v 16.02 1.15596 -158.799
vt 6251.91 45.5104
f 1928/8045/212 1918/8158/212 1921/8159/212 1916/8126/212 1929/8160/212 1930/8161/212 1931/8047/212 1932/8162/212 

vt -4487 36.5008
vt -4487 45.5104
v 16.0861 1.05101 -158.726
vt -4490.39 41.3782
v 16.0861 0.984331 -158.726
vt -4490.39 38.7532
f 1918/8163/476 1928/8164/476 1933/8165/476 1934/8166/476 

v 16.2539 1.15596 -158.906
vt -4885.82 343.823
vt -4876.14 339.679
vt -4872.77 343.823
f 1935/8167/439 1933/8168/439 1928/8169/439

vt -5100.46 -160.658
v 16.2137 1.05101 -158.869
vt -5098.34 -164.797
vt -5090.77 -164.797
f 1935/8170/440 1936/8171/440 1933/8172/440

vt 3954.89 432.703
v 16.3469 0.92712 -158.944
vt 3960.89 427.81
vt 3957 436.849
f 1936/8173/441 1937/8174/441 1935/8175/441

vt 3634.18 36.5008
vt 3628.16 41.3782
v 16.2137 0.984331 -158.869
vt 3628.16 38.7532
f 1937/8176/677 1936/8177/677 1938/8178/677

vt -5090.77 41.3782
vt -5098.34 41.3782
vt -5098.34 38.7532
vt -5090.77 38.7532
f 1933/8179/443 1936/8180/443 1938/8181/443 1934/8182/443 

vt -638.336 6254.7
vt -633.309 6249.04
v 16.0861 1.05101 -159.094
vt -633.309 6263.56
v 16.2137 1.05101 -159.094
vt -638.336 6263.56
v 16.2137 1.05101 -158.904
vt -638.336 6256.04
f 1936/8183/3 1933/8184/3 1939/8185/3 1940/8186/3 1941/8187/3 

v 16.0861 1.05101 -159.463
vt -633.309 6278.08
v 16.2137 1.05101 -159.32
vt -638.336 6272.42
v 16.2137 1.05101 -159.285
vt -638.336 6271.08
f 1942/8188/3 1943/8189/3 1944/8190/3 1940/8186/3 1939/8185/3 

vt -4263.26 301.532
v 16.2539 1.15596 -159.283
vt -4261.14 305.671
vt -4270.83 301.532
f 1943/8191/455 1945/8192/455 1942/8193/455

v 16.3469 0.92712 -159.245
vt 2889.72 -412.213
vt 2895.72 -407.32
vt 2893.62 -403.175
f 1946/8194/454 1943/8195/454 1945/8196/454

vt 2524.81 41.3782
vn 0.491172 0 -0.871063
vt 2518.79 36.5008
v 16.2137 0.984331 -159.32
vt 2524.81 38.7532
f 1943/8197/1089 1946/8198/1089 1947/8199/1089

vt -3791.58 -2613.28
v 16.2539 0.92712 -159.331
vt -3790.71 -2615.93
vt -3785.72 -2615.93
f 1947/8200/452 1948/8201/452 1946/8202/452

vt 3439.76 -2653.85
v 16.1978 0.979619 -159.336
vt 3429.8 -2651.45
vt 3428.91 -2651.24
vt 3427.95 -2653.85
f 1913/8203/451 1949/8204/451 1947/8205/451 1948/8206/451 

vt -4274.18 1044.63
vt -4264.16 1046.74
vt -4263.26 1046.93
v 16.0861 0.984331 -159.463
vt -4270.83 1046.93
f 1913/8207/449 1949/8208/449 1947/8209/449 1950/8210/449 

vt -6280.25 615.228
vt -6274.25 615.228
vt -6273.07 622.527
f 1913/8211/937 1915/8212/937 1949/8213/937

v 15.7439 0.92712 -159.094
vt 619.838 6263.56
vt 630.708 6263.56
vt 630.708 6274.25
vt 630.708 6280.25
vt 619.838 6283.94
vt 619.838 6279.77
f 1951/8214/195 1916/8215/195 1915/8216/195 1913/8217/195 1901/8218/195 1911/8219/195 

v 15.7439 0.92712 -158.683
vt 619.838 6247.35
vt 619.838 6243.18
vt 630.708 6246.87
vt 630.708 6252.87
f 1916/8215/195 1951/8214/195 1952/8220/195 1926/8221/195 1918/8222/195 1921/8223/195 

v 15.7439 0.823986 -159.094
vt -619.838 32.4404
vt -619.838 36.5008
vt -630.708 36.5008
vt -630.708 32.4404
f 1953/8224/1 1951/8225/1 1916/8226/1 1917/8227/1 

v 15.7439 0.823986 -158.683
vt 6247.35 32.4404
vt 6247.35 36.5008
f 1954/8228/212 1953/8127/212 1951/8126/212 1952/8229/212 

vt -630.708 6243.16
vt -619.838 6240.91
vt -619.838 6247.35
vt -619.838 6263.56
vt -630.708 6263.56
f 1924/8230/3 1925/8231/3 1954/8232/3 1953/8233/3 1917/8234/3 

vt -1883.03 4717.01
v 15.7439 0.761712 -158.439
vt -1871.29 4713.05
vt -1871.93 4717.01
f 1924/8235/393 1955/8236/393 1925/8237/393

vt -1197.27 5385.18
vt -1208.6 5390.2
v 16.02 0.761712 -158.464
vt -1208.19 5385.18
f 1955/8238/392 1924/8239/392 1956/8240/392

usemtl Color_M05
vt 2832.6 4819.52
vt 2844.05 4824.3
vt 2834.18 4824.3
f 1956/8241/959 1923/8242/959 1924/8243/959

vt 4190.01 1826.98
vt 4177.88 1824.32
v 16.2539 0.761712 -158.634
vt 4189.26 1824.32
f 1923/8244/960 1956/8245/960 1957/8246/960

usemtl FrontColor
vt 630.708 6238.76
vt 639.918 6245.45
v 16.2539 0.761712 -159.094
vt 639.918 6263.56
v 16.02 0.761712 -159.094
f 1956/8247/195 1957/8248/195 1958/8249/195 1959/8215/195 

usemtl Color_M05
vt 4177.88 977.66
v 16.2539 0.527352 -158.574
vt 4187.88 968.237
vt 4189.26 977.66
f 1956/8250/961 1960/8251/961 1957/8252/961

vt 2201.07 -1138.43
vt 2191.06 -1129.02
v 16.02 0.527352 -158.513
vt 2191.55 -1138.43
f 1960/8253/962 1956/8254/962 1961/8255/962

usemtl FrontColor
v 15.7439 0.527352 -158.519
vt -484.451 -1252.15
vt -495.366 -1242.73
vt -495.324 -1252.15
f 1962/8256/214 1956/8257/214 1961/8258/214

vt -1208.19 -1962.72
vt -1197.56 -1972.47
vt -1197.27 -1962.72
f 1956/8259/213 1962/8260/213 1955/8261/213

v 15.7439 0.527352 -158.683
vt 6247.35 20.7619
v 15.7439 0.761712 -158.683
vt 6247.35 29.9887
vt 6237.74 29.9887
vt 6240.91 20.7619
f 1963/8262/212 1964/8263/212 1955/8264/212 1962/8265/212 

v 15.7439 0.527352 -159.034
vt 6261.2 20.7619
v 15.7439 0.527352 -159.094
vt 6263.56 20.7619
v 15.7439 0.761712 -159.094
vt 6263.56 29.9887
f 1963/8262/212 1965/8266/212 1966/8267/212 1967/8268/212 1964/8263/212 

v 15.3539 0.527352 -158.579
vt 604.483 6243.27
vt 619.838 6240.91
vt 619.838 6261.2
v 15.3539 0.527352 -159.094
v 15.3539 0.527352 -158.743
f 1968/8269/195 1962/8270/195 1963/8220/195 1965/8271/195 1966/8214/195 1969/8056/195 1970/8055/195 

vt 351.634 -1993.59
vt 335.617 -1983.84
vt 336.099 -1993.59
f 1968/8272/492 1955/8273/492 1962/8274/492

v 15.3539 0.761712 -158.519
vt 669.595 -1486.7
vt 653.917 -1486.7
vt 670.072 -1496.21
f 1971/8275/493 1955/8276/493 1968/8277/493

v 15.3539 0.823986 -158.579
vt 670.072 4303.09
vt 653.917 4299.72
vt 669.595 4299.72
f 1972/8278/256 1955/8279/256 1971/8280/256

vt 336.099 4951.61
vt 335.617 4947.63
vt 351.634 4951.61
f 1925/8281/257 1955/8282/257 1972/8283/257

vt 6240.91 32.4404
f 1954/8228/212 1925/8284/212 1955/8264/212 1964/8263/212 

vt 6243.18 36.5008
f 1926/8285/212 1925/8284/212 1954/8228/212 1952/8229/212 

usemtl Color_M05
vt -336.445 3064.07
vt -351.634 3059.43
vt -336.099 3059.43
f 1926/8286/412 1972/8287/412 1925/8288/412

v 15.3539 0.92712 -158.637
vt -351.979 3064.07
f 1972/8287/412 1926/8286/412 1973/8289/412

usemtl FrontColor
v 15.3539 0.92712 -158.743
vt 604.483 6245.55
f 1952/8220/195 1951/8214/195 1907/8056/195 1974/8055/195 1973/8290/195 1926/8221/195 

f 1951/8214/195 1911/8219/195 1901/8218/195 1902/8103/195 1908/8094/195 1907/8056/195 

f 1953/8127/212 1912/8118/212 1911/8117/212 1951/8126/212 

v 15.3539 0.823986 -159.094
vt -604.483 6263.56
v 15.3539 0.823986 -159.446
vt -604.483 6277.41
vt -604.483 6283.85
vt -619.838 6286.21
vt -619.838 6279.77
f 1953/8233/3 1975/8291/3 1976/8292/3 1909/8293/3 1910/8294/3 1912/8295/3 

vt -604.483 6243.27
v 15.3539 0.823986 -158.743
vt -604.483 6249.71
f 1975/8291/3 1953/8233/3 1954/8232/3 1925/8231/3 1972/8296/3 1977/8297/3 

vt -619.838 29.9887
v 15.3539 0.761712 -159.094
vt -604.483 29.9887
vt -604.483 32.4404
f 1953/8224/1 1967/8298/1 1978/8299/1 1975/8300/1 

f 1964/8263/212 1967/8268/212 1953/8127/212 1954/8228/212 

vt 619.838 6237.74
f 1955/8301/195 1956/8247/195 1959/8215/195 1967/8214/195 1964/8220/195 

vt 6238.76 29.9887
vt 6240.68 20.7619
v 16.02 0.527352 -159.094
f 1956/8302/212 1961/8303/212 1979/8267/212 1959/8268/212 

vt 630.708 6240.68
vt 639.918 6243.09
v 16.2539 0.527352 -158.634
v 16.2539 0.527352 -158.652
vt 639.918 6246.15
v 16.2539 0.527352 -159.094
f 1961/8304/195 1960/8305/195 1980/8248/195 1981/8306/195 1982/8249/195 1979/8215/195 

usemtl Color_M05
v 16.02 0.474854 -158.513
vt 2191.55 18.695
vn 0.253406 1.13818e-16 0.96736
vt 2201.07 20.7619
vt 2191.55 20.7619
f 1983/8307/1090 1960/8308/1090 1961/8309/1090

vt 2431.83 -1016.68
vt 2422.32 -1018.79
v 16.2539 0.474854 -158.584
vt 2431.94 -1018.79
f 1960/8310/862 1983/8311/862 1984/8312/862

vt 2422.32 -2603.75
v 16.2539 0.380699 -158.634
vt 2432.52 -2607.91
vt 2431.94 -2603.75
f 1983/8313/863 1985/8314/863 1984/8315/863

vt 1834.28 -3692.43
vt 1824.32 -3687.72
v 16.02 0.380699 -158.588
vt 1824.89 -3692.43
f 1985/8316/864 1983/8317/864 1986/8318/864

vt 890.474 -3858.91
v 15.7439 0.380699 -158.577
vt 879.717 -3863.65
vt 890.597 -3863.65
f 1983/8319/217 1987/8320/217 1986/8321/217

vt 484.402 -3255.57
vt 495.324 -3251.22
v 15.7439 0.474854 -158.519
vt 484.451 -3251.22
f 1987/8322/216 1983/8323/216 1988/8324/216

usemtl FrontColor
vt -630.708 6240.68
v 15.7439 0.474854 -158.683
v 15.7439 0.474854 -159.094
v 16.02 0.474854 -159.094
f 1983/8325/3 1988/8231/3 1989/8232/3 1990/8233/3 1991/8234/3 

usemtl Color_M05
vt 484.451 18.695
vt 495.324 18.695
vt 495.324 20.7619
vt 484.451 20.7619
f 1988/8326/215 1983/8327/215 1961/8328/215 1962/8329/215 

usemtl FrontColor
vt 6240.68 18.695
vt 6263.56 18.695
f 1961/8303/212 1983/8330/212 1991/8331/212 1979/8267/212 

vt 6243.64 14.9882
v 16.02 0.380699 -159.094
vt 6263.56 14.9882
f 1983/8330/212 1986/8332/212 1992/8333/212 1991/8331/212 

vt -639.918 6245.45
vt -630.708 6243.64
v 16.2539 0.380699 -159.094
vt -639.918 6263.56
f 1985/8334/3 1986/8335/3 1992/8234/3 1993/8336/3 

usemtl Color_M05
vt 1824.89 -1780.22
v 16.2539 0.161404 -158.704
vt 1834.81 -1789.27
vt 1834.28 -1780.22
f 1986/8337/865 1994/8338/865 1985/8339/865

vt -1308.36 -3921.42
vt -1315.73 -3910.19
v 16.02 0.161404 -158.78
vt -1318.04 -3921.42
f 1994/8340/866 1986/8341/866 1995/8342/866

usemtl FrontColor
vt 6251.18 6.3545
v 16.02 0.161404 -159.094
vt 6263.56 6.3545
f 1992/8333/212 1986/8332/212 1995/8343/212 1996/8344/212 

vt -619.838 6243.18
v 15.7439 0.380699 -158.683
v 15.7439 0.380699 -159.094
f 1986/8335/3 1987/8345/3 1997/8232/3 1998/8233/3 1992/8234/3 

usemtl Color_M05
v 15.7439 0.161404 -158.683
vt 879.891 -2695.04
vt 890.597 -2685.46
vt 879.717 -2685.46
f 1999/8346/218 1986/8347/218 1987/8348/218

vt 2666.87 -3600
vt 2657.85 -3611.19
vt 2669.37 -3611.19
f 1986/8349/219 1999/8350/219 1995/8351/219

vt 2657.85 -2896.22
v 15.9608 0.0521472 -158.828
vt 2667.8 -2901.22
vt 2669.37 -2896.22
f 1999/8352/223 2000/8353/223 1995/8354/223

vt -158.995 -5293.06
vt -166.753 -5285.07
v 15.7439 0.0521472 -158.855
vt -167.602 -5293.06
f 2000/8355/222 1999/8356/222 2001/8357/222

usemtl FrontColor
vt 6247.35 6.3545
vt 6254.14 2.05304
v 15.7439 0.0521472 -159.094
vt 6263.56 2.05304
v 15.7439 0.161404 -159.094
f 1999/8358/212 2001/8359/212 2002/8360/212 2003/8344/212 

usemtl Color_M05
vt 619.838 -5273.1
vn 0 -0.844597 0.535402
v 15.3539 0.0521472 -158.855
vt 604.483 -5281.13
vt 619.838 -5281.13
f 1999/8361/1091 2004/8362/1091 2001/8363/1091

vt -353.285 -4470.71
vt -337.078 -4464.58
v 15.3539 0.161404 -158.743
vt -352.613 -4464.58
f 2004/8364/228 1999/8365/228 2005/8366/228

usemtl FrontColor
v 15.3539 0.161404 -159.094
f 1999/8232/3 2005/8297/3 2006/8291/3 2003/8233/3 

usemtl Color_M05
vt -352.613 -2694.17
vt -337.078 -2694.17
vt -336.445 -2684.6
v 15.3539 0.380699 -158.637
vt -351.979 -2684.6
f 2005/8367/227 1999/8368/227 1987/8369/227 2007/8370/227 

usemtl FrontColor
vt 6247.35 14.9882
vt 6243.18 14.9882
f 1997/8371/212 1987/8372/212 1999/8358/212

vt -604.483 6245.55
v 15.3539 0.380699 -158.743
v 15.3539 0.380699 -159.094
f 1987/8345/3 2007/8373/3 2008/8297/3 2009/8291/3 1998/8233/3 1997/8232/3 

usemtl Color_M05
vt -351.979 -3233.36
vt -336.445 -3233.36
vt -336.099 -3229.03
v 15.3539 0.474854 -158.579
vt -351.634 -3229.03
f 2007/8374/226 1987/8375/226 1988/8376/226 2010/8377/226 

usemtl FrontColor
vt 6247.35 18.695
vt 6240.91 18.695
f 1989/8378/212 1988/8379/212 1987/8372/212 1997/8371/212 

v 15.3539 0.474854 -158.743
v 15.3539 0.474854 -159.094
f 1988/8231/3 2010/8296/3 2011/8297/3 2012/8291/3 1990/8233/3 1989/8232/3 

usemtl Color_M05
vt -351.634 18.695
vt -336.099 18.695
vt -336.099 20.7619
vt -351.634 20.7619
f 2010/8380/662 1988/8381/662 1962/8382/662 1968/8383/662 

usemtl FrontColor
f 1963/8262/212 1962/8265/212 1988/8379/212 1989/8378/212 

f 1962/8270/195 1961/8304/195 1979/8215/195 1966/8214/195 1965/8271/195 1963/8220/195 

v 16.02 0.527352 -159.676
vt 630.708 6286.45
v 15.7439 0.527352 -159.67
vt 619.838 6286.21
v 15.7439 0.527352 -159.506
v 15.7439 0.527352 -159.154
vt 619.838 6265.92
f 2013/8384/195 2014/8385/195 2015/8219/195 2016/8386/195 1966/8214/195 1979/8215/195 

usemtl Color_M05
v 16.02 0.474854 -159.676
vt -766.788 18.695
v 15.7439 0.474854 -159.67
vt -755.915 18.695
vt -755.915 20.7619
vt -766.788 20.7619
f 2017/8387/248 2018/8388/248 2014/8389/248 2013/8390/248 

vt -766.788 3292.72
v 15.9215 0.441286 -159.653
vt -762.894 3291.17
v 15.7439 0.380699 -159.612
vt -755.865 3288.38
vt -755.915 3292.72
f 2017/8391/249 2019/8392/249 2020/8393/249 2018/8394/249 

vt -364.1 3947.79
vt -367.935 3949.48
v 16.02 0.380699 -159.601
vt -368.059 3944.74
vt -357.179 3944.74
f 2019/8395/250 2017/8396/250 2021/8397/250 2020/8398/250 

usemtl FrontColor
vt 6283.48 14.9882
vt 6286.45 18.695
v 16.02 0.474854 -159.1
vt 6263.76 18.695
f 2021/8399/212 2017/8400/212 2022/8401/212 1991/8331/212 1992/8333/212 

usemtl Color_M05
vt 595.506 3895.18
v 16.1034 0.441286 -159.632
vt 591.955 3893.5
v 16.2539 0.380699 -159.554
vt 585.547 3890.47
vt 594.934 3890.47
f 2017/8402/951 2023/8403/951 2024/8404/951 2021/8405/951 

vt 1225.38 2821.95
vt 1229.01 2823.43
v 16.2539 0.474854 -159.604
vt 1219.39 2823.43
vt 1218.81 2819.27
f 2023/8406/952 2017/8407/952 2025/8408/952 2024/8409/952 

usemtl FrontColor
vt -630.708 6286.45
vt -639.918 6283.64
v 16.2539 0.474854 -159.554
vt -639.918 6281.67
v 16.2539 0.474854 -159.48
vt -639.918 6278.72
v 16.2539 0.474854 -159.094
vt -630.708 6263.76
f 2017/8410/3 2025/8411/3 2026/8412/3 2027/8413/3 2028/8336/3 1991/8234/3 2022/8414/3 

usemtl Color_M05
vt 1229.01 1129.33
v 16.1034 0.49357 -159.654
vt 1225.62 1130.08
v 16.2539 0.527352 -159.614
vt 1219.5 1131.43
vt 1219.39 1129.33
f 2017/8415/949 2029/8416/949 2030/8417/949 2025/8418/949 

vt 979.508 19.4319
vn 0.253406 -9.84692e-16 -0.96736
vt 982.902 18.695
vt 982.902 20.7619
vt 973.382 20.7619
f 2029/8419/1092 2017/8420/1092 2013/8421/1092 2030/8422/1092 

usemtl FrontColor
vt 6286.45 20.7619
f 2017/8400/212 2013/8423/212 1979/8267/212 1991/8331/212 2022/8401/212 

vt 639.918 6284.03
v 16.2539 0.527352 -159.537
vt 639.918 6280.97
v 16.2539 0.527352 -159.554
vt 639.918 6281.67
f 2030/8424/195 2013/8384/195 1979/8215/195 1982/8249/195 2031/8425/195 2032/8426/195 

usemtl Color_M05
v 16.02 0.761712 -159.724
vt 983.388 1260.31
vt 973.382 1250.89
vt 982.902 1250.89
f 2033/8427/1048 2030/8428/1048 2013/8429/1048

vt 3176.63 -1086.88
vt 3186.63 -1077.46
v 16.2539 0.761712 -159.554
vt 3175.24 -1077.46
f 2030/8430/1049 2033/8431/1049 2034/8432/1049

vt 3186.63 -2069.29
v 16.2539 0.823986 -159.522
vt 3174.5 -2066.64
vt 3175.24 -2069.29
f 2033/8433/1050 2035/8434/1050 2034/8435/1050

usemtl FrontColor
vt -3620.84 32.4404
vn -0.653641 4.94145e-13 0.756805
vt -3633.01 29.9887
v 16.1034 0.77924 -159.652
vt -3628.67 30.6787
f 2035/8436/1093 2033/8437/1093 2036/8438/1093

usemtl Color_M05
vt 1673.46 -5218.18
vt 1671.87 -5213.4
vt 1662 -5213.4
f 2033/8439/1051 1914/8440/1051 2035/8441/1051

usemtl FrontColor
vt 6288.36 29.9887
v 16.02 0.761712 -159.148
vt 6265.68 29.9887
f 2033/8442/212 1914/8128/212 1917/8127/212 1959/8268/212 2037/8443/212 

vt 43.558 -5496.39
v 15.8423 0.783914 -159.701
vt 36.2691 -5499.62
v 15.7439 0.761712 -159.75
vt 32.2306 -5501.41
vt 43.1484 -5501.41
f 1914/8444/245 2038/8445/245 2039/8446/245 2033/8447/245 

vt -663.624 -4911.31
vt -656.068 -4908.76
vt -667.169 -4908.76
vt -667.811 -4912.72
f 2038/8448/244 1914/8449/244 1910/8450/244 2039/8451/244 

vt -630.708 6283.96
f 1910/8294/3 1914/8452/3 1917/8234/3 1953/8233/3 1912/8295/3 

vt -630.708 29.9887
f 1967/8298/1 1953/8224/1 1917/8227/1 1959/8453/1 

v 15.7439 0.761712 -159.174
vt 6266.69 29.9887
v 15.7439 0.761712 -159.506
vt 6279.77 29.9887
f 1967/8268/212 2040/8454/212 2041/8455/212 1912/8118/212 1953/8127/212 

vt 6265.92 20.7619
vt 6279.77 20.7619
f 2016/8456/212 2015/8457/212 2041/8455/212 2040/8454/212 1967/8268/212 1966/8267/212 

v 15.7439 0.474854 -159.506
vt 6279.77 18.695
f 1990/8331/212 2042/8458/212 2015/8457/212 2016/8456/212 1966/8267/212 

v 15.3539 0.474854 -159.61
v 15.3539 0.474854 -159.446
f 2043/8293/3 2018/8294/3 2042/8295/3 1990/8233/3 2012/8291/3 2044/8292/3 

usemtl Color_M05
vt -1568.25 18.695
vt -1552.72 18.695
v 15.3539 0.527352 -159.61
vt -1552.72 20.7619
vt -1568.25 20.7619
f 2018/8459/1020 2043/8460/1020 2045/8461/1020 2014/8462/1020 

vt -1567.91 3182.22
v 15.3539 0.380699 -159.552
vt -1552.37 3182.22
vt -1552.72 3186.56
vt -1568.25 3186.56
f 2020/8463/289 2046/8464/289 2043/8465/289 2018/8466/289 

v 15.7439 0.161404 -159.506
vt -1567.27 2638.28
v 15.3539 0.161404 -159.446
vt -1551.74 2638.28
vt -1552.37 2647.84
vt -1567.91 2647.84
f 2047/8467/290 2048/8468/290 2046/8469/290 2020/8470/290 

vt -1567.27 4361.99
v 15.3539 0.0521472 -159.334
vt -1551.07 4355.85
vt -1551.74 4361.99
f 2047/8471/291 2049/8472/291 2048/8473/291

vt -604.483 5299.25
vt -619.838 5307.28
v 15.7439 0.0521472 -159.334
vt -619.838 5299.25
f 2049/8474/292 2047/8475/292 2050/8476/292

vt -1400.74 5188.3
v 15.9608 0.0521472 -159.361
vt -1408.5 5180.31
vt -1399.89 5180.31
f 2047/8477/296 2051/8478/296 2050/8479/296

vt 1489.23 3127.63
vt 1499.18 3132.63
v 16.02 0.161404 -159.409
vt 1487.66 3132.63
f 2051/8480/295 2047/8481/295 2052/8482/295

usemtl FrontColor
vt -630.708 6275.95
f 1996/8234/3 2003/8233/3 2047/8295/3 2052/8483/3 

vt -630.708 6251.18
f 2003/8233/3 1996/8234/3 1995/8484/3 1999/8232/3 

vt -619.838 6.3545
vt -630.708 6.3545
v 15.9608 0.0521472 -159.094
vt -628.377 2.05304
vt -619.838 2.05304
f 2003/8485/1 1996/8486/1 2053/8487/1 2002/8488/1 

vt -619.838 14.9882
vt -630.708 14.9882
f 1998/8489/1 1992/8490/1 1996/8486/1 2003/8485/1 

vt -619.838 6283.94
vt -630.708 6283.48
v 15.7439 0.380699 -159.506
f 2020/8491/3 2021/8492/3 1992/8234/3 1998/8233/3 2054/8295/3 

usemtl Color_M05
vt -368.059 2752.61
vt -357.353 2743.03
vt -357.179 2752.61
f 2021/8493/490 2047/8494/490 2020/8495/490

vt 1499.18 3901.98
vt 1490.16 3913.17
vt 1487.66 3901.98
f 2047/8496/491 2021/8497/491 2052/8498/491

vt -2528.51 3710.08
v 16.2539 0.161404 -159.484
vt -2535.87 3698.85
vt -2526.19 3698.85
f 2021/8499/996 2055/8500/996 2052/8501/996

vt 585.015 1884.29
vt 594.934 1893.34
vt 585.547 1893.34
f 2055/8502/995 2021/8503/995 2024/8504/995

usemtl FrontColor
f 2021/8492/3 2024/8412/3 1993/8336/3 1992/8234/3 

v 16.2539 0.161404 -159.094
vt 6278.92 6.3545
vt 6281.67 14.9882
f 2056/8344/212 2055/8505/212 2024/8506/212 1993/8333/212 

usemtl Color_M05
vt -639.918 6278.92
f 1996/8234/3 2052/8483/3 2055/8507/3 2056/8336/3 

usemtl FrontColor
vt -6274.06 301.235
vt -6263.56 301.235
vt -6263.56 306.128
vt -6275.95 306.128
f 2051/8508/998 2053/8509/998 1996/8510/998 2052/8511/998 

vt 628.377 6274.06
vt 619.838 6272.98
vt 628.377 6263.56
f 2051/8512/195 2050/8513/195 2002/8214/195 2053/8514/195 

vt -1399.89 2118.83
vt -1411.05 2123.41
vt -1408.5 2118.83
f 2050/8515/294 2052/8516/294 2051/8517/294

vt 1487.66 5091.15
vt 1496.93 5083.44
vt 1499.18 5091.15
f 2052/8518/293 2050/8519/293 2047/8520/293

vt 6272.98 2.05304
vt 6279.77 6.3545
f 2050/8521/212 2047/8522/212 2003/8344/212 2002/8360/212 

vt 6279.77 14.9882
f 2003/8344/212 2047/8522/212 2054/8523/212 1998/8333/212 

f 2048/8292/3 2047/8295/3 2003/8233/3 2006/8291/3 

vt -604.483 14.9882
vt -604.483 6.3545
f 2009/8524/1 1998/8489/1 2003/8485/1 2006/8525/1 

vt -604.483 6281.58
v 15.3539 0.380699 -159.446
f 2046/8526/3 2020/8491/3 2054/8295/3 1998/8233/3 2009/8291/3 2057/8292/3 

vt 6283.94 14.9882
f 2020/8527/212 2054/8523/212 2047/8522/212

vt 6286.21 18.695
f 2018/8528/212 2042/8458/212 2054/8523/212 2020/8527/212 

vt 6286.21 20.7619
f 2014/8529/212 2015/8457/212 2042/8458/212 2018/8528/212 

vt 604.483 6283.85
v 15.3539 0.527352 -159.446
f 2014/8385/195 2045/8530/195 2058/8094/195 1969/8056/195 1966/8214/195 2016/8386/195 2015/8219/195 

v 15.6048 0.678157 -159.7
vt 1563.02 1992.99
vt 1552.72 1986.72
vt 1568.25 1986.72
vt 1568.73 1996.46
f 2059/8531/489 2045/8532/489 2014/8533/489 2039/8534/489 

vt 1878.44 1496.24
v 15.3539 0.761712 -159.67
vt 1862.76 1496.24
vt 1862.28 1486.73
vt 1872.68 1492.85
f 2039/8535/301 2060/8536/301 2045/8537/301 2059/8538/301 

vt 619.838 6266.69
vt 619.838 6289.38
vt 604.483 6286.21
v 15.3539 0.761712 -159.446
f 1978/8056/195 1967/8214/195 2040/8539/195 2041/8219/195 2039/8540/195 2060/8541/195 2061/8094/195 

v 15.3539 0.761712 -158.743
vt 604.483 6240.91
f 1967/8214/195 1978/8056/195 2062/8055/195 1971/8542/195 1955/8301/195 1964/8220/195 

vt -619.838 20.7619
vt -604.483 20.7619
f 1967/8298/1 1966/8543/1 1969/8544/1 1978/8299/1 

vt -630.708 20.7619
f 1959/8453/1 1979/8545/1 1966/8543/1 1967/8298/1 

vt -639.918 29.9887
vt -639.918 20.7619
f 1958/8546/1 1982/8547/1 1979/8545/1 1959/8453/1 

vt 6245.45 29.9887
vt 6245.45 20.7619
vt 6246.15 20.7619
f 1958/8268/212 1957/8548/212 1980/8549/212 1981/8550/212 1982/8267/212 

v 16.2539 0.823986 -159.094
v 16.2539 0.823986 -158.858
vt 6254.27 32.4404
vt 6246.71 32.4404
f 1957/8548/212 1958/8268/212 2063/8127/212 2064/8551/212 1923/8552/212 

v 16.3469 0.761712 -158.794
vt 643.578 6251.74
v 16.3469 0.761712 -158.892
vt 643.578 6255.6
v 16.3469 0.761712 -159.094
vt 643.578 6263.56
f 1957/8248/195 2065/8553/195 2066/8554/195 2067/8555/195 1958/8249/195 

vt -5726.79 360.448
vt -5717.47 351.145
vt -5719.51 360.448
f 2065/8556/1023 1960/8557/1023 1957/8558/1023

vt -4951.66 1331.6
vt -4960.44 1341.41
v 16.3469 0.527352 -158.672
vt -4956.96 1331.6
f 1960/8559/1024 2065/8560/1024 2068/8561/1024

vt -3735.99 2102.75
v 16.426 0.527352 -158.718
vt -3737.16 2092.63
vt -3733.54 2092.63
f 2065/8562/308 2069/8563/308 2068/8564/308

vt -5269.33 1463.53
vt -5269.7 1473.71
v 16.426 0.761712 -158.892
vt -5274.66 1473.71
f 2069/8565/307 2065/8566/307 2070/8567/307

vt 646.694 6255.6
v 16.426 0.761712 -159.094
vt 646.694 6263.56
f 2065/8553/195 2070/8568/195 2071/8569/195 2067/8555/195 2066/8554/195 

vt -5271.48 1755.87
vt -5274.66 1753.03
vt -5269.7 1753.03
f 1919/8570/306 2070/8571/306 2065/8572/306

vt -5698.15 1632.03
vt -5695.19 1635.1
v 16.426 0.823986 -158.984
vt -5701.25 1635.1
f 2070/8573/305 1919/8574/305 2072/8575/305

vt -5695.19 1142.6
vt -5698.3 1147.07
vt -5701.25 1142.6
f 1919/8576/390 1937/8577/390 2072/8578/390

vt 6257.65 36.5008
vt 6254.02 32.4404
v 16.3469 0.823986 -159.094
v 16.3469 0.92712 -159.094
f 1937/8579/212 1919/8580/212 2073/8127/212 2074/8126/212 

vt -4719.97 2307.41
vt -4717.45 2312.27
vt -4722.43 2312.27
f 1919/8581/942 1922/8582/942 1937/8583/942

vt -4717.45 2214.24
vt -4716.58 2216.89
vt -4722.43 2214.24
f 1922/8584/475 1938/8585/475 1937/8586/475

v 16.1978 0.979619 -158.853
vt 4412.47 2305.26
vt 4402.52 2302.86
vt 4414.33 2302.86
vt 4413.37 2305.48
f 2075/8587/444 1918/8588/444 1922/8589/444 1938/8590/444 

vt -5097.44 -761.64
vt -5087.42 -763.758
vt -5090.77 -761.45
vt -5098.34 -761.45
f 2075/8591/445 1918/8592/445 1934/8593/445 1938/8594/445 

vt -6252.87 615.228
vt -6246.87 615.228
vt -6254.05 622.527
f 1921/8595/446 1918/8596/446 2075/8597/446

vt 639.918 6254.27
v 16.2539 0.92712 -159.094
f 1918/8222/195 1922/8598/195 2076/8249/195 1916/8215/195 1921/8223/195 

vt 643.578 6257.65
f 2074/8555/195 2076/8249/195 1922/8598/195 1937/8599/195 

vt 643.578 6269.47
vt 639.918 6272.86
f 2076/8249/195 2074/8555/195 1946/8600/195 1948/8601/195 

vt -639.918 32.4404
vt -639.918 36.5008
vt -643.578 36.5008
vt -643.578 32.4404
f 2063/8602/1 2076/8603/1 2074/8604/1 2073/8605/1 

f 1917/8227/1 1916/8226/1 2076/8603/1 2063/8602/1 

vt 6243.16 32.4404
f 1916/8126/212 1921/8159/212 1918/8158/212 1924/8606/212 1917/8127/212 

f 1924/8606/212 1956/8302/212 1959/8268/212 1917/8127/212 

f 1959/8453/1 1917/8227/1 2063/8602/1 1958/8546/1 

vt -643.578 29.9887
f 1958/8546/1 2063/8602/1 2073/8605/1 2067/8607/1 

v 16.3469 0.823986 -159.337
vt 643.578 6273.1
v 16.2539 0.823986 -159.337
vt 639.918 6273.1
f 2077/8608/195 2078/8609/195 2063/8249/195 2073/8555/195 

vt 639.918 6280.41
f 2078/8609/195 2077/8608/195 2035/8610/195

usemtl Color_M05
vt 5332.68 -3017.58
vt 5328.89 -3020.46
vt 5320.53 -3026.82
vt 5328.7 -3026.82
f 1913/8611/971 1920/8612/971 2077/8613/971 2035/8614/971 

usemtl FrontColor
vt 3435.23 -2732.22
vt 3439.76 -2730.74
vt 3427.95 -2730.74
vt 3425.25 -2735.5
f 1920/8615/972 1913/8616/972 1948/8617/972 2077/8618/972 

f 1948/8601/195 1913/8217/195 1915/8216/195 1916/8215/195 2076/8249/195 

v 16.02 1.15596 -159.518
v 16.02 1.15596 -159.39
vt 6275.21 45.5104
f 1913/8129/212 2079/8076/212 2080/8619/212 1931/8047/212 1930/8161/212 1929/8160/212 1916/8126/212 1915/8125/212 

vt -3539.95 45.5104
vn -0.640766 4.57748e-18 0.767737
vt -3539.95 36.5008
vt -3536.56 38.7532
vt -3536.56 41.3782
f 2079/8620/1094 1913/8621/1094 1950/8622/1094 1942/8623/1094 

vt 1315.93 36.5008
vt 1327.34 45.5104
vt 1315.93 45.5104
f 1913/8624/968 1900/8625/968 2079/8626/968

usemtl Color_M05
vt 1432.28 -87.1599
vt 1420.87 -96.1716
vt 1432.35 -96.1716
f 1900/8627/969 1913/8628/969 1901/8629/969

usemtl FrontColor
v 16.02 1.40389 -159.296
vt -1313.26 -3961.35
vt -1327.34 -3974.18
vt -1315.93 -3974.18
f 2081/8630/458 1900/8631/458 2079/8632/458

vt -2233.78 -3106.02
vt -2218.61 -3094.49
v 15.7439 1.40389 -159.433
vt -2230.74 -3094.49
f 1900/8633/459 2081/8634/459 2082/8635/459

vt -6271.5 506.212
vn -0.668114 0.744059 1.09383e-15
vt -6283.73 491.602
v 15.7439 1.15596 -159.506
vt -6279.77 491.602
f 2081/8636/1095 1900/8637/1095 2083/8638/1095

vt 6283.73 -498.669
vt 6274.52 -480.475
vt 6271.56 -480.475
vt 6279.77 -498.669
f 1900/8639/1053 1897/8640/1053 1898/8641/1053 2083/8642/1053 

usemtl Color_M05
vt -1567.88 -3449.23
vt -1551.3 -3437.35
vt -1566.83 -3437.35
f 1900/8643/401 1897/8644/401 2082/8645/401

usemtl FrontColor
vt 604.483 6274.52
vt 604.483 6271.56
v 15.7439 1.40389 -159.094
v 15.7439 1.40389 -159.358
vt 619.838 6273.92
vt 619.838 6276.88
f 1897/8646/195 1898/8647/195 1885/8056/195 2084/8214/195 2085/8648/195 2082/8649/195 

vt 598.751 6270.56
vt 598.751 6263.56
f 1897/8646/195 1894/8650/195 1892/8651/195 1885/8056/195 1898/8647/195 

usemtl Color_M05
vt -4062.94 -2880.04
vt -4046.94 -2892.32
vt -4055.98 -2880.04
f 1897/8652/463 1895/8653/463 1894/8654/463

usemtl FrontColor
vt -6274.52 554.226
vt -6271.56 534.277
vt -6271.56 554.226
f 1897/8655/466 1895/8656/466 1898/8657/466

vt 3327.95 -2446.16
vt 3347.4 -2446.16
vt 3344.84 -2435.13
f 1895/8658/427 1896/8659/427 1897/8660/427

v 15.3539 1.52571 -159.17
vt 6266.52 60.0674
v 15.3539 1.52571 -159.094
vt 6263.56 60.0674
f 1897/8077/212 2086/8661/212 2087/8662/212 1885/8048/212 1898/8078/212 

usemtl Color_M05
v 15.7318 1.40765 -159.425
vt -1566.32 -5194.39
vt -1566.83 -5194.68
vt -1551.3 -5194.68
vt -1550.08 -5185.43
v 15.5928 1.45108 -159.331
vt -1560.35 -5191.1
f 2088/8663/428 2082/8664/428 1897/8665/428 2086/8666/428 2089/8667/428 

usemtl FrontColor
vt 619.364 -5672.41
vn -3.61795e-15 -0.907455 0.42015
vt 619.838 -5672.76
v 15.7439 1.52571 -159.17
vt 619.838 -5661.35
vt 604.483 -5661.35
vt 613.89 -5668.34
f 2088/8668/1096 2082/8669/1096 2090/8670/1096 2086/8671/1096 2089/8672/1096 

vt 6276.88 -575.167
vn 0.298154 0.954518 -3.47645e-16
vt 6276.56 -574.67
v 15.731 1.40792 -159.349
vt 6273.58 -574.635
vt 6273.92 -575.167
f 2082/8673/1097 2088/8674/1097 2091/8675/1097 2085/8676/1097 

vn 0.298154 0.954518 -3.99726e-15
vt 6272.87 -568.935
v 15.6101 1.44568 -159.267
vt 6270.37 -569.648
f 2088/8674/1098 2089/8677/1098 2092/8678/1098 2091/8675/1098 

vt 6263.56 -559.081
vn 0.298154 0.954518 -3.9024e-15
vt 6266.52 -559.081
f 2087/8679/1099 2092/8678/1099 2089/8677/1099 2086/8680/1099 

usemtl Color_M05
vt -6263.56 502.154
vt -6266.52 502.154
f 1892/8066/405 2087/8681/405 2086/8682/405 1894/8070/405 

v 15.3539 1.52571 -159.019
vt -6260.6 502.154
f 2087/8681/404 1892/8066/404 1893/8069/404 2093/8683/404 

usemtl FrontColor
vt -604.483 60.0674
f 1892/8075/1 2087/8684/1 1885/8072/1

vt 6260.6 60.0674
f 2093/8685/212 1881/8044/212 1886/8049/212 1885/8048/212 2087/8662/212 

usemtl Color_M05
v 15.7439 1.40389 -158.756
vt -337.517 5390.63
vt -354.268 5399.87
vt -353.052 5390.63
f 2094/8686/433 2093/8687/433 1881/8688/433

usemtl FrontColor
vt -619.838 5695.03
vt -604.483 5706.45
v 15.7439 1.52571 -159.019
vt -619.838 5706.45
f 2094/8689/1054 2093/8690/1054 2095/8691/1054

vt 6260.6 -559.081
vn 0.298154 0.954518 -1.84751e-15
vt 6250.24 -575.167
v 15.7439 1.40389 -158.831
vt 6253.2 -575.167
v 15.7252 1.40973 -158.844
vt 6253.7 -574.395
f 2093/8692/1100 2094/8693/1100 2096/8694/1100 2097/8695/1100 2087/8679/1100 

vt 6250.24 55.2713
vt 6253.2 55.2713
v 15.7439 1.52571 -159.094
f 2095/8685/212 2094/8696/212 2096/8697/212 2084/8048/212 2098/8662/212 

usemtl Color_M05
v 16.02 1.40389 -158.893
vt 3341.9 4756.76
vt 3334.37 4767.21
vt 3329.77 4756.76
f 2099/8698/436 2095/8699/436 2094/8700/436

vt 6260.6 -542.85
vt 6255.63 -554.731
v 16.02 1.40389 -159.094
vt 6263.56 -554.731
vt 6263.56 -542.85
f 2095/8701/967 2099/8702/967 2100/8703/967 2098/8704/967 

usemtl FrontColor
vt 6255.63 55.2713
f 2099/8705/212 1928/8045/212 1932/8162/212 1931/8047/212 2100/8048/212 

vt -4885.82 2155.11
vt -4872.77 2155.11
vt -4878.97 2166.66
f 1935/8706/438 1928/8707/438 2099/8708/438

vt 630.708 6251.91
vt 639.918 6256.13
v 16.2539 1.15596 -159.094
f 1931/8215/195 1932/8709/195 1928/8222/195 1935/8710/195 2101/8249/195 

vt 619.838 6243.39
v 15.7439 1.15596 -159.094
v 15.7439 1.15596 -159.034
v 15.7439 1.15596 -158.683
f 1927/8711/195 1928/8222/195 1932/8709/195 1931/8215/195 2102/8214/195 2103/8271/195 2104/8220/195 

vt -2495.57 3772.78
vt -2509.66 3785.61
vt -2506.99 3772.78
f 1927/8712/263 2099/8713/263 1928/8714/263

vt -6243.39 491.602
vt -6255.63 506.212
vt -6247.35 491.602
f 1927/8715/264 2099/8716/264 2104/8717/264

vt -3341.9 2882.37
vt -3326.73 2870.83
vt -3329.77 2882.37
f 2099/8718/265 1927/8719/265 2094/8720/265

usemtl Color_M05
vt -353.052 3620.59
vt -336.476 3608.71
vt -337.517 3620.59
f 1881/8721/470 1927/8722/470 2094/8723/470

usemtl FrontColor
vt 776.918 3132.56
vt 792.662 3132.56
vt 793.93 3143.81
f 1927/8724/408 1882/8725/408 1881/8726/408

usemtl Color_M05
vt -792.662 183.807
vt -776.872 174.795
vt -776.918 183.807
f 1882/8727/266 1926/8728/266 1927/8729/266

usemtl FrontColor
vt 6246.87 -498.321
vt 6243.18 -516.124
vt 6249.71 -498.321
f 1882/8730/397 1926/8731/397 1883/8732/397

usemtl Color_M05
vt -336.445 938.796
vt -352.181 947.901
vt -351.979 938.796
f 1926/8733/268 1882/8734/268 1973/8735/268

vt -389.236 946.766
vt -406.645 937.662
vt -389.026 937.662
f 1882/8736/269 1889/8737/269 1973/8738/269

usemtl FrontColor
vt -6248.33 538.114
vt -6246.87 557.707
vt -6249.71 557.707
f 1889/8739/673 1882/8740/673 1883/8741/673

f 1882/8054/195 1927/8711/195 2104/8220/195 2103/8271/195 2102/8214/195 1884/8056/195 1883/8055/195 

vt 6252.6 -480.475
vt 6243.39 -498.669
vt 6247.35 -498.669
vt 6255.56 -480.475
f 1881/8742/1053 1927/8743/1053 2104/8744/1053 1886/8745/1053 

vt 6247.35 45.5104
vt 6261.2 45.5104
vt 6243.39 45.5104
f 2104/8746/212 2103/8747/212 2102/8047/212 2084/8048/212 2096/8697/212 2094/8696/212 1927/8748/212 

v 15.7439 1.15596 -159.154
vt 6265.92 45.5104
vt 6279.77 45.5104
vt 6283.73 45.5104
vt 6276.88 55.2713
vt 6273.92 55.2713
f 2105/8749/212 2083/8750/212 1900/8751/212 2082/8752/212 2085/8753/212 2084/8048/212 2102/8047/212 

vt 619.838 6283.73
vt 630.708 6275.21
f 2079/8217/195 1900/8754/195 2083/8219/195 2105/8386/195 2102/8214/195 1931/8215/195 2080/8755/195 

f 1900/8754/195 1896/8092/195 1899/8094/195 1884/8056/195 2102/8214/195 2105/8386/195 2083/8219/195 

vt 6277.41 36.5008
vt 6281.58 36.5008
f 1908/8756/212 1902/8757/212 1896/8076/212 1899/8079/212 

vt 6277.41 32.4404
vt 6283.85 32.4404
f 1902/8757/212 1908/8756/212 1976/8758/212 1909/8759/212 

f 1975/8127/212 1976/8758/212 1908/8756/212 1907/8126/212 

vt 6277.41 29.9887
f 1978/8268/212 2061/8760/212 1976/8758/212 1975/8127/212 

vt 6277.41 20.7619
f 1969/8267/212 2058/8761/212 2061/8760/212 1978/8268/212 

v 14.912 0.527352 -159.511
vt 587.085 6279.96
v 14.912 0.527352 -159.298
v 14.912 0.527352 -159.094
f 2045/8530/195 2106/8762/195 2107/8093/195 2108/8057/195 1969/8056/195 2058/8094/195 

usemtl Color_M05
vt -1943.22 1474.27
vt -1961.56 1483.78
vt -1961.05 1474.27
f 2106/8763/300 2060/8764/300 2045/8765/300

vt -2764.93 -110.497
vt -2746.45 -119.726
v 14.912 0.761712 -159.505
vt -2746.36 -110.497
f 2060/8766/299 2106/8767/299 2109/8768/299

usemtl FrontColor
v 14.912 0.761712 -159.298
vt -6271.56 29.9887
vt -6279.72 29.9887
vt -6279.96 20.7619
vt -6271.56 20.7619
f 2110/8769/2 2109/8770/2 2106/8771/2 2107/8772/2 

f 1906/8102/2 1905/8101/2 2109/8770/2 2110/8769/2 

vt -587.085 6279.72
v 14.9423 0.823986 -159.094
vt -588.279 6263.56
v 14.912 0.823986 -159.094
vt -587.085 6263.56
vt -587.085 6271.56
f 1905/8773/3 1909/8293/3 1976/8292/3 1975/8291/3 2111/8774/3 2112/8775/3 1906/8776/3 

usemtl Color_M05
vt -2040.7 32.4404
vn -0.231161 -1.82371e-16 -0.972915
vt -2022.81 29.9887
vt -2022.81 32.4404
f 1909/8777/1101 2109/8778/1101 1905/8779/1101

vt -2746.36 -3781.49
vt -2764.11 -3778.19
vt -2764.93 -3781.49
f 2109/8780/241 1909/8781/241 2060/8782/241

usemtl FrontColor
v 15.6048 0.783914 -159.7
vt 1872.68 -4117.63
vt 1862.28 -4115.46
vt 1862.76 -4118.83
vt 1878.44 -4118.83
f 2113/8783/242 1909/8784/242 2060/8785/242 2039/8786/242 

vt 1568.73 -4802.45
vt 1568.25 -4798.47
vt 1552.72 -4798.47
vt 1563.02 -4801.03
f 2039/8787/243 1910/8788/243 1909/8789/243 2113/8790/243 

vt 6289.38 29.9887
f 1910/8115/212 1912/8118/212 2041/8455/212 2039/8791/212 

vt 630.708 6288.36
vt 630.708 6265.68
f 2033/8792/195 2039/8540/195 2041/8219/195 2040/8539/195 1967/8214/195 1959/8215/195 2037/8793/195 

v 15.9215 0.678157 -159.705
vt 39.3611 2069.94
vt 43.1484 2073.42
vt 32.2306 2073.42
vt 32.5254 2063.67
f 2114/8794/246 2033/8795/246 2039/8796/246 2014/8797/246 

vt 766.829 1305.98
vt 762.938 1302.62
vt 755.915 1296.56
vt 766.788 1296.56
f 2033/8798/247 2114/8799/247 2014/8800/247 2013/8801/247 

f 2013/8423/212 2033/8442/212 2037/8443/212 1959/8268/212 1979/8267/212 

f 2034/8426/195 2033/8792/195 2037/8793/195 1959/8215/195 1958/8249/195 

vt 6281.67 29.9887
vt 6280.97 20.7619
vt 6281.67 20.7619
f 2034/8802/212 1958/8268/212 1982/8267/212 2031/8803/212 2032/8804/212 

v 16.3469 0.761712 -159.395
vt 643.578 6275.38
v 16.3469 0.761712 -159.297
vt 643.578 6271.52
f 2115/8805/195 2034/8426/195 1958/8249/195 2067/8555/195 2116/8806/195 

usemtl Color_M05
vt 5105.87 -898.796
vt 5099.69 -901.328
vt 5106.96 -901.328
f 2035/8807/957 2115/8808/957 2034/8809/957

vt 5322.57 -1274.33
vt 5328.7 -1271.68
vt 5320.53 -1271.68
f 2115/8810/958 2035/8811/958 2077/8812/958

usemtl FrontColor
v 16.426 0.761712 -159.297
vt -4474.91 -2213.93
vt -4478.1 -2211.09
vt -4479.87 -2213.93
f 2117/8813/382 2077/8814/382 2115/8815/382

vt -5049.86 -2256.51
vt -5046.9 -2259.58
v 16.426 0.823986 -159.205
vt -5043.79 -2256.51
f 2077/8816/383 2117/8817/383 2118/8818/383

vt 6271.52 29.9887
vt 6267.9 32.4404
v 16.426 0.823986 -159.094
f 2117/8819/212 2118/8820/212 2119/8127/212 2071/8268/212 

vt -1844.3 -4833.69
vt -1845.71 -4837.82
v 16.5485 0.761712 -159.245
vt -1840.48 -4837.82
f 2118/8821/384 2117/8822/384 2120/8823/384

vt -1845.71 -3483.77
v 16.5485 0.527352 -159.427
vt -1843.27 -3495.11
vt -1840.48 -3483.77
f 2117/8824/369 2121/8825/369 2120/8826/369

vt -1492.16 -3496.06
vt -1494.98 -3484.8
v 16.426 0.527352 -159.471
vt -1497.27 -3496.06
f 2121/8827/368 2117/8828/368 2122/8829/368

vt -4479.87 -1848.74
vt -4480.24 -1858.92
vt -4474.91 -1848.74
f 2115/8830/380 2122/8831/380 2117/8832/380

vt -2638.91 -2335.59
vt -2640.07 -2325.47
v 16.3469 0.527352 -159.517
vt -2642.53 -2335.59
f 2122/8833/381 2115/8834/381 2123/8835/381

vt -5106.96 -916.226
vt -5103.86 -925.767
vt -5099.69 -916.226
f 2034/8836/1025 2123/8837/1025 2115/8838/1025

vt -4090.77 -817.933
vt -4094.36 -808.563
vt -4096.06 -817.933
f 2123/8839/1065 2034/8840/1065 2030/8841/1065

v 16.3469 0.380699 -159.517
vt 1729.03 14.9882
vt 1732.97 14.9882
vt 1732.97 18.695
vt 1732.97 20.7619
vt 1732.97 29.9887
vt 1729.03 20.7619
v 16.3469 0.474854 -159.517
vt 1729.03 18.695
f 2124/8842/1026 2024/8843/1026 2026/8844/1026 2032/8845/1026 2034/8846/1026 2123/8847/1026 2125/8848/1026 

vt -643.578 6280.21
v 16.3469 0.380699 -159.48
vt -643.578 6278.72
v 16.3469 0.380699 -159.094
vt -643.578 6263.56
f 2024/8412/3 2124/8849/3 2126/8850/3 2127/8851/3 1993/8336/3 

vt -1729.03 2699.35
vt -1733.7 2703.49
vt -1732.97 2699.35
f 2124/8852/954 2025/8853/954 2024/8854/954

vt -3095.68 1032.8
vt -3090.71 1029.02
v 16.3469 0.474854 -159.539
vt -3091.2 1032.8
f 2025/8855/953 2124/8856/953 2128/8857/953

vt -2044.7 1232.39
v 16.426 0.474585 -159.502
vt -2041.62 1236.16
vt -2045.06 1236.18
f 2124/8858/367 2129/8859/367 2128/8860/367

vt -2639.55 1625.01
vt -2642.53 1621.16
v 16.426 0.380699 -159.471
vt -2638.91 1621.16
f 2129/8861/366 2124/8862/366 2130/8863/366

v 16.3469 0.161404 -159.414
vt -2640.46 2163.1
vt -2638.91 2172.42
vt -2642.53 2172.42
f 2131/8864/1040 2130/8865/1040 2124/8866/1040

vt 18.6612 1791.02
vt 15.7833 1782.03
v 16.426 0.161404 -159.406
vt 18.9145 1782.03
f 2130/8867/1039 2131/8868/1039 2132/8869/1039

v 16.5485 0.0970622 -159.183
vt 24.5837 6023.69
vt 18.9145 6032.31
vt 15.7833 6032.31
f 2133/8870/1042 2132/8871/1042 2131/8872/1042

vt -1089.42 5856.49
vt -1082.39 5848.94
v 16.5485 0.161404 -159.371
vt -1084.41 5856.49
f 2132/8873/343 2133/8874/343 2134/8875/343

v 16.8166 0.161404 -159.215
vt -2591.21 5343.31
vt -2603.44 5343.31
vt -2599.71 5336.44
f 2135/8876/344 2134/8877/344 2133/8878/344

vt -651.515 6274.46
vt -662.071 6268.29
v 16.8166 0.161404 -159.094
vt -662.071 6263.56
v 16.5485 0.161404 -159.094
vt -651.515 6263.56
f 2134/8879/3 2135/8880/3 2136/8881/3 2137/8882/3 

vt -2591.21 1837.86
v 16.5485 0.380699 -159.457
vt -2605.14 1846.97
vt -2603.44 1837.86
f 2135/8883/345 2138/8884/345 2134/8885/345

vt -1899.48 2818.08
vt -1886 2808.33
v 16.8166 0.380699 -159.34
vt -1887.97 2818.08
f 2138/8886/346 2135/8887/346 2139/8888/346

usemtl Color_M00
v 17.0093 0.380699 -159.218
vt 2804.77 2473.38
vt 2811.1 2463.78
vt 2813.77 2473.38
f 2140/8889/347 2135/8890/347 2139/8891/347

usemtl FrontColor
vt 6268.41 453.301
v 17.0093 0.380699 -159.094
vt 6263.56 453.301
vt 6263.56 441.807
vt 6268.29 441.807
f 2140/8892/1033 2141/8893/1033 2136/8894/1033 2135/8895/1033 

vt 669.658 6268.41
vt 662.071 6273.24
v 16.8166 0.380699 -159.163
vt 662.071 6266.25
v 16.8166 0.380699 -159.094
vt 662.071 6263.56
vt 669.658 6263.56
f 2140/8896/195 2139/8897/195 2142/8898/195 2143/8899/195 2141/8900/195 

v 17.0093 0.474854 -159.286
vt -2806.22 2965.85
vt -2813.77 2961.5
vt -2804.77 2961.5
f 2144/8901/496 2139/8902/496 2140/8903/496

vt -1068.8 14.9882
vn -0.271935 -1.05738e-16 0.962315
vt -1060.91 18.695
v 16.8166 0.47396 -159.34
vt -1068.8 18.6599
f 2139/8904/1102 2144/8905/1102 2145/8906/1102

v 16.8166 0.527352 -159.313
vt 1054.69 -2752.54
vt 1047.1 -2754.85
vt 1054.99 -2754.89
v 16.8166 0.474854 -159.34
vt 1054.98 -2754.85
f 2146/8907/501 2144/8908/501 2145/8909/501 2147/8910/501 

vt 2178.14 -4483.49
vt 2185.41 -4480.31
v 17.0093 0.527352 -159.218
vt 2176.95 -4480.31
f 2144/8911/500 2146/8912/500 2148/8913/500

vt 2185.41 -3582.97
vt 2193.69 -3571.34
vt 2176.95 -3582.97
f 2146/8914/502 2120/8915/502 2148/8916/502

vt -1859.54 -3489.54
vt -1848.07 -3489.54
vt -1856.73 -3478.2
f 2121/8917/370 2146/8918/370 2120/8919/370

vt 1848.49 -2573.8
vt 1859.54 -2571.47
vt 1848.07 -2571.47
vt 1848.48 -2573.76
f 2145/8920/371 2121/8921/371 2146/8922/371 2147/8923/371 

usemtl Color_M00
vt 1908.55 -2749.86
vt 1897.51 -2752.23
v 16.5485 0.474854 -159.457
vt 1909.01 -2752.19
f 2121/8924/373 2145/8925/373 2149/8926/373

usemtl FrontColor
vt 6273.24 -645.68
vt 6276.65 -634.916
v 16.5485 0.527352 -159.379
vt 6274.77 -634.916
f 2145/8927/317 2121/8928/317 2150/8929/317

vt 6276.65 20.7619
vt 6269.48 29.9887
v 16.5485 0.761712 -159.094
v 16.5485 0.527352 -159.094
vt 6274.77 20.7619
f 2121/8930/212 2120/8931/212 2151/8268/212 2152/8267/212 2150/8932/212 

vt 651.515 6263.56
vt 651.515 6269.48
vt 646.694 6271.52
f 2151/8933/195 2120/8934/195 2117/8935/195 2071/8569/195 

vt 6263.56 -567.141
vn 0.453295 0.89136 4.20468e-17
v 17.0093 0.527352 -159.094
vt 6263.56 -587.496
vt 6268.41 -587.496
vt 6269.48 -567.141
f 2151/8936/1103 2153/8937/1103 2148/8938/1103 2120/8939/1103 

v 16.5485 0.761712 -158.944
vt 6257.64 -567.141
v 17.0093 0.527352 -158.971
vt 6258.72 -587.496
f 2153/8937/376 2151/8936/376 2154/8940/376 2155/8941/376 

v 16.8166 0.527352 -159.094
vt -662.071 20.7619
vt -651.515 20.7619
vt -651.515 29.9887
vt -669.658 20.7619
f 2156/8942/1 2152/8943/1 2151/8944/1 2153/8945/1 

v 16.5485 0.527352 -158.762
vt 651.515 6250.47
v 16.8166 0.527352 -158.876
vt 662.071 6254.97
v 16.5485 0.527352 -158.81
vt 651.515 6252.36
f 2157/8946/195 2158/8947/195 2156/8899/195 2152/8933/195 2159/8948/195 

vt -3059.63 3212.48
vt -3048.15 3212.48
vt -3050.96 3223.82
f 2158/8949/379 2157/8950/379 2154/8951/379

vt 3048.15 2379.35
v 16.8166 0.47396 -158.849
vt 3059.2 2377.02
v 16.8166 0.474854 -158.849
vt 3059.21 2377.06
vt 3059.63 2379.35
f 2157/8952/318 2160/8953/318 2161/8954/318 2158/8955/318 

vt 6250.47 -634.916
vt 6253.88 -645.68
vt 6252.36 -634.916
f 2157/8956/317 2160/8957/317 2159/8958/317

usemtl Color_M00
vt 3103.81 2533.88
vt 3092.77 2536.25
v 16.5485 0.474854 -158.732
vt 3092.31 2533.92
f 2160/8959/316 2157/8960/316 2162/8961/316

usemtl FrontColor
vt 6250.47 20.7619
vt 6249.3 18.695
v 16.5485 0.474854 -159.094
vt 6252.36 20.7619
f 2157/8962/212 2162/8963/212 2163/8331/212 2152/8267/212 2159/8964/212 

usemtl Color_M05
vt 2792.59 2654.18
v 16.426 0.474585 -158.686
vt 2787.04 2651.82
vt 2792.18 2651.84
f 2157/8965/378 2164/8966/378 2162/8967/378

vt 2705.33 2817.58
vt 2710.87 2819.97
vt 2705.75 2819.97
f 2164/8968/377 2157/8969/377 2069/8970/377

usemtl FrontColor
vt -2708.05 3276.73
vt -2710.87 3265.47
vt -2705.75 3265.47
f 2070/8971/302 2157/8972/302 2069/8973/302

vt -3033.32 3219.67
vt -3030.88 3231.01
vt -3036.11 3231.01
f 2157/8974/303 2070/8975/303 2154/8976/303

vt -3030.88 4456.03
vt -3032.28 4460.17
vt -3036.11 4456.03
f 2070/8977/304 2072/8978/304 2154/8979/304

vt 6259.22 32.4404
vt 6255.6 29.9887
f 2072/8980/212 2070/8981/212 2071/8268/212 2119/8127/212 

vt 6248.75 20.7619
v 16.426 0.527352 -159.094
f 2070/8981/212 2069/8982/212 2165/8267/212 2071/8268/212 

vt 6247.5 18.6844
v 16.426 0.474854 -158.718
vt 6248.75 18.695
v 16.426 0.474854 -159.094
f 2069/8982/212 2164/8983/212 2166/8984/212 2167/8331/212 2165/8267/212 

usemtl Color_M05
vt 3215.88 2609.62
v 16.3469 0.474854 -158.65
vt 3211.92 2607.26
vt 3215.35 2607.25
f 2069/8985/310 2168/8986/310 2164/8987/310

vt 3733.1 1702.52
vt 3737.16 1704.72
vt 3733.54 1704.72
f 2168/8988/309 2069/8989/309 2068/8990/309

usemtl FrontColor
v 16.3469 0.527352 -159.094
vt 643.578 6246.91
vt 646.694 6248.75
f 2165/8569/195 2169/8555/195 2068/8991/195 2069/8992/195 

v 16.3469 0.474854 -159.094
vt -643.578 18.695
vt -643.578 20.7619
vt -646.694 20.7619
vt -646.694 18.695
f 2170/8993/1 2169/8994/1 2165/8995/1 2167/8996/1 

v 16.3469 0.474854 -158.672
vt 6246.91 18.695
vt 6246.91 20.7619
f 2171/8997/212 2170/8331/212 2169/8267/212 2068/8998/212 

v 16.3469 0.380699 -158.672
vt 6246.91 14.9882
v 16.3469 0.380699 -158.709
vt 6248.4 14.9882
f 2172/8999/212 2173/9000/212 2127/8333/212 2170/8331/212 2171/8997/212 

v 16.426 0.380699 -158.718
v 16.426 0.380699 -159.094
vt 643.578 6248.4
f 2172/8991/195 2174/8992/195 2175/8569/195 2127/8555/195 2173/9001/195 

vt -3733.54 -1400.75
vt -3736.52 -1396.9
vt -3737.16 -1400.75
f 2172/9002/312 2164/9003/312 2174/9004/312

vt -3202.77 -1083.24
vt -3199.69 -1087.02
vt -3199.33 -1083.23
f 2164/9005/311 2172/9006/311 2168/9007/311

vt 6246.06 18.695
f 2171/8997/212 2168/9008/212 2172/8999/212

f 2068/8998/212 2168/9008/212 2171/8997/212

vt -4956.34 1072.72
vt -4951.66 1074.87
vt -4956.96 1074.87
f 2168/9009/988 1960/9010/988 2068/9011/988

vt -4118.6 -708.091
vt -4123.31 -710.183
vt -4118.83 -710.183
f 1960/9012/989 2168/9013/989 1984/9014/989

vt -643.578 6246.06
vt -639.918 6243.48
v 16.2539 0.474854 -158.634
v 16.2539 0.474854 -158.709
vt -639.918 6248.4
vt -643.578 6246.91
f 2168/9015/3 1984/9016/3 2176/8334/3 2177/9017/3 2028/8336/3 2170/8851/3 2171/9018/3 

vt -4123.8 -857.958
vt -4118.83 -854.186
vt -4123.31 -854.186
f 2172/9019/990 1984/9020/990 2168/9021/990

vt -2907.57 -2443.7
vt -2912.24 -2447.83
vt -2908.3 -2447.83
f 1984/9022/991 2172/9023/991 1985/9024/991

usemtl Color_M05
vt 2908.3 -2220.71
v 16.3469 0.161404 -158.775
vt 2913.75 -2230.14
vt 2912.24 -2220.71
f 1985/9025/993 2178/9026/993 2172/9027/993

vt 4293.49 -1124.27
vt 4287.23 -1115.36
vt 4288.9 -1124.27
f 2178/9028/994 1985/9029/994 1994/9030/994

usemtl FrontColor
vt 6248.21 6.3545
vt 6245.45 14.9882
f 1994/9031/212 2056/8344/212 1993/8333/212 1985/9032/212 

usemtl Color_M05
vt -639.918 6248.21
f 1995/8484/3 1996/8234/3 2056/8336/3 1994/9033/3 

usemtl FrontColor
vt -6253.06 301.235
vt -6251.18 306.128
f 2053/8509/663 2000/9034/663 1995/9035/663 1996/8510/663 

vt 619.838 6254.14
vt 628.377 6253.06
f 2001/9036/195 2000/9037/195 2053/8514/195 2002/8214/195 

vt -156.446 -2157.38
vt -167.602 -2161.96
vt -158.995 -2161.96
f 1995/9038/221 2001/9039/221 2000/9040/221

vt 2660.1 -4724.95
vt 2669.37 -4717.24
vt 2657.85 -4717.24
f 2001/9041/220 1995/9042/220 1999/9043/220

vt 604.483 6254.14
v 15.3539 0.0521472 -159.094
f 2004/9044/195 2001/9036/195 2002/8214/195 2179/8056/195 

vt 604.483 6272.98
f 2050/8513/195 2049/9045/195 2179/8056/195 2002/8214/195 

vt 6277.41 6.3545
f 2049/8521/212 2048/9046/212 2006/8344/212 2179/8360/212 

usemtl Color_M05
v 14.912 0.0521472 -159.298
vt -1097.51 4441.28
vt -1115.32 4447.43
vt -1114.96 4441.28
f 2180/9047/232 2048/9048/232 2049/9049/232

usemtl FrontColor
vt 2053.66 2043.16
vt 2071.95 2047.74
v 14.912 0.161404 -159.339
vt 2054.04 2047.74
f 2180/9050/233 2048/9051/233 2181/9052/233

v 14.912 0.380699 -159.455
vt 2055.13 2752.29
vt 2054.04 2742.57
vt 2071.95 2742.57
f 2182/9053/234 2181/9054/234 2048/9055/234

vt -6277.77 14.9882
vt -6273.17 6.3545
v 14.912 0.161404 -159.298
vt -6271.56 6.3545
v 14.912 0.380699 -159.298
vt -6271.56 14.9882
f 2182/9056/2 2181/9057/2 2183/9058/2 2184/9059/2 

vt -587.085 6273.17
v 14.912 0.161404 -159.094
f 2181/9060/3 2048/8292/3 2006/8291/3 2185/8775/3 2183/8776/3 

vt 6277.41 14.9882
f 2006/8344/212 2048/9046/212 2057/9061/212 2009/8333/212 

vt 6281.58 14.9882
f 2046/9062/212 2057/9061/212 2048/9046/212

vt -587.085 6277.77
v 14.912 0.380699 -159.094
f 2182/9063/3 2046/8526/3 2057/8292/3 2009/8291/3 2186/8775/3 2184/8776/3 

vt 1915.2 2576.18
vt 1932.12 2566.64
vt 1933.01 2576.18
f 2182/9064/288 2048/9065/288 2046/9066/288

v 14.912 0.474854 -159.481
vt 1915.42 1584.7
vt 1915.2 1580.87
vt 1933.01 1580.87
f 2187/9067/238 2182/9068/238 2046/9069/238

vt -6278.8 18.695
v 14.912 0.474854 -159.298
vt -6271.56 18.695
f 2187/9070/2 2182/9056/2 2184/9059/2 2188/9071/2 

v 14.912 0.474854 -159.094
vt -6263.56 18.695
vt -6263.56 14.9882
f 2189/9072/2 2188/9071/2 2184/9059/2 2186/9073/2 

vt -6263.56 20.7619
f 2108/9074/2 2107/8772/2 2188/9071/2 2189/9072/2 

v 14.912 0.761712 -159.094
vt -6263.56 29.9887
f 2190/9075/2 2110/8769/2 2107/8772/2 2108/9074/2 

vt -6263.56 32.4404
f 2112/9076/2 1906/8102/2 2110/8769/2 2190/9075/2 

f 1891/8065/2 1904/8100/2 1906/8102/2 2112/9076/2 

f 1888/8064/2 1895/8098/2 1904/8100/2 1891/8065/2 

vt -587.085 36.5008
vt -604.483 36.5008
f 1891/9077/1 1888/8074/1 1884/8073/1 1907/9078/1 

f 1907/8126/212 1908/8756/212 1899/8079/212 1884/8047/212 

vt 6249.71 36.5008
f 1974/9079/212 1907/8126/212 1884/8047/212 1883/8046/212 

vt 6249.71 32.4404
f 1977/9080/212 1975/8127/212 1907/8126/212 1974/9079/212 

v 14.912 0.823986 -158.684
vt -587.085 6247.41
v 14.912 0.823986 -158.891
vt -587.085 6255.56
f 1972/8296/3 2191/9081/3 2192/9082/3 2112/8775/3 2111/8774/3 1975/8291/3 1977/8297/3 

usemtl Color_M05
v 14.912 0.761712 -158.684
vt -872.975 29.9887
vt -855.093 32.4404
vt -872.975 32.4404
f 2193/9083/675 1972/9084/675 2191/9085/675

vt -1617.3 4084.17
vt -1635.05 4080.86
vt -1616.48 4080.86
f 1972/9086/255 2193/9087/255 1971/9088/255

usemtl FrontColor
vt 587.085 6247.41
v 14.912 0.761712 -158.891
f 2193/9089/195 1971/8542/195 2062/8055/195 1978/8056/195 2190/8057/195 2194/8053/195 

usemtl Color_M05
v 14.912 0.527352 -158.678
vt -1634.96 170.638
vt -1616.48 179.867
vt -1635.05 179.867
f 2195/9090/196 1971/9091/196 2193/9092/196

vt -771.843 -1478.8
vt -790.186 -1488.31
vt -772.358 -1488.31
f 1971/9093/197 2195/9094/197 1968/9095/197

vt -790.186 20.7619
vt -772.358 18.695
vt -772.358 20.7619
f 2195/9096/676 2010/9097/676 1968/9098/676

vt -1160.97 -2914.94
vt -1178.77 -2912.59
v 14.912 0.474854 -158.708
vt -1179.09 -2914.94
f 2010/9099/199 2195/9100/199 2196/9101/199

usemtl FrontColor
vt -6248.33 18.695
vt -6247.16 20.7619
v 14.912 0.527352 -158.891
vt -6255.56 20.7619
v 14.912 0.474854 -158.891
vt -6255.56 18.695
f 2196/9102/2 2195/9103/2 2197/9104/2 2198/9105/2 

vt 587.085 6247.16
f 2195/9106/195 1968/8269/195 1970/8055/195 1969/8056/195 2108/8057/195 2197/8053/195 

vt 6249.71 20.7619
vt 6243.27 20.7619
vt 6243.27 18.695
vt 6249.71 18.695
f 1970/9107/212 1968/9108/212 2010/9109/212 2011/9110/212 

vt 6249.71 29.9887
vt 6240.91 29.9887
f 2062/9111/212 1971/9112/212 1968/9108/212 1970/9107/212 

vt 6243.27 32.4404
f 1977/9080/212 1972/9113/212 1971/9112/212 2062/9111/212 

vt 6245.55 36.5008
f 1974/9079/212 1973/9114/212 1972/9113/212 1977/9080/212 

vt 587.085 6248.33
f 1889/9115/195 1973/8290/195 1974/8055/195 1907/8056/195 1891/8057/195 1890/8053/195 

usemtl Color_M05
vt -406.5 1398.53
vt -389.026 1402.7
vt -406.645 1402.7
f 2191/9116/410 1973/9117/410 1889/9118/410

vt -855.618 3004.36
vt -872.975 2999.73
vt -855.093 2999.73
f 1973/9119/411 2191/9120/411 1972/9121/411

usemtl FrontColor
vt -6247.41 32.4404
vt -6255.56 32.4404
f 2191/9122/2 1889/8061/2 1890/8063/2 2192/9123/2 

f 1890/8063/2 1891/8065/2 2112/9076/2 2192/9123/2 

vt -587.085 32.4404
vt -588.279 32.4404
f 2112/9124/1 1891/9077/1 1907/9078/1 1975/8300/1 2111/9125/1 

f 1975/8300/1 1907/9078/1 1951/8225/1 1953/8224/1 

vt -619.838 45.5104
f 1907/9078/1 1884/8073/1 2102/9126/1 1951/8225/1 

vt -619.838 55.2713
f 2084/9127/1 2102/9126/1 1884/8073/1 1885/8072/1 

vt -630.708 55.2713
vt -630.708 45.5104
f 2100/9128/1 1931/9129/1 2102/9126/1 2084/9127/1 

vt 6271.5 55.2713
f 2079/8076/212 2081/9130/212 2100/8048/212 1931/8047/212 2080/8619/212 

vt -4006.63 -2568.74
vt -3993.57 -2568.74
vt -4000.43 -2557.19
f 2079/9131/457 1945/9132/457 2081/9133/457

vt -4003.26 -326.373
vt -3993.57 -322.229
vt -4006.63 -322.229
f 1942/9134/456 1945/9135/456 2079/9136/456

vt 639.918 6271
f 2080/8755/195 1931/8215/195 2101/8249/195 1945/9137/195 2079/8217/195 

vt -639.918 45.5104
v 16.2539 1.05101 -159.094
vt -639.918 41.3782
vt -638.336 41.3782
vt -633.309 41.3782
vt -630.708 41.3782
f 2101/9138/1 2199/9139/1 1940/9140/1 1939/9141/1 1930/9142/1 1931/9129/1 

v 16.3004 1.04154 -159.094
vt -641.748 41.0056
v 16.2539 0.984331 -159.094
vt -639.918 38.7532
f 2200/9143/1 2074/8604/1 2076/8603/1 2201/9144/1 2199/9139/1 2101/9138/1 

vt 6263.56 -208.41
vn 0.926467 0.376375 -2.54552e-17
vt 6263.56 -203.547
vt 6256.13 -198.685
vt 6257.65 -208.41
f 2074/9145/1104 2200/9146/1104 1935/9147/1104 1937/9148/1104 

vt 6269.47 -208.41
vn 0.926467 0.376375 -5.09105e-17
vt 6271 -198.685
f 1946/9149/1105 1945/9150/1105 2200/9146/1105 2074/9145/1105 

usemtl Color_M05
vt 6263.56 -198.685
vn 0.926467 0.376375 1.76093e-17
f 2101/9151/1106 2200/9146/1106 1945/9150/1106

f 2101/9151/1106 1935/9147/1106 2200/9146/1106

vt 6263.56 -392.637
vt 6255.63 -392.637
vt 6256.13 -406.057
vt 6263.56 -406.057
f 2100/9152/464 2099/9153/464 1935/9154/464 2101/9155/464 

usemtl FrontColor
vt 619.838 6253.2
vt 619.838 6250.24
vt 630.708 6255.63
f 2096/9156/195 2094/9157/195 2099/9158/195 2100/8215/195 2084/8214/195 

vt 604.483 6255.56
vt 604.483 6252.6
f 1886/9159/195 1881/9160/195 2094/9157/195 2096/9156/195 2084/8214/195 1885/8056/195 

vt 598.751 6256.56
f 1893/9161/195 1881/9160/195 1886/9159/195 1885/8056/195 1892/8651/195 

usemtl Color_M05
vt -3071.69 3361.49
vt -3055.69 3373.77
vt -3062.65 3373.77
f 1887/9162/467 1881/9163/467 1893/9164/467

usemtl FrontColor
vt -6255.56 534.277
vt -6252.6 554.226
vt -6255.56 554.226
f 1887/9165/462 1881/9166/462 1886/9167/462

usemtl Color_M05
vt -3060.23 4476.12
vt -3062.65 4467.97
vt -3055.69 4467.97
f 2093/9168/468 1893/9169/468 1881/9170/468

usemtl FrontColor
v 15.5489 1.52571 -159.094
vt -612.16 60.0674
vt -619.838 60.0674
f 1885/8072/1 2087/8684/1 2202/9171/1 2098/9172/1 2084/9127/1 

vt -619.838 6260.6
vt -604.483 6260.6
vt -612.16 6263.56
f 2095/9173/3 2093/9174/3 2087/8291/3 2202/9175/3 2098/8233/3 

vt -604.483 6266.52
vt -619.838 6266.52
f 2086/9176/3 2090/9177/3 2098/8233/3 2202/9175/3 2087/8291/3 

f 2082/8752/212 2090/8661/212 2098/8662/212 2084/8048/212 2085/8753/212 

usemtl Color_M05
vt 2226.14 -5205.64
vt 2218.61 -5216.09
vt 2230.74 -5216.09
f 2090/9178/432 2081/9179/432 2082/9180/432

vt 6271.5 -554.731
vt 6266.52 -542.85
f 2081/9181/437 2090/9182/437 2098/8704/437 2100/8703/437 

usemtl FrontColor
f 2084/9127/1 2098/9172/1 2100/9128/1

vt 630.708 6271.5
f 2082/8649/195 2085/8648/195 2084/8214/195 2100/8215/195 2081/9183/195 

usemtl Color_M05
vt 6271.5 -392.637
vn 0.727344 0.686273 -2.20209e-17
vt 6271 -406.057
f 2081/9184/1107 2100/9152/1107 2101/9155/1107 1945/9185/1107 

usemtl FrontColor
f 1931/9129/1 2100/9128/1 2101/9138/1

vt 6273.1 32.4404
vt 6269.47 36.5008
f 2077/9186/212 1946/9187/212 2074/8126/212 2073/8127/212 

vt -5046.74 -1544.77
vt -5049.86 -1549.24
vt -5043.79 -1549.24
f 1946/9188/386 2077/9189/386 2118/9190/386

vt -3790.71 -2736
vt -3788.19 -2740.86
vt -3785.72 -2736
f 1948/9191/978 2077/9192/978 1946/9193/978

vt 646.694 6267.9
f 2118/9194/195 2077/8608/195 2073/8555/195 2119/8569/195 

vt 6263.56 -603.996
vt 6273.1 -603.996
f 1920/8132/980 1919/8131/980 2073/9195/980 2077/9196/980 

vt 6251.74 29.9887
f 1919/8580/212 2065/9197/212 2066/8981/212 2067/8268/212 2073/8127/212 

usemtl Color_M05
vt 5871.77 885.747
vt 5877.91 883.091
vt 5879.95 885.747
f 1923/9198/1022 2065/9199/1022 1919/9200/1022

vt 5726.79 677.691
vt 5720.6 680.223
vt 5719.51 677.691
f 2065/9201/1021 1923/9202/1021 1957/9203/1021

usemtl FrontColor
vt -5722.62 678.483
vt -5719.51 688.024
vt -5726.79 688.024
f 2068/9204/1030 1957/9205/1030 2065/9206/1030

vt -4953.37 702.085
vt -4956.96 692.715
vt -4951.66 692.715
f 1957/9207/1029 2068/9208/1029 1960/9209/1029

vt 2908.3 14.9882
vn 0.370498 0 0.928833
vt 2912.24 14.9882
vt 2912.24 18.695
vt 2912.24 20.7619
vt 2908.3 29.9887
vt 2908.3 20.7619
vt 2908.3 18.695
f 1985/9210/1108 2172/9211/1108 2171/9212/1108 2068/9213/1108 1957/9214/1108 1980/9215/1108 2176/9216/1108 

vt -643.578 6248.4
f 2172/9018/3 1985/8334/3 1993/8336/3 2127/8851/3 2173/9217/3 

vt 6248.4 18.695
vt 6245.45 18.695
f 2177/9218/212 2176/9219/212 1985/9032/212 1993/8333/212 2028/8331/212 

f 1981/8550/212 1980/8549/212 2176/9219/212 2177/9218/212 2028/8331/212 1982/8267/212 

f 1960/8305/195 2068/8991/195 2169/8555/195 1982/8249/195 1981/8306/195 1980/8248/195 

f 2067/8268/212 2066/8981/212 2065/9197/212 2068/8998/212 2169/8267/212 

f 2067/8607/1 2169/8994/1 1982/8547/1 1958/8546/1 

vt -646.694 29.9887
f 2071/9220/1 2165/8995/1 2169/8994/1 2067/8607/1 

f 2151/8944/1 2152/8943/1 2165/8995/1 2071/9220/1 

vt 6257.64 29.9887
f 2154/9221/212 2157/8962/212 2159/8964/212 2152/8267/212 2151/8268/212 

f 2069/8992/195 2157/8946/195 2159/8948/195 2152/8933/195 2165/8569/195 

vt 651.515 6276.65
vt 646.694 6278.37
vt 651.515 6274.77
f 2121/9222/195 2122/9223/195 2165/8569/195 2152/8933/195 2150/9224/195 

usemtl Color_M05
vt 1492.16 -3012.12
vt 1497.7 -3014.51
vt 1497.27 -3012.12
f 2121/9225/363 2129/9226/363 2122/9227/363

vt 1586.24 -2844.3
vt 1580.68 -2841.95
vt 1581.09 -2844.29
f 2129/9228/362 2121/9229/362 2149/9230/362

usemtl FrontColor
vt 6277.82 18.695
f 2149/9231/212 2121/8930/212 2150/8932/212 2152/8267/212 2163/8331/212 

vt 662.071 6272.16
f 2146/9232/195 2121/9222/195 2150/9224/195 2152/8933/195 2156/8899/195 

vt -651.515 18.695
v 16.8166 0.474854 -159.094
vt -662.071 18.695
f 2163/9233/1 2152/8943/1 2156/8942/1 2203/9234/1 

f 2167/8996/1 2165/8995/1 2152/8943/1 2163/9233/1 

vt 6279.62 18.6844
vt 6278.37 20.7619
v 16.426 0.474854 -159.471
vt 6278.37 18.695
f 2129/9235/212 2122/9236/212 2165/8267/212 2167/8331/212 2204/9237/212 

usemtl Color_M05
vt 2058.97 -2849.78
vt 2055.01 -2847.42
vt 2055.54 -2849.79
f 2128/9238/364 2122/9239/364 2129/9240/364

vt 2638.91 -1893.77
vt 2642.96 -1895.96
vt 2642.53 -1893.77
f 2122/9241/365 2128/9242/365 2123/9243/365

usemtl FrontColor
vt 6281.06 18.695
vt 6280.21 20.7619
vt 6280.21 18.695
f 2128/9244/212 2123/9245/212 2125/9246/212

vt -4096.06 -1295.58
vt -4091.39 -1297.73
vt -4090.77 -1295.58
f 2030/9247/947 2128/9248/947 2123/9249/947

vt -3091.2 865.591
vt -3095.9 867.683
vt -3095.68 865.591
f 2128/9250/948 2030/9251/948 2025/9252/948

vt 6281.67 18.695
vt 6283.64 18.695
vt 6284.03 20.7619
f 2026/9253/212 2025/9254/212 2030/9255/212 2032/8804/212 

f 2024/8506/212 2025/9254/212 2026/9253/212

vt -643.578 6281.06
f 2025/8411/3 2128/9256/3 2125/8849/3 2170/8851/3 2028/8336/3 2027/8413/3 2026/8412/3 

vt 6280.21 14.9882
f 2128/9244/212 2125/9246/212 2124/9257/212

vt 6278.72 14.9882
f 2126/9258/212 2124/9257/212 2125/9246/212 2170/8331/212 2127/8333/212 

vt 6276.14 6.3545
v 16.3469 0.161404 -159.094
f 2131/9259/212 2124/9257/212 2126/9258/212 2127/8333/212 2205/8344/212 

usemtl Color_M05
vt 1727.52 2442.68
vt 1732.97 2452.11
vt 1729.03 2452.11
f 2131/9260/1027 2024/9261/1027 2124/9262/1027

vt 3289.97 1342.23
vt 3283.7 1333.32
vt 3288.3 1333.32
f 2024/9263/1028 2131/9264/1028 2055/9265/1028

vt -643.578 6276.14
f 2205/8851/3 2056/8336/3 2055/8507/3 2131/9266/3 

vt -643.578 6250.99
f 2056/8336/3 2205/8851/3 2178/9267/3 1994/9033/3 

usemtl FrontColor
vt -639.918 14.9882
vt -643.578 14.9882
vt -643.578 6.3545
vt -639.918 6.3545
f 1993/9268/1 2127/9269/1 2205/9270/1 2056/9271/1 

vt -639.918 18.695
f 2028/9272/1 2170/8993/1 2127/9269/1 1993/9268/1 

f 1982/8547/1 2169/8994/1 2170/8993/1 2028/9272/1 

vt 643.578 6280.21
f 2123/9273/195 2030/8424/195 2032/8426/195 2031/8425/195 1982/8249/195 2169/8555/195 

vt -4087.28 -1606.93
vt -4096.06 -1616.74
vt -4090.77 -1616.74
f 2115/9274/955 2030/9275/955 2123/9276/955

vt -5109 -453.884
vt -5099.69 -444.581
vt -5106.96 -444.581
f 2030/9277/956 2115/9278/956 2034/9279/956

f 2032/8804/212 2030/9255/212 2034/8802/212

vt 6275.38 29.9887
f 2116/8819/212 2067/8268/212 2169/8267/212 2123/9245/212 2115/9280/212 

f 2115/9280/212 2077/9186/212 2073/8127/212 2067/8268/212 2116/8819/212 

vt -646.694 32.4404
f 2067/8607/1 2073/8605/1 2119/9281/1 2071/9220/1 

vt 643.578 6254.02
vt 646.694 6259.22
f 1919/9282/195 2072/9283/195 2119/8569/195 2073/8555/195 

vt 6259.22 -561.732
vt 6263.56 -561.732
f 2072/9284/944 2154/8940/944 2151/8936/944 2119/9285/944 

vt 651.515 6257.64
f 2154/9286/195 2151/8933/195 2071/8569/195 2070/8568/195 

f 2071/9220/1 2119/9281/1 2151/8944/1

vn 0.453295 0.89136 -3.03044e-17
vt 6267.9 -561.732
f 2120/8939/1109 2118/9287/1109 2119/9285/1109 2151/8936/1109 

vt 6267.9 -367.951
vn 0.793347 0.608769 -1.27177e-17
vt 6269.47 -362.833
vt 6263.56 -362.833
vt 6263.56 -367.951
f 2118/9288/1110 1946/9289/1110 2074/9290/1110 2119/9291/1110 

vt 6257.65 -362.833
vn 0.793347 0.608769 1.27177e-17
vt 6259.22 -367.951
f 1937/9292/1111 2072/9293/1111 2119/9291/1111 2074/9290/1111 

f 2073/8605/1 2074/8604/1 2119/9281/1

f 2117/8935/195 2115/8805/195 2116/8806/195 2067/8555/195 2071/8569/195 

f 2122/9236/212 2117/8819/212 2071/8268/212 2165/8267/212 

f 2169/8555/195 2165/8569/195 2122/9223/195 2123/9273/195 

f 2170/8331/212 2125/9246/212 2123/9245/212 2169/8267/212 

vt 6278.72 18.695
f 2032/8804/212 2031/8803/212 1982/8267/212 2028/8331/212 2027/9294/212 2026/9253/212 

vt -630.708 18.695
f 2028/9272/1 1991/9295/1 1979/8545/1 1982/8547/1 

f 1984/9016/3 1983/8325/3 1991/8234/3 2028/8336/3 2177/9017/3 2176/8334/3 

f 1993/9268/1 1992/8490/1 1991/9295/1 2028/9272/1 

f 2056/9271/1 1996/8486/1 1992/8490/1 1993/9268/1 

vt 6275.95 6.3545
f 2021/8399/212 1992/8333/212 1996/8344/212 2052/9296/212 

vt -619.838 18.695
f 1990/9297/1 1991/9295/1 1992/8490/1 1998/8489/1 

f 1966/8543/1 1979/8545/1 1991/9295/1 1990/9297/1 

f 2018/8294/3 2017/8410/3 2022/8414/3 1991/8234/3 1990/8233/3 2042/8295/3 

f 1998/8333/212 2054/8523/212 2042/8458/212 1990/8331/212 

f 1997/8371/212 1998/8333/212 1990/8331/212 1989/8378/212 

f 1999/8358/212 2003/8344/212 1998/8333/212 1997/8371/212 

vt -604.483 18.695
f 2012/9298/1 1990/9297/1 1998/8489/1 2009/8524/1 

f 1969/8544/1 1966/8543/1 1990/9297/1 2012/9298/1 

f 1989/8378/212 1990/8331/212 1966/8267/212 1965/8266/212 1963/8262/212 

f 2011/9110/212 2012/8331/212 1969/8267/212 1970/9107/212 

vt 6249.71 14.9882
f 2008/9299/212 2009/8333/212 2012/8331/212 2011/9110/212 

v 14.912 0.380699 -158.734
vt -587.085 6249.35
v 14.912 0.380699 -158.891
f 2007/8373/3 2206/9300/3 2207/9082/3 2186/8775/3 2009/8291/3 2008/8297/3 

vt 745.166 -2653.82
vt 762.085 -2644.28
vt 744.275 -2644.28
f 2005/9301/209 2206/9302/209 2007/9303/209

v 14.912 0.161404 -158.85
vt 908.633 -2850.3
vt 907.546 -2840.58
vt 890.727 -2850.3
f 2208/9304/208 2206/9305/208 2005/9306/208

vt -6253.95 6.3545
vt -6249.35 14.9882
vt -6255.56 14.9882
v 14.912 0.161404 -158.891
vt -6255.56 6.3545
f 2208/9307/2 2206/9308/2 2207/9309/2 2209/9310/2 

f 2206/9308/2 2196/9102/2 2198/9105/2 2207/9309/2 

vt 762.085 -1610.12
vt 761.866 -1606.28
vt 744.275 -1610.12
f 2206/9311/210 2196/9312/210 2007/9313/210

vt 1161.61 -3115.05
vt 1179.09 -3110.75
vt 1160.97 -3110.75
f 2007/9314/211 2196/9315/211 2010/9316/211

vt -587.085 6248.33
f 2010/8296/3 2196/9317/3 2198/9082/3 2189/8775/3 2012/8291/3 2011/8297/3 

f 2198/9105/2 2189/9072/2 2186/9073/2 2207/9309/2 

f 2197/9104/2 2108/9074/2 2189/9072/2 2198/9105/2 

vt -6255.56 29.9887
f 2194/9318/2 2190/9075/2 2108/9074/2 2197/9104/2 

f 2192/9123/2 2112/9076/2 2190/9075/2 2194/9318/2 

vt -587.085 29.9887
f 2190/9319/1 2112/9124/1 2111/9125/1 1975/8300/1 1978/8299/1 

f 2062/9111/212 1978/8268/212 1975/8127/212 1977/9080/212 

f 1970/9107/212 1969/8267/212 1978/8268/212 2062/9111/212 

vt -587.085 20.7619
f 1978/8299/1 1969/8544/1 2108/9320/1 2190/9319/1 

vt -587.085 18.695
f 2012/9298/1 2189/9321/1 2108/9320/1 1969/8544/1 

vt -587.085 14.9882
f 2009/8524/1 2186/9322/1 2189/9321/1 2012/9298/1 

vt -587.085 6.3545
f 2185/9323/1 2186/9322/1 2009/8524/1 2006/8525/1 

vt -6263.56 6.3545
f 2185/9324/2 2186/9073/2 2184/9059/2 2183/9058/2 

f 2186/9073/2 2185/9324/2 2209/9310/2 2207/9309/2 

v 14.912 0.0521472 -158.891
vt -6255.56 2.05304
v 14.912 0.0521472 -159.094
vt -6263.56 2.05304
f 2210/9325/2 2209/9310/2 2185/9324/2 2211/9326/2 

f 2210/9325/2 2208/9307/2 2209/9310/2

vt 890.727 -2124.59
vt 909.015 -2129.16
vt 908.633 -2124.59
f 2005/9327/230 2210/9328/230 2208/9329/230

usemtl Color_M05
vt 91.864 -4489.5
vt 74.0461 -4495.66
vt 91.5025 -4495.66
f 2005/9330/231 2210/9331/231 2004/9332/231

usemtl FrontColor
f 2210/8053/195 2004/9044/195 2179/8056/195 2211/8057/195 

vt 6249.71 6.3545
f 2005/9333/212 2004/8359/212 2179/8360/212 2006/8344/212 

vt -604.483 2.05304
f 2006/8525/1 2003/8485/1 2002/8488/1 2179/9334/1 

vt -587.085 2.05304
f 2179/9334/1 2211/9335/1 2185/9323/1 2006/8525/1 

f 2049/9045/195 2180/8093/195 2211/8057/195 2179/8056/195 

vt -6271.56 2.05304
f 2183/9058/2 2180/9336/2 2211/9326/2 2185/9324/2 

f 2181/9057/2 2180/9336/2 2183/9058/2

vt -587.085 6253.95
f 2005/8297/3 2208/9337/3 2209/9082/3 2185/8775/3 2006/8291/3 

f 2005/9333/212 2006/8344/212 2009/8333/212 2008/9299/212 

vt 6245.55 14.9882
f 2008/9299/212 2007/9338/212 2005/9333/212

f 2011/9110/212 2010/9109/212 2007/9338/212 2008/9299/212 

vt -587.085 6278.8
f 2187/9339/3 2043/8293/3 2044/8292/3 2012/8291/3 2189/8775/3 2188/8776/3 

vt 2315.16 2991.67
vt 2332.64 2987.37
vt 2333.28 2991.67
f 2187/9340/239 2046/9341/239 2043/9342/239

vt 6283.85 18.695
vt 6277.41 18.695
f 2043/9343/212 2044/9344/212 2057/9061/212 2046/9062/212 

vt 6283.85 20.7619
f 2045/9345/212 2058/8761/212 2044/9344/212 2043/9343/212 

vt 6286.21 29.9887
f 2060/9346/212 2061/8760/212 2058/8761/212 2045/9345/212 

vt 587.085 6279.72
f 2060/8541/195 2109/9347/195 2110/8093/195 2190/8057/195 1978/8056/195 2061/8094/195 

f 1909/8759/212 1976/8758/212 2061/8760/212 2060/9346/212 

f 2012/8331/212 2044/9344/212 2058/8761/212 1969/8267/212 

f 2009/8333/212 2057/9061/212 2044/9344/212 2012/8331/212 

usemtl Color_M05
vt -1961.05 18.695
vn -0.218199 -2.57406e-16 -0.975904
vt -1943.22 20.7619
vt -1961.05 20.7619
f 2043/9348/1112 2106/9349/1112 2045/9350/1112

vt -2315.48 2808.34
vt -2333.28 2805.99
vt -2315.16 2805.99
f 2106/9351/479 2043/9352/479 2187/9353/479

usemtl FrontColor
f 2106/8771/2 2187/9070/2 2188/9071/2 2107/8772/2 

vt -6247.41 29.9887
f 2191/9122/2 2192/9123/2 2194/9318/2 2193/9354/2 

f 2197/9104/2 2195/9103/2 2193/9354/2 2194/9318/2 

f 2026/9253/212 2027/9294/212 2028/8331/212 1993/8333/212 2024/8506/212 

vt 6243.48 18.695
vt 6243.09 20.7619
f 1984/9355/212 2176/9219/212 1980/8549/212 1960/9356/212 

f 1984/9355/212 1985/9032/212 2176/9219/212

f 1960/9356/212 1980/8549/212 1957/8548/212

vt -646.694 14.9882
f 2167/8996/1 2175/9357/1 2127/9269/1 2170/8993/1 

vt 6248.75 14.9882
f 2164/8983/212 2174/9358/212 2175/8333/212 2167/8331/212 2166/8984/212 

vt -2801.99 -1684.59
vt -2797.28 -1688.48
vt -2796.84 -1684.6
f 2162/9359/313 2174/9360/313 2164/9361/313

vt -1348.81 14.9882
vt -1353.66 18.695
v 16.5485 0.380699 -158.732
vt -1353.66 14.9882
f 2174/9362/314 2162/9363/314 2212/9364/314

vt -3083.64 18.695
vt -3095.14 18.6599
v 16.8166 0.380699 -158.849
vt -3095.14 14.9882
vt -3083.64 14.9882
f 2162/9365/664 2160/9366/664 2213/9367/664 2212/9368/664 

v 17.0093 0.474854 -158.903
vt -2345.66 18.695
vt -2337.77 14.9882
vt -2337.77 18.6599
f 2214/9369/1032 2213/9370/1032 2160/9371/1032

vt -3919.93 -2555.66
vt -3927.48 -2551.31
v 17.0093 0.380699 -158.971
vt -3928.93 -2555.66
f 2213/9372/326 2214/9373/326 2215/9374/326

usemtl Color_B08
vt 6045.33 -451.024
v 17.0457 0.474854 -158.992
vt 6046.62 -447.179
vt 6042.84 -447.179
f 2215/9375/327 2216/9376/327 2214/9377/327

vt 6263.56 255.598
v 17.0457 0.474854 -159.094
vt 6263.56 259.572
vt 6259.52 259.572
vt 6258.72 255.598
f 2141/9378/984 2217/9379/984 2216/9380/984 2215/9381/984 

usemtl FrontColor
vt -671.092 18.695
vt -669.658 14.9882
v 17.0093 0.474854 -159.094
vt -669.658 18.695
f 2217/9382/1 2141/9383/1 2218/9384/1

usemtl Color_B08
vt 6268.41 255.598
v 17.0457 0.474854 -159.197
vt 6267.6 259.572
f 2217/9379/983 2141/9378/983 2140/9385/983 2219/9386/983 

usemtl FrontColor
vt 6271.1 18.695
vt 6268.41 14.9882
f 2144/9387/212 2218/8331/212 2141/8333/212 2140/9388/212 

vt 6268.41 20.7619
f 2218/8331/212 2144/9387/212 2148/9389/212 2153/8267/212 

vt 669.658 6271.1
vt 671.092 6263.56
vt 671.092 6267.6
f 2144/9390/195 2218/8900/195 2217/9391/195 2219/9392/195 

vt 669.658 6256.02
vt 671.092 6259.52
f 2218/8900/195 2214/9393/195 2216/9394/195 2217/9391/195 

vt 6256.02 18.695
vt 6258.72 14.9882
f 2218/8331/212 2214/9395/212 2215/9396/212 2141/8333/212 

vt 6258.72 20.7619
f 2214/9395/212 2218/8331/212 2153/8267/212 2155/9397/212 

f 2218/9384/1 2153/8945/1 2217/9382/1

f 2203/9234/1 2156/8942/1 2153/8945/1 2218/9384/1 

vt 6254.97 20.7619
vt 6253.9 18.695
f 2158/9398/212 2161/9399/212 2203/8331/212 2156/8267/212 

vt 2332.69 2620.82
vt 2325.09 2623.13
vt 2324.81 2620.82
vt 2324.8 2620.78
f 2214/9400/319 2158/9401/319 2161/9402/319 2160/9403/319 

vt 3364.88 4049.99
vt 3372.15 4046.81
vt 3373.34 4049.99
f 2158/9404/320 2214/9405/320 2155/9406/320

usemtl Color_B08
vt 6046.62 792.681
vt 6045.33 794.986
vt 6042.84 792.681
f 2216/9407/321 2155/9408/321 2214/9409/321

vt 6258.72 -364.689
vt 6259.52 -367.205
vt 6263.56 -367.205
vt 6263.56 -364.689
f 2155/9410/666 2216/9411/666 2217/9412/666 2153/9413/666 

vt 6267.6 -367.205
vn 0.821601 0.570063 -1.28774e-17
vt 6268.41 -364.689
f 2219/9414/1113 2148/9415/1113 2153/9413/1113 2217/9412/1113 

vt 5546.52 -1308.18
vt 5545.23 -1310.48
vt 5549.01 -1310.48
f 2148/9416/498 2219/9417/498 2144/9418/498

vt 5545.23 813.775
vt 5546.52 809.93
vt 5549.01 813.775
f 2219/9419/497 2140/9420/497 2144/9421/497

usemtl FrontColor
vt 3356.6 3261.24
vt 3364.88 3249.61
vt 3373.34 3249.61
f 2154/9422/519 2158/9423/519 2155/9424/519

vt 6253.88 18.6599
vt 6253.88 14.9882
v 16.8166 0.380699 -159.026
vt 6260.87 14.9882
f 2160/9425/212 2213/9426/212 2220/9427/212 2143/8333/212 2203/8331/212 2161/9399/212 

vt 651.515 6249.3
vt 662.071 6253.88
vt 662.071 6260.87
v 16.5485 0.380699 -159.094
f 2212/9428/195 2213/9429/195 2220/9430/195 2143/8899/195 2221/8933/195 

v 16.8166 0.161404 -158.974
vt -3097.11 -2547.59
vt -3083.64 -2537.83
vt -3095.14 -2537.83
f 2222/9431/330 2212/9432/330 2213/9433/330

vt -3715.74 -1601.1
vt -3729.67 -1610.21
v 16.5485 0.161404 -158.818
vt -3717.44 -1610.21
f 2212/9434/331 2222/9435/331 2223/9436/331

vt -3717.44 -4709.99
vt -3729.67 -4709.99
v 16.5485 0.0970622 -159.006
vt -3721.17 -4716.86
f 2223/9437/332 2222/9438/332 2224/9439/332

vt -662.071 6258.84
vt -651.515 6252.67
f 2222/9440/3 2223/9441/3 2137/8882/3 2136/8881/3 

v 16.426 0.161404 -158.783
vt -646.694 6251.3
v 16.426 0.161404 -158.831
vt -646.694 6253.18
v 16.426 0.161404 -159.094
vt -646.694 6263.56
f 2223/9441/3 2225/9442/3 2226/9443/3 2227/9444/3 2137/8882/3 

vt -2334.11 -5505.24
vt -2327.09 -5497.69
vt -2332.1 -5497.69
f 2224/9445/335 2225/9446/335 2223/9447/335

vt -1265.61 -5882.22
vt -1271.28 -5890.84
vt -1262.48 -5882.22
f 2225/9448/1037 2224/9449/1037 2178/9450/1037

usemtl Color_M05
vt -6260.06 -619.507
vn -0.304055 -0.952655 -1.63111e-17
vt -6250.99 -611.175
vt -6263.56 -611.175
f 2224/9451/1114 2178/9452/1114 2205/9453/1114

usemtl FrontColor
f 2225/9442/3 2178/9267/3 2205/8851/3 2227/9444/3 2226/9443/3 

vt -1262.48 -1726.73
vt -1265.36 -1717.73
vt -1265.61 -1726.73
f 2178/9454/1034 2174/9455/1034 2225/9456/1034

vt -3737.16 -1887.21
vt -3735.61 -1896.53
vt -3733.54 -1887.21
f 2174/9457/1035 2178/9458/1035 2172/9459/1035

vt 6250.99 6.3545
f 2172/8999/212 2178/9460/212 2205/8344/212 2127/8333/212 2173/9000/212 

vt -646.694 6.3545
f 2175/9357/1 2227/9461/1 2205/9270/1 2127/9269/1 

vt 6253.18 6.3545
vt 6251.3 6.3545
f 2226/9462/212 2227/8344/212 2175/8333/212 2174/9358/212 2225/9463/212 

v 16.426 0.161404 -159.358
vt 6273.94 6.3545
vt 6275.82 6.3545
vt 6278.37 14.9882
f 2227/8344/212 2228/9464/212 2132/9465/212 2130/9466/212 2175/8333/212 

vt -646.694 6275.82
vt -646.694 6273.94
f 2132/9467/3 2134/8879/3 2137/8882/3 2227/9444/3 2228/9468/3 

vt -1085.32 2196.24
vt -1089.42 2187.02
vt -1084.41 2187.02
f 2138/9469/357 2132/9470/357 2134/9471/357

vt 6275.82 320.84
vt 6277.82 330.729
vt 6273.94 320.84
f 2132/9472/1038 2138/9473/1038 2228/9474/1038

vt -66.7717 1779.56
vt -62.2072 1788.56
vt -67.0594 1788.56
f 2132/9475/359 2138/9476/359 2130/9477/359

vt 651.515 6277.82
f 2138/9478/195 2130/9223/195 2175/8569/195 2221/8933/195 

vt -62.2072 18.695
vn -0.113024 -1.65788e-17 0.993592
vt -67.0594 14.9882
vt -62.2072 14.9882
f 2149/9479/1115 2130/9480/1115 2138/9481/1115

vt -1596.45 1862.77
vt -1591.74 1866.66
vt -1596.89 1866.65
f 2130/9482/361 2149/9483/361 2129/9484/361

f 2130/9466/212 2129/9235/212 2204/9237/212 2167/8331/212 2175/8333/212 

vt -651.515 14.9882
f 2163/9233/1 2221/9485/1 2175/9357/1 2167/8996/1 

vt 6249.3 14.9882
f 2162/8963/212 2212/9486/212 2221/8333/212 2163/8331/212 

vt 6252.67 6.3545
f 2212/9486/212 2223/9487/212 2137/8344/212 2221/8333/212 

vt -2327.09 -2043.03
vt -2331.18 -2033.81
vt -2332.1 -2043.03
f 2225/9488/354 2212/9489/354 2223/9490/354

vt -1353.66 -1710.43
vt -1349.1 -1719.42
vt -1348.81 -1710.43
f 2212/9491/356 2225/9492/356 2174/9493/356

vt 6249.3 330.729
vn 0.873098 -0.487545 -1.12472e-15
vt 6251.3 320.84
vt 6253.18 320.84
f 2212/9494/1116 2225/9495/1116 2226/9496/1116

f 2174/8992/195 2212/9428/195 2221/8933/195 2175/8569/195 

vt -651.515 6.3545
f 2221/9485/1 2137/9497/1 2227/9461/1 2175/9357/1 

vt -662.071 14.9882
vt -662.071 6.3545
f 2143/9498/1 2136/9499/1 2137/9497/1 2221/9485/1 

vt 6258.84 6.3545
f 2220/9427/212 2213/9426/212 2222/9500/212 2136/8344/212 2143/8333/212 

vt 669.658 6258.72
f 2213/9429/195 2215/9501/195 2141/8900/195 2143/8899/195 2220/9430/195 

usemtl Color_M00
vt 3922.6 -2138.75
vt 3928.93 -2129.16
vt 3919.93 -2129.16
f 2222/9502/328 2215/9503/328 2213/9504/328

usemtl FrontColor
vn 0.751177 -0.660101 1.25008e-17
vt 6258.72 453.301
vt 6258.84 441.807
f 2141/8893/1117 2215/9505/1117 2222/9506/1117 2136/8894/1117 

vt 6258.84 645.279
vn 0.233334 -0.972397 -1.43396e-17
vt 6260.06 634.422
v 16.5485 0.0970622 -159.094
vt 6263.56 634.422
vt 6263.56 645.279
f 2222/9507/1118 2224/9508/1118 2229/9509/1118 2136/9510/1118 

vt -6260.06 3.82135
vn -1 -2.69277e-13 -7.68933e-30
vt -6252.67 6.3545
vt -6263.56 3.82135
f 2224/9511/1119 2223/9512/1119 2137/9324/1119 2229/9513/1119 

vt -6274.46 6.3545
vn -1 -2.69277e-13 7.68933e-30
vt -6267.06 3.82135
f 2134/9514/1120 2133/9515/1120 2229/9513/1120 2137/9324/1120 

vt 6267.06 634.422
vt 6268.29 645.279
f 2133/9516/1043 2135/9517/1043 2136/9510/1043 2229/9509/1043 

vt 6273.24 14.9882
vt 6266.25 14.9882
vt 6268.29 6.3545
f 2139/9518/212 2142/9519/212 2143/8333/212 2136/8344/212 2135/9520/212 

vt 6273.24 18.6599
vt 6273.23 18.695
f 2139/9518/212 2145/9521/212 2147/9522/212 2203/8331/212 2143/8333/212 2142/9519/212 

vt -1887.97 18.6599
vt -1899.48 18.695
vt -1899.48 14.9882
vt -1887.97 14.9882
f 2145/9523/945 2149/9524/945 2138/9525/945 2139/9526/945 

vt 6277.82 14.9882
f 2138/9527/212 2149/9231/212 2163/8331/212 2221/8333/212 

f 2203/9234/1 2143/9498/1 2221/9485/1 2163/9233/1 

f 2218/9384/1 2141/9383/1 2143/9498/1 2203/9234/1 

f 2141/9383/1 2136/9499/1 2143/9498/1

f 2139/8897/195 2138/9478/195 2221/8933/195 2143/8899/195 2142/8898/195 

vt 6274.46 6.3545
f 2134/9528/212 2138/9527/212 2221/8333/212 2137/8344/212 

vt 6272.16 20.7619
f 2147/9522/212 2146/9529/212 2156/8267/212 2203/8331/212 

vt -651.515 3.82135
f 2136/9499/1 2229/9530/1 2137/9497/1

f 2229/9530/1 2205/9270/1 2227/9461/1 2137/9497/1 

vt -6263.56 -619.507
f 2224/9451/670 2205/9453/670 2229/9531/670

vt -6267.06 -619.507
f 2205/9453/670 2133/9532/670 2229/9531/670

usemtl Color_M05
vt -6276.14 -611.175
vn -0.304055 -0.952655 -2.44666e-17
f 2131/9533/1121 2133/9532/1121 2205/9453/1121

usemtl FrontColor
f 2131/9266/3 2132/9467/3 2228/9468/3 2227/9444/3 2205/8851/3 

vt 643.578 6278.72
f 2130/9223/195 2124/9273/195 2126/9534/195 2127/8555/195 2175/8569/195 

vt -630.708 38.7532
v 16.0861 0.984331 -159.094
vt -633.309 38.7532
v 16.2137 0.984331 -159.094
vt -638.336 38.7532
f 2201/9144/1 2076/8603/1 1916/8226/1 1929/9535/1 2230/9536/1 2231/9537/1 

f 1951/8225/1 2102/9126/1 1931/9129/1 1930/9142/1 1929/9535/1 1916/8226/1 

f 1940/9140/1 2199/9139/1 2201/9144/1 2231/9537/1 2230/9536/1 1929/9535/1 1930/9142/1 1939/9141/1 

v 16.2137 0.984331 -158.904
f 2232/8187/3 1938/8183/3 1934/8184/3 2230/8185/3 2231/8186/3 

vt -6254.7 623.182
vt -6256.04 623.182
f 1938/9538/682 2232/9539/682 1921/8595/682 2075/8597/682 

v 16.2137 0.984331 -159.285
f 1947/8189/3 2233/8190/3 2231/8186/3 2230/8185/3 1950/8188/3 

vt -6271.08 623.182
vn -0.283176 0.959068 -5.62882e-14
vt -6272.42 623.182
f 2233/9540/1122 1947/9541/1122 1949/8213/1122 1915/8212/1122 

vt -4263.26 41.3782
vt -4270.83 41.3782
vt -4270.83 38.7532
vt -4263.26 38.7532
f 1943/9542/474 1942/9543/474 1950/9544/474 1947/9545/474 

f 1973/9114/212 1974/9079/212 1883/8046/212 1882/8045/212 

f 2041/8455/212 2015/8457/212 2014/8529/212 2039/8791/212 

usemtl Color_M05
vt -1570.9 -843.069
vt -1588.31 -833.965
vt -1588.52 -843.069
f 1903/9546/395 1896/9547/395 1902/9548/395

usemtl FrontColor
vt -6280.25 557.707
vn -0.459851 0.887996 -8.52158e-17
vt -6278.8 538.114
vt -6277.41 557.707
f 1896/9549/1123 1903/9550/1123 1899/9551/1123

usemtl Color_M05
vt -4055.98 -3862.25
vt -4058.4 -3854.11
vt -4062.94 -3862.25
f 1894/9552/403 2086/9553/403 1897/9554/403

vt 1670.54 -3921.74
vt 1662 -3927.08
vt 1671.87 -3927.08
f 1913/9555/970 2035/9556/970 1914/9557/970

g Mesh18 Model

usemtl dogdog
v 0 7.21911e-16 -0
vt 0 0
vn 0.0254 0 -0
v 0 7.21911e-16 -8
vt 1 0
v 0 4.7205 -8
vt 1 1
v 0 4.7205 -0
vt 0 1
f 2234/9558/1124 2235/9559/1124 2236/9560/1124 2237/9561/1124 

g Mesh19 Model

usemtl dog
v 0 7.21911e-16 -8
v 0 7.21911e-16 -16.52
v 0 4.78219 -16.52
v 0 4.78219 -8
f 2238/9558/1124 2239/9559/1124 2240/9560/1124 2241/9561/1124 

g Mesh20 Model

usemtl dog123
v 0 7.21911e-16 -16.52
v 0 7.21911e-16 -22.82
v 0 4.57642 -22.82
v 0 4.57642 -16.52
f 2242/9558/1124 2243/9559/1124 2244/9560/1124 2245/9561/1124 

g Mesh21 Model

usemtl dog12
v 0 7.21911e-16 -22.82
v 0 7.21911e-16 -30.77
v 0 4.01262 -30.77
v 0 4.01262 -22.82
f 2246/9558/1124 2247/9559/1124 2248/9560/1124 2249/9561/1124 

g Mesh22 Model

usemtl Untitled
v 0 7.21911e-16 -36.77
v 0 4.17722 -36.77
v 0 4.17722 -30.77
f 2247/9558/1124 2250/9559/1124 2251/9560/1124 2252/9561/1124 

g Mesh23 Model

usemtl Untitled_2_
v 0 7.21911e-16 -36.77
v 0 7.21911e-16 -58.23
v 0 14.2977 -58.23
v 0 14.2977 -36.77
f 2253/9558/1124 2254/9559/1124 2255/9560/1124 2256/9561/1124 

g Mesh24 Model

usemtl Untitled_4_
v 0 0 -58.23
vn 0.0254 3.47392e-16 -2.38728e-16
v -1.5038e-13 0 -74.23
v -2.96116e-13 10.6557 -74.23
v -1.45736e-13 10.6557 -58.23
f 2257/9558/1125 2258/9559/1125 2259/9560/1125 2260/9561/1125 

g Mesh25 Model

usemtl Untitled_5_
v -1.5038e-13 0 -90.19
v -1.5038e-13 11.3493 -90.19
v -1.5038e-13 11.3493 -74.23
f 2258/9558/1124 2261/9559/1124 2262/9560/1124 2263/9561/1124 

g Mesh26 Model

usemtl Untitled_3_
v -1.5038e-13 14 -100.693
v -1.5038e-13 14 -90.19
f 2261/9558/1124 22/9559/1124 2264/9560/1124 2265/9561/1124 

